"hh_key","monthnumb","pricepromo","retailpromo","catalogpromo","item","gender","married","income","id"
117514,1,0,1,9,1,"F",0,42500,1
287398,1,0,0,1,1,"F",0,42500,2
469734,1,0,1,8,0,"F",1,250000,3
1054974,1,0,1,7,0,"F",1,137500,4
1060246,1,0,1,9,0,"F",1,62500,5
1061355,1,0,1,6,0,"F",1,87500,6
1061649,1,0,0,5,0,"M",1,225000,7
1062171,1,0,1,6,0,"F",1,250000,8
1063617,1,0,0,6,0,"F",1,250000,9
1068288,1,1,1,8,1,"F",0,30000,10
1071414,1,0,1,6,0,"F",1,62500,11
1077480,1,1,0,1,1,"F",0,62500,12
1081075,1,0,1,7,0,"F",1,250000,13
1081928,1,0,1,6,0,"F",1,62500,14
1082351,1,1,0,2,1,"F",0,30000,15
1087152,1,0,1,8,0,"F",1,187500,16
1089142,1,0,1,6,0,"F",1,87500,17
1091840,1,0,1,7,0,"F",1,30000,18
1094021,1,0,0,1,0,"F",1,87500,19
1094281,1,0,0,1,0,"F",1,62500,20
1100417,1,1,0,6,1,"F",1,62500,21
1100757,1,0,0,3,0,"F",0,112500,22
1102828,1,0,1,9,2,"F",0,62500,23
1103923,1,0,0,1,0,"F",1,225000,24
1107037,1,0,1,8,0,"F",1,112500,25
1108749,1,0,1,8,0,"F",0,87500,26
1108764,1,0,0,6,0,"F",0,62500,27
1111628,1,0,1,6,0,"F",1,137500,28
1111718,1,0,0,1,0,"F",1,112500,29
1114150,1,0,0,4,0,"F",0,30000,30
1117270,1,0,0,1,0,"M",1,20000,31
1120531,1,1,0,7,1,"F",1,62500,32
1122158,1,0,0,8,0,"F",0,62500,33
1128451,1,0,1,6,0,"F",1,42500,34
1136393,1,0,0,8,0,"F",0,112500,35
1136784,1,0,0,6,0,"M",0,225000,36
1139371,1,0,0,4,0,"F",0,42500,37
1139886,1,0,0,6,1,"F",1,112500,38
1144195,1,0,0,9,0,"M",1,250000,39
1144979,1,0,1,11,1,"F",1,112500,40
1145339,1,0,0,2,0,"F",1,62500,41
1145483,1,0,0,1,0,"F",0,7500,42
1146117,1,0,0,6,0,"M",0,87500,43
1147315,1,0,1,6,0,"F",1,187500,44
1148446,1,0,0,8,0,"F",0,20000,45
1149897,1,0,0,1,0,"M",0,30000,46
1149964,1,0,1,10,0,"F",1,42500,47
1150751,1,0,0,7,0,"M",0,7500,48
1150797,1,0,0,8,0,"F",1,162500,49
1151559,1,1,1,10,1,"F",1,112500,50
1151769,1,0,2,8,0,"F",0,112500,51
1152166,1,0,0,9,1,"M",1,137500,52
1152366,1,0,0,4.38461542129517,0,"F",1,87500,53
1153528,1,0,1,7,0,"M",1,62500,54
1153766,1,1,1,8,1,"F",1,162500,55
1155123,1,0,0,1.92708337306976,0,"F",1,112500,56
1156205,1,0,1,10,0,"F",0,112500,57
1156827,1,0,1,9,1,"F",0,7500,58
1157198,1,0,0,4,0,"F",1,20000,59
1165832,1,1,1,8,1,"F",0,62500,60
1166157,1,3,1,16,3,"F",0,137500,61
1167911,1,0,1,9,2,"F",1,87500,62
1168134,1,0,1,9,1,"F",0,162500,63
1168271,1,1,1,7,2,"F",1,112500,64
1171923,1,1,0,4,2,"F",0,62500,65
1172112,1,1,0,3,1,"F",0,20000,66
1174038,1,0,0,3.2710280418396,0,"M",1,112500,67
1174562,1,0,0,5,0,"F",1,62500,68
1174985,1,1,1,7,2,"F",1,62500,69
1176048,1,0,1,9,1,"F",1,62500,70
1179432,1,0,0,7,0,"F",1,87500,71
1179878,1,0,1,3,0,"M",1,62500,72
1180407,1,0,1,6,1,"F",0,62500,73
1180590,1,1,1,7,1,"F",0,112500,74
1180640,1,0,1,3,0,"F",1,62500,75
1181283,1,0,0,3,0,"F",1,62500,76
1181372,1,0,0,1.50793647766113,0,"M",1,62500,77
1181576,1,0,0,5,0,"F",1,87500,78
1182877,1,0,0,5,0,"M",1,62500,79
1184139,1,0,1,9,0,"F",1,20000,80
1184169,1,0,1,9,0,"F",1,112500,81
1184297,1,0,1,8,1,"M",1,112500,82
1184913,1,0,1,4,0,"F",1,87500,83
1185813,1,0,0,3.01980209350586,0,"M",1,87500,84
1185876,1,0,0,1.11764705181122,0,"F",1,137500,85
1186126,1,0,1,7,0,"F",1,62500,86
1187131,1,0,0,1.97826087474823,0,"M",0,42500,87
1187232,1,0,1,8,0,"F",0,62500,88
1187420,1,0,1,10,1,"F",1,87500,89
1187873,1,0,0,10,1,"M",1,112500,90
1187978,1,0,1,7,0,"F",1,62500,91
1188069,1,0,0,3,1,"F",1,162500,92
1188761,1,0,0,3,0,"F",1,162500,93
1188833,1,0,0,3,0,"F",1,62500,94
1189258,1,0,0,5,0,"F",1,225000,95
1189412,1,0,0,2.08641982078552,0,"F",1,20000,96
1189715,1,0,0,3,1,"M",1,162500,97
1189764,1,0,0,1,0,"F",1,137500,98
1190134,1,0,1,8,1,"F",0,20000,99
1190711,1,1,1,8,2,"F",1,162500,100
1191253,1,0,1,9,2,"F",0,62500,101
1191595,1,1,0,5,1,"F",1,62500,102
1191968,1,0,0,2,0,"F",1,112500,103
1192704,1,1,1,9,1,"F",1,62500,104
1192874,1,0,1,7,0,"F",1,62500,105
1193114,1,0,1,7,0,"F",1,162500,106
1193232,1,0,0,3.31428575515747,0,"M",1,112500,107
1193743,1,0,1,7,0,"F",1,20000,108
1193751,1,0,0,3,0,"F",0,42500,109
1193787,1,2,0,4,3,"F",1,62500,110
1194121,1,0,1,7,0,"F",0,42500,111
1194319,1,0,1,8,0,"F",0,62500,112
1194477,1,3,1,13,4,"F",1,112500,113
1195243,1,0,1,8,0,"F",1,62500,114
1195315,1,1,0,7,2,"M",1,112500,115
1195629,1,0,1,8,0,"M",1,62500,116
1196370,1,1,1,10,2,"F",0,137500,117
1196373,1,1,0,4,1,"F",1,87500,118
1196532,1,0,1,10,0,"F",1,112500,119
1196672,1,0,1,5,0,"F",0,62500,120
1196715,1,0,1,7,0,"F",1,62500,121
1196867,1,0,1,7,0,"F",1,62500,122
1197628,1,0,0,3,0,"M",0,137500,123
1198131,1,0,0,3,0,"F",0,42500,124
1198229,1,0,1,9,1,"F",1,62500,125
1198340,1,0,0,2.20731711387634,0,"F",1,112500,126
1198656,1,0,0,1,0,"F",0,42500,127
1198936,1,1,1,9,2,"M",0,162500,128
1199872,1,0,1,8,0,"F",0,87500,129
1202556,1,1,1,5,1,"F",1,62500,130
1204291,1,0,0,2.2826087474823,0,"F",0,20000,131
1204517,1,2,1,9,2,"F",1,62500,132
1204703,1,0,0,5,0,"F",0,87500,133
1205899,1,0,0,4,0,"F",1,162500,134
1207119,1,0,0,5,0,"F",1,62500,135
1208107,1,0,0,1,0,"F",1,112500,136
1208888,1,0,0,1.53030300140381,0,"F",0,20000,137
1209486,1,0,1,8,1,"F",1,62500,138
1209955,1,0,0,3.53773593902588,0,"M",1,225000,139
1210800,1,0,1,7,0,"F",1,250000,140
1211027,1,0,1,5,0,"F",1,112500,141
1211068,1,0,0,5,0,"F",0,250000,142
1211288,1,0,1,5,0,"F",0,7500,143
1211807,1,0,0,2.4343433380127,0,"F",1,42500,144
1212464,1,2,1,7,2,"F",0,42500,145
1213078,1,0,1,8,0,"F",1,250000,146
1213693,1,0,1,8,0,"F",1,162500,147
1216811,1,0,0,6,0,"F",1,162500,148
1217376,1,1,1,11,3,"F",1,137500,149
1217401,1,0,1,6,0,"F",0,62500,150
1221162,1,1,0,3,1,"F",1,62500,151
1222034,1,0,1,8,1,"M",1,87500,152
1222561,1,0,0,2,0,"F",1,62500,153
1224353,1,0,1,8,0,"F",1,87500,154
1224379,1,0,0,4,0,"F",1,162500,155
1225029,1,0,0,3,0,"F",1,62500,156
1225288,1,1,0,6,1,"F",1,112500,157
1225581,1,0,0,1,0,"F",1,30000,158
1226932,1,0,0,6,0,"F",1,87500,159
1226943,1,0,0,6,0,"F",1,162500,160
1227191,1,0,1,6,0,"F",1,112500,161
1227743,1,0,0,9,0,"F",0,62500,162
1228628,1,0,0,2,0,"F",1,62500,163
1228793,1,1,1,8,3,"F",0,87500,164
1229147,1,0,1,6,0,"F",1,87500,165
1229564,1,0,1,9,0,"F",1,62500,166
1229612,1,0,1,9,1,"M",1,187500,167
1229771,1,1,2,14,3,"F",1,87500,168
1229884,1,0,0,2,0,"F",1,112500,169
1230105,1,1,1,8,1,"F",1,137500,170
1230445,1,0,0,5,0,"F",1,62500,171
1230648,1,0,1,5,0,"F",1,87500,172
1230860,1,0,0,5,0,"F",1,62500,173
1231637,1,1,0,2,1,"F",1,112500,174
1233436,1,0,1,9,1,"F",0,162500,175
1233553,1,0,1,9,0,"F",1,112500,176
1234916,1,1,1,10,2,"M",1,62500,177
1237257,1,0,1,7,0,"F",1,62500,178
1237667,1,0,1,8,0,"F",1,87500,179
1238108,1,0,0,6,0,"F",1,42500,180
1238707,1,0,0,5,0,"F",1,62500,181
1238904,1,0,1,8,0,"M",1,87500,182
1239286,1,0,0,2,0,"F",1,250000,183
1239623,1,0,1,5,0,"F",0,42500,184
1239849,1,0,0,1,0,"F",1,112500,185
1239936,1,0,0,1.44736838340759,0,"F",0,7500,186
1240102,1,0,0,4,0,"F",0,62500,187
1241439,1,0,0,4,1,"F",1,112500,188
1241595,1,1,0,5,1,"F",1,62500,189
1241711,1,0,1,9,1,"F",1,87500,190
1242022,1,0,0,1,1,"F",1,62500,191
1242223,1,0,0,5,0,"M",1,137500,192
1242542,1,0,0,5,0,"M",1,137500,193
1243937,1,1,1,8,1,"F",1,87500,194
1244277,1,1,1,10,2,"F",0,112500,195
1245286,1,0,0,4,0,"F",1,62500,196
1246704,1,1,1,9,2,"F",1,87500,197
1247392,1,0,0,2,0,"F",1,87500,198
1248826,1,0,1,6,3,"F",1,87500,199
1249794,1,0,0,4,0,"F",0,137500,200
1250074,1,0,1,8,1,"F",0,87500,201
1250242,1,0,0,3,1,"F",0,250000,202
1250577,1,0,1,7,0,"F",1,62500,203
1250585,1,1,0,5,1,"F",1,187500,204
1250879,1,0,0,4,0,"F",1,137500,205
1250899,1,0,0,6,0,"M",1,112500,206
1251138,1,0,0,5,1,"M",1,137500,207
1251550,1,0,1,6,0,"F",1,62500,208
1251623,1,0,0,5,0,"F",1,7500,209
1251804,1,0,0,1,2,"F",0,137500,210
1251816,1,0,1,5,0,"F",1,137500,211
1252257,1,0,1,3,0,"F",0,87500,212
1252297,1,0,0,5,0,"M",1,62500,213
1252403,1,0,1,9,0,"M",1,62500,214
1252534,1,0,1,8,0,"F",1,187500,215
1252759,1,0,1,9,0,"F",1,137500,216
1252878,1,2,0,6,2,"F",1,137500,217
1254168,1,1,1,10,1,"F",1,62500,218
1254684,1,0,1,9,0,"M",1,112500,219
1258925,1,0,0,5,0,"F",1,42500,220
1259640,1,0,0,5,0,"M",1,87500,221
1259672,1,2,1,8,2,"F",1,62500,222
1259740,1,0,1,6,0,"F",1,30000,223
1262332,1,0,1,7,0,"F",1,87500,224
1262373,1,0,0,5,0,"F",1,250000,225
1262926,1,0,1,5,0,"F",1,62500,226
1263058,1,1,0,7,1,"F",0,137500,227
1263919,1,0,0,4,0,"M",0,30000,228
1264065,1,0,1,6,0,"F",1,187500,229
1264317,1,0,1,7,1,"F",1,187500,230
1264505,1,0,0,2,0,"F",1,87500,231
1264703,1,0,1,7,0,"F",0,30000,232
1265443,1,0,1,7,0,"F",0,20000,233
1265755,1,0,1,5,0,"F",1,112500,234
1265835,1,0,1,6,0,"F",1,112500,235
1265892,1,0,0,5,0,"F",0,187500,236
1266201,1,0,0,2.40229892730713,0,"F",1,187500,237
1268413,1,1,0,5,1,"F",1,62500,238
1269756,1,0,1,8,1,"F",1,62500,239
1269824,1,0,0,4,0,"M",0,30000,240
1273931,1,0,1,7,0,"F",1,20000,241
1275308,1,0,1,8,1,"M",1,87500,242
1275698,1,0,0,5,0,"F",1,87500,243
1275888,1,0,0,2,1,"F",1,137500,244
1276784,1,0,0,2,0,"F",0,20000,245
1277335,1,0,0,5,0,"F",1,42500,246
1279299,1,0,0,3,0,"M",1,87500,247
1279847,1,2,0,4,2,"F",1,42500,248
1280469,1,0,1,6,2,"F",0,7500,249
1281674,1,0,1,4,0,"F",0,137500,250
1285561,1,1,1,6,1,"F",1,250000,251
1286058,1,0,1,5,0,"F",1,250000,252
1286676,1,0,1,8,0,"M",1,225000,253
1287337,1,0,0,5,0,"F",0,62500,254
1288054,1,1,1,8,1,"F",1,42500,255
1288246,1,0,0,4,0,"F",0,62500,256
1288502,1,0,1,8,1,"M",0,137500,257
1288666,1,0,1,5,0,"F",1,62500,258
1288675,1,2,1,7,2,"F",1,20000,259
1288774,1,2,1,10,3,"F",1,187500,260
1288902,1,0,1,8,2,"F",1,87500,261
1289229,1,0,0,4,0,"F",0,112500,262
1290077,1,0,0,3,0,"F",1,87500,263
1290515,1,0,0,3,0,"F",0,87500,264
1290723,1,0,1,8,0,"F",0,30000,265
1291318,1,0,0,2,0,"F",1,42500,266
1291608,1,0,1,4,1,"F",0,30000,267
1292847,1,0,2,16,2,"F",1,42500,268
1293296,1,1,1,6,1,"F",1,30000,269
1293595,1,0,1,7,0,"F",1,62500,270
1293939,1,0,1,9,0,"F",1,250000,271
1294157,1,0,2,6,0,"F",1,62500,272
1294200,1,0,1,6,0,"F",1,62500,273
1294399,1,0,0,6,0,"F",0,30000,274
1294837,1,0,2,10,1,"F",0,62500,275
1297008,1,0,0,2,0,"F",0,7500,276
1297323,1,1,0,5,1,"F",0,7500,277
1297452,1,0,1,7,0,"M",1,87500,278
1297615,1,0,0,4,0,"F",0,20000,279
1297678,1,0,0,4,1,"M",1,62500,280
1298036,1,0,0,3,0,"F",0,7500,281
1298136,1,0,1,8,0,"M",0,30000,282
1298614,1,1,1,8,1,"F",1,62500,283
1300363,1,0,1,5,0,"M",1,42500,284
1300457,1,0,0,1,0,"M",1,42500,285
1301237,1,0,0,2,0,"F",1,20000,286
1301332,1,0,1,9,0,"M",1,42500,287
1301620,1,1,0,3,1,"F",1,87500,288
1302173,1,1,1,7,1,"F",1,225000,289
1302216,1,0,0,3.58878493309021,0,"F",1,62500,290
1302375,1,0,1,8,0,"F",1,87500,291
1303092,1,0,1,6,0,"F",1,62500,292
1303908,1,0,0,7,1,"M",1,87500,293
1304518,1,0,1,8,1,"F",1,87500,294
1304751,1,0,1,3,0,"F",0,30000,295
1306505,1,0,0,6,1,"F",0,62500,296
1307675,1,0,1,8,0,"F",1,62500,297
1307821,1,0,1,6,0,"M",1,42500,298
1310138,1,1,0,5,1,"F",1,62500,299
1310269,1,0,1,6,0,"F",0,112500,300
1311143,1,1,0,5,1,"M",0,62500,301
1311172,1,0,0,3,0,"M",1,137500,302
1311388,1,1,1,11,2,"M",0,20000,303
1312227,1,1,0,7,2,"F",0,62500,304
1313291,1,0,0,1,0,"F",1,162500,305
1313396,1,1,1,9,3,"F",0,30000,306
1313735,1,0,0,5,0,"F",1,20000,307
1313856,1,0,1,7,1,"F",0,20000,308
1314520,1,0,1,7,0,"F",1,62500,309
1314682,1,0,0,1,0,"F",0,20000,310
1314969,1,0,1,6,0,"F",0,87500,311
1315946,1,0,1,6,0,"F",0,62500,312
1317054,1,1,0,5,1,"F",0,7500,313
1317356,1,0,0,3,0,"F",1,62500,314
1318696,1,0,0,8,0,"F",0,62500,315
1318996,1,0,0,5,0,"F",1,62500,316
1319548,1,0,0,6,0,"F",0,20000,317
1319613,1,0,1,8,1,"F",0,137500,318
1319738,1,0,0,3,0,"F",1,137500,319
1320734,1,0,1,8,0,"F",1,20000,320
1320750,1,1,0,5,1,"F",0,7500,321
1322205,1,0,0,5,1,"F",1,62500,322
1322235,1,0,1,5,0,"F",0,62500,323
1322521,1,0,1,8,1,"M",1,42500,324
1322942,1,0,1,9,0,"F",1,87500,325
1323304,1,1,2,10,2,"F",1,162500,326
1323359,1,0,1,9,1,"M",0,187500,327
1323491,1,0,0,2,0,"F",1,250000,328
1323698,1,0,0,10,1,"M",0,250000,329
1323962,1,0,0,7,0,"M",1,62500,330
1324251,1,0,0,4,0,"F",0,20000,331
1324843,1,0,0,5,0,"F",1,87500,332
1325556,1,0,0,1,0,"F",0,20000,333
1327146,1,0,1,9,2,"F",1,162500,334
1328158,1,0,1,7,0,"F",1,62500,335
1328623,1,0,1,8,1,"M",1,30000,336
1328832,1,0,0,4,0,"F",1,187500,337
1329574,1,1,1,7,1,"F",0,42500,338
1330046,1,0,0,4.47663545608521,0,"F",1,112500,339
1330272,1,0,1,7,0,"F",1,137500,340
1330497,1,0,1,6,0,"F",1,162500,341
1331244,1,0,1,5,1,"F",0,30000,342
1331261,1,0,0,2,0,"F",0,7500,343
1331950,1,0,1,8,2,"F",1,62500,344
1333858,1,0,1,7,0,"F",1,112500,345
1335680,1,0,0,2.70103096961975,0,"F",1,62500,346
1335920,1,1,1,7,1,"F",1,42500,347
1335980,1,0,1,7,0,"F",0,20000,348
1336426,1,0,0,5,0,"F",0,20000,349
1336946,1,0,0,4,0,"M",1,20000,350
1338200,1,0,0,8,0,"F",1,162500,351
1338378,1,1,0,4,1,"F",1,225000,352
1339574,1,1,1,6,2,"F",1,42500,353
1339822,1,0,0,5,0,"F",1,112500,354
1340176,1,0,0,6,1,"M",1,42500,355
1340267,1,0,1,5,0,"F",0,42500,356
1341891,1,2,0,7,2,"F",0,62500,357
1342799,1,0,0,3,0,"F",0,62500,358
1343216,1,0,0,3,0,"F",0,187500,359
1344265,1,0,0,4,0,"F",0,87500,360
1344499,1,0,1,5,0,"F",1,87500,361
1344614,1,0,1,9,0,"M",1,225000,362
1345984,1,1,1,8,1,"F",1,112500,363
1346234,1,0,0,3,0,"F",0,162500,364
1347945,1,0,1,7,1,"F",0,112500,365
1348467,1,0,0,6,0,"F",0,87500,366
1348663,1,0,1,6,0,"F",1,62500,367
1348726,1,0,0,4,0,"F",1,62500,368
1349285,1,1,1,9,1,"F",0,42500,369
1349428,1,0,0,4,0,"F",1,87500,370
1349951,1,0,1,7,0,"F",1,20000,371
1350291,1,0,1,7,0,"M",1,87500,372
1350434,1,0,0,4,0,"F",1,162500,373
1351173,1,0,0,1,0,"F",0,87500,374
1351468,1,0,1,7,0,"F",1,7500,375
1351509,1,0,0,1,0,"F",1,62500,376
1351586,1,0,1,6,1,"F",1,162500,377
1351796,1,0,1,7,0,"F",1,7500,378
1352046,1,0,0,6,0,"F",1,87500,379
1352301,1,0,0,3.19811320304871,0,"F",1,42500,380
1352756,1,0,1,10,1,"F",1,62500,381
1352986,1,0,1,9,0,"F",1,42500,382
1353809,1,0,1,12,0,"F",1,112500,383
1353961,1,1,1,7,1,"F",0,20000,384
1354452,1,1,1,7,1,"F",1,62500,385
1354598,1,0,1,6,0,"F",0,42500,386
1354602,1,0,1,10,1,"M",1,62500,387
1354673,1,0,1,10,1,"F",0,7500,388
1355604,1,0,0,4,0,"M",1,7500,389
1356206,1,0,0,5,0,"F",1,62500,390
1358021,1,0,0,5,0,"F",1,112500,391
1358933,1,2,1,6,3,"F",0,112500,392
1361465,1,0,1,4,1,"F",0,137500,393
1362107,1,0,0,1,0,"M",1,162500,394
1363023,1,0,1,7,0,"F",1,30000,395
1363370,1,0,0,7,1,"M",1,62500,396
1364059,1,0,5,13,3,"M",1,112500,397
1366217,1,0,0,6,0,"M",0,112500,398
1366244,1,0,0,1,0,"F",0,112500,399
1367411,1,0,1,9,0,"F",1,20000,400
1367420,1,0,2,17,1,"F",1,162500,401
1368140,1,0,1,9,0,"F",1,62500,402
1368385,1,0,0,7,0,"M",1,162500,403
1369918,1,0,1,7,0,"F",1,87500,404
1372221,1,0,0,2,0,"F",1,7500,405
1372333,1,0,0,6,0,"F",1,62500,406
1374105,1,0,1,7,0,"F",0,7500,407
1374132,1,0,0,5,0,"M",1,62500,408
1374680,1,0,0,4,0,"F",1,62500,409
1375113,1,0,0,7,0,"F",1,87500,410
1376245,1,0,0,1.61538457870483,0,"F",0,62500,411
1377492,1,0,2,11,0,"F",1,137500,412
1377719,1,0,0,4.71962594985962,0,"F",1,137500,413
1378071,1,1,0,7,1,"F",0,62500,414
1378409,1,0,1,10,0,"F",1,62500,415
1380721,1,0,0,3.36190485954285,0,"F",1,42500,416
1381136,1,0,0,7,1,"F",1,62500,417
1381384,1,1,1,9,2,"F",1,162500,418
1381552,1,0,0,8,1,"M",1,87500,419
1381639,1,0,1,7,0,"F",1,225000,420
1381711,1,0,1,7,0,"F",1,87500,421
1382137,1,0,0,4,0,"F",1,112500,422
1382624,1,0,1,7,0,"F",1,62500,423
1382975,1,1,2,10,2,"F",1,112500,424
1384230,1,0,0,6,0,"F",1,137500,425
1384341,1,2,1,7,3,"F",0,137500,426
1385468,1,0,0,4.14285707473755,0,"F",1,250000,427
1385831,1,0,1,6,0,"F",1,42500,428
1386066,1,0,0,1,0,"F",1,112500,429
1386120,1,0,1,7,0,"F",1,42500,430
1387428,1,0,1,8,0,"F",0,62500,431
1387588,1,2,0,4,2,"F",1,42500,432
1388210,1,1,0,6,1,"M",1,62500,433
1388355,1,0,0,3,0,"F",1,62500,434
1388513,1,0,0,7,1,"F",1,162500,435
1388833,1,0,1,9,1,"F",0,42500,436
1389030,1,0,1,8,0,"F",1,62500,437
1389384,1,1,1,9,1,"F",0,42500,438
1389406,1,0,1,6,0,"F",1,87500,439
1389477,1,1,1,10,1,"F",1,62500,440
1390351,1,0,1,9,2,"M",1,162500,441
1392387,1,0,1,6,0,"F",0,87500,442
1393255,1,0,0,5,1,"F",1,87500,443
1393466,1,0,0,4,0,"M",1,87500,444
1393929,1,1,0,9,1,"F",1,225000,445
1394027,1,0,0,5,0,"F",1,162500,446
1395064,1,2,1,11,2,"F",1,162500,447
1395309,1,0,0,4,0,"F",0,42500,448
1395394,1,1,1,11,2,"F",0,7500,449
1396474,1,0,0,1,0,"F",1,62500,450
1396597,1,0,0,6,1,"F",1,87500,451
1396618,1,0,0,3,0,"F",1,87500,452
1396830,1,0,1,6,0,"F",1,87500,453
1397814,1,0,0,6,0,"M",1,137500,454
1398493,1,0,0,3,0,"F",1,87500,455
1398606,1,1,0,4,1,"M",1,20000,456
1399233,1,0,0,5,0,"F",0,42500,457
1399269,1,0,1,8,0,"F",1,62500,458
1399329,1,1,1,11,3,"F",1,112500,459
1401246,1,0,0,3,0,"F",1,42500,460
1401458,1,0,1,6,0,"F",1,62500,461
1403021,1,0,0,4,0,"F",1,112500,462
1403631,1,0,1,7,0,"F",1,62500,463
1403972,1,1,2,8,5,"F",1,162500,464
1404355,1,0,1,6,0,"F",1,87500,465
1404418,1,0,0,5,0,"F",1,42500,466
1404842,1,0,0,1,0,"M",1,112500,467
1405544,1,0,1,10,1,"F",0,20000,468
1406907,1,0,0,6,2,"F",1,87500,469
1408575,1,0,0,7,1,"M",0,30000,470
1410385,1,0,1,9,1,"F",1,162500,471
1411418,1,0,0,7,0,"M",1,87500,472
1412397,1,0,1,7,0,"M",1,42500,473
1412511,1,0,0,1,0,"F",1,42500,474
1412646,1,0,1,13,0,"F",1,162500,475
1413182,1,1,1,7,1,"F",1,112500,476
1413837,1,0,0,5,0,"F",1,225000,477
1413925,1,0,0,7,2,"F",0,62500,478
1414361,1,0,0,3,0,"F",1,112500,479
1414857,1,0,0,5,0,"M",1,162500,480
1414873,1,0,1,6,0,"F",1,112500,481
1415098,1,1,1,10,1,"F",0,87500,482
1415320,1,0,1,8,0,"F",1,162500,483
1416429,1,1,1,11,1,"F",1,87500,484
1416731,1,0,0,3,0,"F",1,162500,485
1416940,1,0,1,9,1,"F",0,137500,486
1417159,1,0,0,2,0,"M",0,20000,487
1417523,1,0,0,2.75,0,"F",1,187500,488
1418358,1,1,1,8,1,"F",0,112500,489
1418818,1,1,1,7,3,"F",1,87500,490
1419071,1,0,0,6,0,"M",1,87500,491
1419406,1,2,1,9,2,"F",1,62500,492
1419467,1,0,0,4,0,"F",1,162500,493
1419627,1,1,1,9,1,"M",1,87500,494
1419833,1,0,1,7,0,"F",1,225000,495
1420095,1,0,0,3,0,"M",1,187500,496
1420139,1,0,1,10,1,"F",1,112500,497
1420150,1,1,1,8,1,"F",0,7500,498
1420458,1,0,2,10,1,"M",1,20000,499
1420461,1,0,1,8,0,"F",1,62500,500
1420462,1,1,1,7,1,"F",1,162500,501
1420478,1,0,0,1,0,"F",1,42500,502
1420505,1,0,0,5,0,"F",0,7500,503
1420957,1,0,0,3.94339632987976,0,"F",1,225000,504
1420990,1,1,1,9,1,"F",0,87500,505
1421112,1,0,0,4,0,"F",0,87500,506
1421265,1,0,0,9,0,"F",0,137500,507
1421359,1,0,0,1,1,"F",0,7500,508
1422155,1,0,1,8,1,"F",1,187500,509
1422249,1,0,0,2,0,"M",0,62500,510
1424297,1,0,0,2.05154633522034,0,"M",1,20000,511
1424626,1,1,1,13,2,"F",0,112500,512
1425960,1,0,1,5,0,"F",0,20000,513
1426165,1,0,1,7,0,"F",0,112500,514
1426230,1,0,0,4,0,"F",0,7500,515
1426266,1,0,1,8,0,"F",1,112500,516
1426799,1,0,0,3,0,"F",1,87500,517
1427258,1,0,1,6,0,"F",0,62500,518
1427579,1,0,1,3,0,"F",1,87500,519
1427915,1,0,0,5,0,"F",0,62500,520
1428277,1,0,1,9,1,"M",1,112500,521
1429936,1,1,1,11,2,"F",1,187500,522
1430214,1,0,1,9,0,"M",0,112500,523
1430754,1,0,0,6,0,"M",1,187500,524
1431104,1,1,0,6,1,"F",0,250000,525
1431118,1,0,0,4,0,"F",1,62500,526
1431340,1,0,0,7,1,"F",0,87500,527
1431513,1,0,1,11,1,"F",1,62500,528
1431697,1,0,0,3,1,"F",1,87500,529
1431949,1,0,1,8,0,"F",1,42500,530
1432387,1,0,1,8,2,"F",0,162500,531
1432724,1,0,1,9,0,"F",1,20000,532
1432840,1,0,1,6,0,"F",1,20000,533
1432998,1,0,0,2,0,"F",1,62500,534
1433194,1,0,0,5,0,"F",1,42500,535
1433587,1,0,1,7,1,"M",1,87500,536
1434275,1,1,2,11,1,"F",1,20000,537
1434712,1,0,0,1,0,"F",1,42500,538
1435022,1,0,0,2,1,"F",1,187500,539
1435557,1,0,0,2.47000002861023,0,"M",1,62500,540
1435794,1,0,1,7,0,"F",0,87500,541
1435996,1,0,1,7,0,"F",1,112500,542
1436928,1,0,0,4,0,"F",1,112500,543
1437747,1,0,0,4,0,"F",1,137500,544
1437857,1,0,1,9,1,"M",1,62500,545
1437869,1,1,0,8,1,"F",1,187500,546
1437899,1,0,1,11,2,"F",1,137500,547
1438760,1,0,2,10,1,"F",1,137500,548
1438884,1,0,1,9,0,"M",1,87500,549
1439629,1,0,1,9,0,"F",1,7500,550
1439689,1,0,0,5,0,"F",1,112500,551
1439713,1,1,1,7,2,"F",1,62500,552
1440356,1,0,0,1,0,"M",1,250000,553
1441053,1,0,1,9,0,"M",1,30000,554
1441466,1,0,1,6,0,"F",1,250000,555
1442287,1,1,1,6,2,"F",0,187500,556
1442704,1,0,1,8,1,"F",1,87500,557
1443687,1,0,1,5,0,"F",0,87500,558
1443964,1,0,1,8,0,"F",1,250000,559
1444485,1,1,2,9,1,"F",1,112500,560
1445100,1,0,1,10,0,"F",1,87500,561
1446288,1,0,0,12,0,"F",0,62500,562
1447092,1,0,0,5,0,"M",1,42500,563
1447298,1,4,1,8,4,"F",1,62500,564
1448763,1,0,0,3,0,"F",0,62500,565
1448901,1,0,0,2,1,"F",0,62500,566
1449431,1,0,0,5,0,"F",1,137500,567
1450170,1,1,0,4,1,"F",0,62500,568
1450180,1,0,0,7,1,"M",1,62500,569
1450746,1,1,1,7,2,"F",1,7500,570
1450805,1,0,0,3.33333325386047,0,"M",1,225000,571
1450890,1,0,1,7,0,"F",1,225000,572
1451275,1,0,0,4,0,"M",1,62500,573
1451865,1,0,0,5,0,"F",1,225000,574
1452879,1,2,1,8,3,"F",1,137500,575
1454110,1,0,0,6,0,"F",1,62500,576
1454343,1,1,0,8,1,"M",0,30000,577
1454425,1,0,0,3,0,"F",1,112500,578
1454661,1,0,1,9,2,"F",1,87500,579
1455466,1,0,1,8,0,"F",1,87500,580
1455615,1,0,0,1.87640452384949,0,"F",1,7500,581
1455721,1,0,0,1,1,"M",1,87500,582
1455906,1,0,0,7,0,"F",1,250000,583
1456029,1,0,0,6,0,"F",1,42500,584
1456155,1,2,0,5,3,"F",1,250000,585
1456186,1,0,0,3,0,"F",1,20000,586
1456531,1,1,1,8,3,"F",1,187500,587
1456609,1,0,0,3.46666669845581,0,"F",1,62500,588
1456628,1,0,1,9,1,"F",1,250000,589
1456919,1,0,0,6,0,"F",1,30000,590
1457625,1,0,1,3,0,"F",1,112500,591
1457777,1,0,1,8,0,"F",1,62500,592
1457830,1,0,0,4,0,"F",1,112500,593
1457984,1,0,1,9,0,"F",1,112500,594
1458214,1,1,1,5,2,"F",1,225000,595
1460277,1,0,0,5,1,"F",1,62500,596
1460380,1,0,1,10,0,"F",0,42500,597
1460953,1,0,1,9,0,"F",0,250000,598
1461151,1,0,0,2.64948463439941,0,"F",1,87500,599
1461397,1,0,2,9,0,"F",1,137500,600
1462847,1,3,0,5,3,"F",1,162500,601
1462878,1,0,1,9,2,"F",1,7500,602
1463072,1,0,1,6,0,"F",1,87500,603
1464188,1,0,0,1.54166662693024,0,"F",1,137500,604
1464264,1,0,2,7,0,"M",1,112500,605
1464335,1,1,1,9,1,"F",1,187500,606
1464618,1,0,1,8,0,"F",1,112500,607
1465220,1,2,1,9,2,"F",1,137500,608
1466204,1,0,0,9,0,"F",1,87500,609
1466494,1,0,0,3,0,"M",1,20000,610
1466816,1,0,1,11,0,"F",1,137500,611
1466833,1,0,1,8,0,"F",1,87500,612
1466886,1,0,1,6,0,"F",1,137500,613
1466955,1,0,1,8,0,"F",1,250000,614
1467019,1,0,0,7,0,"F",0,137500,615
1467058,1,0,1,8,0,"F",0,20000,616
1467155,1,0,1,5,0,"M",0,62500,617
1467520,1,0,0,5,0,"F",1,250000,618
1467621,1,1,0,5,1,"F",1,62500,619
1468654,1,0,0,3,0,"F",1,87500,620
1468709,1,0,0,5,1,"F",1,30000,621
1468714,1,0,1,7,0,"F",0,112500,622
1468733,1,0,1,6,0,"F",1,62500,623
1468745,1,0,0,8,1,"M",1,62500,624
1469175,1,1,2,14,1,"F",0,87500,625
1469204,1,0,0,5,0,"F",1,112500,626
1469239,1,0,2,10,2,"F",1,112500,627
1469248,1,0,0,5,0,"F",1,112500,628
1469990,1,0,1,11,0,"M",1,187500,629
1470110,1,0,1,8,1,"F",0,62500,630
1470965,1,2,1,11,2,"F",0,62500,631
1471445,1,0,0,5,0,"F",1,162500,632
1471473,1,0,0,5,1,"M",1,62500,633
1471528,1,1,1,7,2,"F",1,112500,634
1471566,1,0,0,3,1,"F",1,30000,635
1471723,1,0,1,11,1,"F",1,187500,636
1471767,1,0,0,6,0,"M",1,87500,637
1471934,1,0,0,4,0,"F",0,112500,638
1472977,1,0,1,7,0,"F",1,87500,639
1474598,1,0,1,8,2,"M",1,87500,640
1475170,1,0,1,10,1,"M",0,87500,641
1477477,1,0,0,1.65277779102325,0,"M",0,112500,642
1478058,1,0,1,4,0,"F",1,87500,643
1478617,1,0,0,7,0,"F",1,225000,644
1479489,1,0,1,7,0,"F",1,62500,645
1480578,1,0,0,4,0,"F",0,62500,646
1481279,1,3,0,6,4,"F",0,162500,647
1481476,1,0,1,5,0,"F",1,7500,648
1482005,1,0,0,1,0,"M",1,62500,649
1482267,1,0,0,4.60747671127319,0,"F",1,225000,650
1482614,1,0,1,1,0,"F",0,87500,651
1482816,1,0,0,5,0,"F",1,62500,652
1483049,1,1,1,8,1,"F",0,20000,653
1484259,1,0,1,8,0,"F",0,7500,654
1484519,1,0,1,7,0,"F",1,42500,655
1484930,1,1,0,6,1,"F",1,162500,656
1486404,1,0,1,4,0,"F",0,42500,657
1487790,1,0,1,7,0,"M",1,187500,658
1488086,1,0,0,2,0,"F",1,112500,659
1489319,1,0,0,5,0,"F",0,42500,660
1490014,1,0,0,4,1,"M",1,62500,661
1491416,1,0,1,10,0,"F",0,112500,662
1491563,1,0,0,1,0,"M",1,162500,663
1492025,1,0,1,7,0,"F",1,62500,664
1492036,1,0,0,1,0,"F",1,87500,665
1493569,1,0,0,2.9223301410675,0,"F",1,112500,666
1498287,1,0,1,8,0,"F",1,162500,667
1498483,1,0,0,2,0,"F",1,62500,668
1498656,1,0,1,6,0,"M",1,137500,669
1501397,1,0,0,8,1,"M",1,112500,670
1501443,1,0,1,8,0,"F",0,7500,671
1501825,1,2,0,2,2,"F",1,225000,672
1501848,1,0,0,5,0,"F",1,112500,673
1501917,1,0,0,3,0,"F",1,137500,674
1502135,1,0,0,5,0,"F",1,87500,675
1502146,1,0,1,9,0,"F",1,62500,676
1502599,1,1,1,8,1,"F",1,187500,677
1504289,1,1,0,6,1,"F",1,137500,678
1507421,1,0,0,1,0,"F",0,20000,679
1509331,1,0,1,11,0,"M",1,62500,680
1509782,1,0,0,3,0,"F",1,62500,681
1509874,1,0,0,1.95402300357819,0,"F",1,42500,682
1511973,1,0,0,4,0,"M",0,7500,683
1512249,1,0,1,6,0,"F",1,187500,684
1512656,1,0,3,9,1,"F",1,187500,685
1513530,1,0,1,7,0,"F",1,62500,686
1513806,1,0,0,2,2,"F",1,62500,687
1514087,1,1,0,3,1,"F",0,112500,688
1514098,1,0,1,6,0,"F",1,187500,689
1514327,1,0,0,5,0,"F",0,87500,690
1514351,1,0,0,5,2,"M",1,187500,691
1514819,1,0,0,2,0,"F",1,30000,692
1516894,1,0,0,2,0,"M",1,250000,693
1518132,1,0,1,8,1,"F",0,62500,694
1518564,1,0,0,4.04854345321655,0,"F",1,112500,695
1519598,1,0,2,8,1,"F",1,187500,696
1520012,1,0,0,3.72380948066711,0,"F",1,187500,697
1520720,1,1,1,10,2,"F",1,62500,698
1522154,1,0,1,7,0,"F",1,137500,699
1522471,1,0,0,5,0,"M",1,162500,700
1523997,1,1,1,7,1,"F",1,225000,701
1524038,1,0,1,9,1,"F",1,250000,702
1524967,1,0,0,1,1,"F",1,250000,703
1525049,1,1,1,7,3,"F",1,187500,704
1525556,1,0,1,9,0,"M",1,162500,705
1526044,1,0,0,6,0,"M",1,87500,706
1526280,1,0,0,5,0,"M",1,20000,707
1526638,1,0,0,3,0,"F",1,225000,708
1527800,1,0,0,2,0,"F",1,137500,709
1527932,1,0,0,7,0,"F",1,187500,710
1527966,1,0,0,4,1,"F",1,250000,711
1528038,1,0,0,3,0,"M",1,225000,712
1528103,1,0,1,13,1,"F",1,225000,713
1528515,1,0,0,2,0,"F",0,225000,714
1529646,1,0,1,6,1,"F",1,225000,715
1530199,1,0,0,1,0,"M",1,62500,716
1530200,1,0,1,6,0,"F",1,137500,717
1530561,1,0,0,5,0,"F",1,42500,718
1530887,1,0,1,7,0,"F",1,87500,719
1531800,1,0,1,8,1,"F",0,62500,720
1531915,1,0,0,1,0,"F",1,250000,721
1531924,1,1,1,6,1,"F",0,225000,722
1531984,1,0,1,8,1,"F",0,42500,723
1532052,1,0,0,4,0,"M",1,87500,724
1532113,1,0,1,7,0,"F",1,87500,725
1532334,1,0,1,7,0,"F",1,225000,726
1532420,1,0,0,1,0,"F",1,30000,727
1532431,1,0,1,6,0,"F",0,20000,728
1532738,1,0,2,13,1,"F",1,225000,729
1532841,1,1,1,7,1,"F",1,42500,730
1533843,1,0,1,8,0,"F",1,42500,731
1533874,1,0,1,10,0,"F",1,137500,732
1533971,1,1,1,9,1,"F",1,137500,733
1534792,1,1,1,6,1,"F",1,187500,734
1535057,1,0,1,9,1,"F",1,137500,735
1535333,1,0,1,11,1,"M",1,87500,736
1535547,1,1,1,9,1,"F",1,187500,737
1535701,1,1,1,12,2,"M",1,62500,738
1535732,1,1,1,8,1,"F",1,187500,739
1535755,1,0,0,6,0,"F",1,112500,740
1536000,1,0,1,6,0,"F",1,187500,741
1536405,1,0,0,7,0,"F",1,62500,742
1536527,1,0,0,2,0,"F",1,225000,743
1536579,1,0,0,5,1,"F",1,187500,744
1537347,1,0,1,8,1,"F",1,225000,745
1537995,1,0,0,1.37096774578094,0,"F",0,62500,746
1538175,1,3,1,10,3,"F",1,250000,747
1538662,1,1,1,10,1,"F",1,112500,748
1538919,1,0,0,5,0,"F",1,250000,749
1539494,1,0,1,9,2,"F",1,250000,750
1539570,1,0,0,4,0,"F",1,87500,751
1540059,1,0,1,8,1,"M",1,87500,752
1540194,1,0,0,1.70422530174255,0,"F",1,187500,753
1540364,1,0,1,10,1,"F",1,7500,754
1540829,1,0,0,5,0,"F",1,187500,755
1540910,1,3,1,8,3,"F",1,137500,756
1540936,1,0,1,8,0,"F",1,62500,757
1541156,1,1,1,10,1,"F",1,7500,758
1541593,1,0,1,5,0,"F",1,250000,759
1541662,1,0,1,8,2,"F",1,112500,760
1541734,1,0,1,10,1,"F",1,137500,761
1541834,1,0,0,2,1,"F",1,250000,762
1541894,1,1,0,4,1,"F",0,42500,763
1542247,1,0,1,6,0,"F",1,225000,764
1542523,1,1,1,11,3,"F",1,187500,765
1542740,1,0,1,7,0,"F",0,30000,766
1543012,1,0,0,7,0,"M",1,112500,767
1543181,1,0,1,9,1,"M",1,250000,768
1543552,1,0,1,10,1,"F",0,112500,769
1543563,1,1,1,9,1,"F",1,250000,770
1543633,1,0,1,7,0,"F",1,112500,771
1544590,1,1,2,11,2,"F",0,187500,772
1544693,1,1,2,12,2,"F",1,250000,773
1545273,1,0,1,9,1,"F",0,137500,774
1545322,1,1,1,7,1,"M",1,250000,775
1546709,1,0,0,3,0,"F",1,250000,776
1546922,1,0,0,8,0,"M",1,137500,777
1546932,1,0,1,8,0,"F",0,112500,778
1546959,1,0,1,5,0,"F",1,187500,779
1546989,1,2,1,9,2,"M",1,225000,780
1547464,1,0,1,5,0,"F",1,87500,781
1547476,1,0,0,5,0,"F",0,225000,782
1547622,1,0,0,4,0,"F",1,187500,783
1547752,1,0,0,3.74757289886475,0,"F",1,112500,784
1547850,1,1,0,5,1,"F",1,20000,785
1548040,1,0,0,5,0,"F",0,112500,786
1548129,1,0,1,6,1,"F",1,112500,787
1548209,1,0,1,6,1,"F",1,20000,788
1548503,1,0,2,6,0,"F",1,62500,789
1548540,1,0,1,7,1,"F",1,87500,790
1548673,1,0,1,9,2,"F",1,112500,791
1549599,1,0,1,8,0,"M",1,187500,792
1550040,1,0,1,9,2,"M",1,20000,793
1550161,1,0,1,9,0,"F",1,62500,794
1550456,1,0,1,5,0,"F",1,225000,795
1550894,1,0,0,4,0,"F",1,87500,796
1551030,1,0,1,6,0,"F",1,225000,797
1551330,1,0,0,3.02857136726379,0,"M",1,87500,798
1551510,1,0,0,3,0,"F",1,162500,799
1551891,1,1,1,8,1,"F",1,187500,800
1552409,1,0,0,6,0,"M",1,137500,801
1552458,1,1,0,4,1,"F",1,62500,802
1552507,1,1,0,6,1,"F",1,137500,803
1552803,1,3,1,6,3,"F",1,225000,804
1552831,1,0,1,4,1,"M",1,112500,805
1553098,1,0,1,9,0,"F",1,87500,806
1553185,1,0,1,6,0,"F",1,187500,807
1553615,1,1,1,9,1,"F",1,187500,808
1553840,1,3,2,10,8,"M",1,20000,809
1553857,1,0,0,2.21875,0,"M",1,87500,810
1553951,1,1,2,6,1,"F",1,225000,811
1554033,1,0,0,4,2,"F",1,62500,812
1554034,1,1,1,5,1,"F",1,162500,813
1554062,1,0,0,1,0,"F",1,87500,814
1554533,1,1,1,8,1,"F",1,62500,815
1554853,1,0,0,1,0,"M",1,42500,816
1554983,1,0,0,8,1,"M",1,87500,817
1555310,1,0,1,11,0,"F",1,187500,818
1555529,1,0,0,3,0,"M",1,225000,819
1555776,1,1,1,8,1,"F",1,20000,820
1555876,1,0,0,5,1,"F",0,112500,821
1556592,1,0,0,6,0,"F",1,62500,822
1556634,1,0,0,3.0238094329834,0,"M",0,87500,823
1556652,1,0,1,8,2,"F",1,42500,824
1557407,1,0,0,1,0,"F",1,162500,825
1557751,1,1,1,5,1,"F",1,162500,826
1558181,1,0,1,6,1,"F",0,62500,827
1558593,1,1,1,9,1,"F",1,137500,828
1559861,1,0,1,1,0,"F",0,20000,829
1560624,1,2,0,1,2,"F",1,62500,830
1561366,1,0,1,7,0,"F",1,62500,831
1561573,1,0,0,2,1,"F",1,137500,832
1563321,1,1,0,6,1,"F",1,187500,833
1563505,1,0,0,4,0,"M",0,62500,834
1563807,1,2,1,9,3,"F",0,112500,835
1564353,1,0,1,5,0,"F",1,137500,836
1564381,1,0,1,7,0,"F",1,42500,837
1564432,1,0,0,7,0,"F",1,20000,838
1564440,1,0,0,4,0,"F",1,62500,839
1564588,1,0,0,2.78723406791687,0,"F",1,162500,840
1565437,1,0,1,8,0,"F",1,87500,841
1565459,1,0,1,8,0,"F",1,162500,842
1565552,1,0,0,3,0,"F",1,187500,843
1565565,1,0,1,7,2,"M",0,112500,844
1565621,1,0,1,3,0,"F",1,42500,845
1566766,1,0,1,5,0,"F",1,62500,846
1566910,1,0,0,2,0,"M",0,42500,847
1567216,1,0,1,7,0,"F",1,112500,848
1567225,1,0,1,9,0,"F",1,42500,849
1567585,1,0,1,9,0,"M",0,87500,850
1568736,1,2,0,5,2,"F",1,137500,851
1569143,1,0,1,9,2,"F",1,87500,852
1569250,1,0,0,8,0,"M",0,7500,853
1570352,1,0,0,4,0,"F",1,62500,854
1570791,1,0,0,2,0,"F",1,112500,855
1571168,1,0,0,5,0,"F",1,42500,856
1571704,1,0,1,10,1,"F",1,42500,857
1572013,1,0,1,5,0,"F",1,87500,858
1572475,1,0,1,6,1,"F",1,87500,859
1572791,1,0,0,2,0,"F",0,137500,860
1572826,1,0,1,7,0,"F",1,87500,861
1572876,1,0,0,5,0,"M",0,20000,862
1573368,1,0,0,10,2,"M",0,62500,863
1573406,1,0,0,1.85227274894714,0,"F",1,87500,864
1573782,1,0,0,5,0,"F",1,112500,865
1573961,1,3,1,10,5,"M",1,62500,866
1574217,1,0,0,6,0,"M",1,187500,867
1574944,1,0,0,8,0,"F",1,87500,868
1575622,1,0,1,6,0,"F",1,137500,869
1575638,1,0,1,8,0,"F",1,87500,870
1575664,1,0,0,2,0,"F",0,20000,871
1576304,1,0,1,9,0,"M",1,250000,872
1576669,1,0,1,8,2,"F",1,112500,873
1576876,1,0,0,3.92452836036682,0,"F",1,137500,874
1576998,1,0,0,5,0,"F",1,250000,875
1577505,1,0,0,3,0,"M",0,20000,876
1577931,1,0,1,10,3,"F",0,112500,877
1580292,1,0,1,10,0,"F",1,250000,878
1580324,1,0,1,5,0,"M",1,87500,879
1580380,1,1,1,9,1,"F",1,187500,880
1580422,1,0,0,1,0,"M",1,225000,881
1580699,1,0,0,3.9813084602356,0,"M",1,30000,882
1581113,1,0,1,9,1,"F",0,112500,883
1581720,1,0,0,1,0,"F",1,250000,884
1582050,1,0,0,6,0,"F",1,137500,885
1582294,1,0,0,3,0,"F",1,250000,886
1582445,1,0,0,3,0,"F",1,137500,887
1582970,1,0,0,2,0,"F",1,187500,888
1583212,1,0,0,4,0,"F",1,250000,889
1583903,1,0,1,10,3,"F",1,250000,890
1583918,1,0,1,6,0,"F",0,162500,891
1584353,1,0,1,9,1,"F",0,87500,892
1584557,1,0,0,5,0,"F",1,62500,893
1584736,1,0,1,5,0,"F",0,87500,894
1584822,1,1,1,8,1,"F",1,62500,895
1585152,1,0,0,6,1,"F",1,30000,896
1586387,1,0,1,9,0,"F",1,187500,897
1586988,1,0,1,7,0,"F",1,87500,898
1587401,1,1,1,10,2,"F",1,87500,899
1587615,1,0,1,6,0,"F",1,30000,900
1587812,1,1,1,7,1,"F",1,225000,901
1588035,1,0,0,1,0,"F",1,112500,902
1588596,1,0,0,8,0,"M",1,137500,903
1588827,1,0,0,1,0,"M",1,137500,904
1588865,1,0,0,4,0,"M",1,112500,905
1589682,1,0,1,11,0,"F",1,250000,906
1589774,1,0,0,7,1,"M",1,62500,907
1590492,1,0,1,7,0,"M",1,250000,908
1590674,1,3,0,9,5,"F",1,20000,909
1590711,1,3,1,5,3,"F",1,187500,910
1590921,1,0,1,11,1,"F",1,250000,911
1590969,1,0,1,7,0,"F",0,42500,912
1591056,1,0,0,2.09876537322998,0,"F",1,225000,913
1591165,1,0,0,2,0,"F",1,250000,914
1591251,1,0,1,9,0,"F",0,87500,915
1591366,1,1,1,9,2,"M",1,250000,916
1591670,1,0,0,9,0,"M",1,137500,917
1591722,1,0,0,4,0,"F",0,62500,918
1591917,1,0,1,8,0,"F",1,187500,919
1591990,1,0,0,2.26373624801636,0,"M",0,42500,920
1592216,1,0,1,8,1,"F",1,62500,921
1592278,1,2,0,6,2,"F",1,187500,922
1592293,1,0,1,8,0,"F",1,112500,923
1592707,1,1,1,8,1,"F",1,250000,924
1592744,1,0,1,9,2,"F",0,112500,925
1592908,1,0,1,6,1,"F",1,87500,926
1593038,1,0,2,9,0,"F",1,112500,927
1593301,1,0,0,7,0,"M",1,62500,928
1593487,1,0,1,9,1,"M",1,87500,929
1593651,1,0,0,5,0,"F",1,42500,930
1593813,1,0,1,8,0,"F",0,20000,931
1594152,1,0,1,8,0,"F",1,87500,932
1594307,1,0,1,7,0,"F",0,87500,933
1594407,1,0,1,8,0,"F",1,187500,934
1594775,1,0,0,8,0,"F",1,42500,935
1596452,1,0,0,6,1,"F",1,112500,936
1596829,1,0,1,7,0,"M",1,112500,937
1597491,1,0,0,2,0,"F",1,42500,938
1598463,1,0,1,9,0,"F",1,62500,939
1598633,1,1,1,10,3,"F",1,112500,940
1598919,1,0,0,2,0,"F",0,62500,941
1599722,1,0,1,5,0,"M",1,42500,942
1599748,1,0,1,8,3,"F",0,7500,943
1601262,1,0,0,7,0,"F",1,62500,944
1601710,1,0,0,5,0,"F",1,87500,945
1601726,1,2,1,8,3,"F",1,87500,946
1602013,1,0,0,2,0,"F",0,42500,947
1602093,1,0,0,1,0,"M",1,42500,948
1602541,1,1,1,4,2,"M",1,112500,949
1603217,1,0,1,8,1,"F",1,62500,950
1603225,1,0,1,6,0,"F",0,225000,951
1603429,1,2,1,10,3,"F",1,62500,952
1604015,1,0,0,5,1,"F",1,62500,953
1604126,1,1,0,6,1,"F",1,112500,954
1604128,1,0,0,6,0,"F",0,187500,955
1604268,1,0,0,2.06578946113586,0,"F",1,62500,956
1604528,1,0,1,5,0,"F",1,112500,957
1605044,1,0,1,9,0,"F",1,225000,958
1605048,1,0,0,2,0,"F",1,187500,959
1605961,1,1,1,8,1,"F",0,112500,960
1608086,1,0,1,5,0,"F",0,112500,961
1608536,1,0,0,4.42990636825562,1,"M",1,87500,962
1608611,1,0,1,6,0,"F",1,62500,963
1608612,1,0,2,10,1,"F",0,20000,964
1608644,1,0,1,6,0,"F",0,250000,965
1609138,1,0,0,1,0,"F",1,112500,966
1609335,1,1,1,7,2,"F",1,87500,967
1609688,1,0,1,6,0,"F",0,42500,968
1609694,1,1,0,4,1,"M",1,42500,969
1609742,1,0,1,10,1,"F",1,20000,970
1610234,1,0,1,8,0,"F",1,42500,971
1610404,1,2,0,6,2,"M",0,62500,972
1611512,1,0,0,1,0,"F",1,30000,973
1611563,1,0,0,3,0,"F",1,250000,974
1612208,1,1,1,10,1,"M",1,187500,975
1612444,1,1,1,11,1,"F",1,250000,976
1612702,1,0,0,4,0,"F",1,137500,977
1612863,1,1,1,7,1,"F",0,42500,978
1612987,1,1,1,11,5,"F",0,187500,979
1613295,1,0,1,13,0,"F",1,7500,980
1613630,1,0,0,5,0,"F",1,137500,981
1613669,1,0,0,4.62376260757446,0,"F",1,225000,982
1613754,1,0,0,2,0,"F",1,250000,983
1613787,1,0,1,5,0,"M",1,187500,984
1614408,1,0,0,4,0,"F",1,225000,985
1614896,1,0,1,5,0,"F",0,112500,986
1614950,1,0,2,8,1,"F",1,62500,987
1614982,1,0,1,10,1,"M",0,62500,988
1615046,1,1,0,6,3,"F",0,42500,989
1615126,1,0,0,1,0,"M",1,112500,990
1616126,1,0,0,1,0,"F",1,112500,991
1616413,1,0,0,2,0,"F",1,42500,992
1617245,1,1,1,7,1,"F",0,30000,993
1617490,1,2,1,7,3,"F",1,187500,994
1617675,1,0,1,6,1,"F",0,87500,995
1617709,1,0,0,2,0,"F",1,62500,996
1618855,1,0,0,3.57281541824341,0,"F",0,62500,997
1619223,1,0,0,4,0,"F",1,20000,998
1620927,1,1,0,6,1,"M",0,112500,999
1620942,1,0,2,6,0,"F",1,20000,1000
117514,2,0,1,8,0,"F",0,42500,1
287398,2,0,0,1,0,"F",0,42500,2
469734,2,0,1,9,1,"F",1,250000,3
1054974,2,0,1,5,0,"F",1,137500,4
1060246,2,0,1,9,0,"F",1,62500,5
1061355,2,0,1,6,0,"F",1,87500,6
1061649,2,0,0,4,0,"M",1,225000,7
1062171,2,0,1,7,0,"F",1,250000,8
1063617,2,0,1,5,0,"F",1,250000,9
1068288,2,0,1,7,1,"F",0,30000,10
1071414,2,0,1,4,1,"F",1,62500,11
1077480,2,0,0,3,0,"F",0,62500,12
1081075,2,1,1,6,2,"F",1,250000,13
1081928,2,0,1,6,0,"F",1,62500,14
1082351,2,0,0,1.92941176891327,1,"F",0,30000,15
1087152,2,0,2,6,0,"F",1,187500,16
1089142,2,0,2,5,0,"F",1,87500,17
1091840,2,0,2,7,0,"F",1,30000,18
1094021,2,0,0,1,0,"F",1,87500,19
1094281,2,0,0,2,0,"F",1,62500,20
1100417,2,0,0,4,0,"F",1,62500,21
1100757,2,0,0,4,0,"F",0,112500,22
1102828,2,0,1,10,0,"F",0,62500,23
1103923,2,0,0,3,0,"F",1,225000,24
1107037,2,0,2,5,1,"F",1,112500,25
1108749,2,0,1,8,0,"F",0,87500,26
1108764,2,0,0,4,0,"F",0,62500,27
1111628,2,0,1,5,0,"F",1,137500,28
1111718,2,0,0,7,1,"F",1,112500,29
1114150,2,0,0,3,0,"F",0,30000,30
1117270,2,0,0,2,0,"M",1,20000,31
1120531,2,0,0,6,1,"F",1,62500,32
1122158,2,0,1,5,0,"F",0,62500,33
1128451,2,0,2,6,0,"F",1,42500,34
1136393,2,0,0,8,0,"F",0,112500,35
1136784,2,0,0,3,0,"M",0,225000,36
1139371,2,0,0,3,1,"F",0,42500,37
1139886,2,0,0,5,1,"F",1,112500,38
1144195,2,0,0,6,1,"M",1,250000,39
1144979,2,0,2,13,0,"F",1,112500,40
1145339,2,0,0,8,1,"F",1,62500,41
1145483,2,0,0,3,0,"F",0,7500,42
1146117,2,0,0,4,0,"M",0,87500,43
1147315,2,0,1,7,0,"F",1,187500,44
1148446,2,0,0,6,1,"F",0,20000,45
1149897,2,0,0,3,0,"M",0,30000,46
1149964,2,0,1,6,0,"F",1,42500,47
1150751,2,0,0,3,0,"M",0,7500,48
1150797,2,0,1,6,1,"F",1,162500,49
1151559,2,0,2,9,1,"F",1,112500,50
1151769,2,0,2,9,3,"F",0,112500,51
1152166,2,0,0,5,0,"M",1,137500,52
1152366,2,0,0,1,0,"F",1,87500,53
1153528,2,0,1,7,0,"M",1,62500,54
1153766,2,0,1,7,1,"F",1,162500,55
1155123,2,0,0,1,0,"F",1,112500,56
1156205,2,0,1,8,1,"F",0,112500,57
1156827,2,0,1,7,0,"F",0,7500,58
1157198,2,0,1,7,1,"F",1,20000,59
1165832,2,0,1,7,2,"F",0,62500,60
1166157,2,1,1,10,2,"F",0,137500,61
1167911,2,0,1,8,0,"F",1,87500,62
1168134,2,0,1,7,0,"F",0,162500,63
1168271,2,0,2,6,0,"F",1,112500,64
1171923,2,0,0,5,0,"F",0,62500,65
1172112,2,0,0,8,0,"F",0,20000,66
1174038,2,0,0,1,0,"M",1,112500,67
1174562,2,0,0,4,0,"F",1,62500,68
1174985,2,0,1,7,0,"F",1,62500,69
1176048,2,0,1,7,1,"F",1,62500,70
1179432,2,0,0,6,0,"F",1,87500,71
1179878,2,0,0,2,0,"M",1,62500,72
1180407,2,0,2,6,0,"F",0,62500,73
1180590,2,0,2,5,0,"F",0,112500,74
1180640,2,0,1,4,0,"F",1,62500,75
1181283,2,0,0,4,1,"F",1,62500,76
1181372,2,0,0,3,0,"M",1,62500,77
1181576,2,0,0,3,0,"F",1,87500,78
1182877,2,0,1,4,0,"M",1,62500,79
1184139,2,0,1,4,0,"F",1,20000,80
1184169,2,0,1,9,2,"F",1,112500,81
1184297,2,0,2,5,1,"M",1,112500,82
1184913,2,0,1,4,0,"F",1,87500,83
1185813,2,0,0,2,0,"M",1,87500,84
1185876,2,0,0,1.11764705181122,0,"F",1,137500,85
1186126,2,0,2,7,0,"F",1,62500,86
1187131,2,0,0,1,0,"M",0,42500,87
1187232,2,0,1,5,0,"F",0,62500,88
1187420,2,0,2,6,0,"F",1,87500,89
1187873,2,1,0,7,1,"M",1,112500,90
1187978,2,0,1,6,0,"F",1,62500,91
1188069,2,0,0,3,0,"F",1,162500,92
1188761,2,0,1,6,0,"F",1,162500,93
1188833,2,1,0,3,2,"F",1,62500,94
1189258,2,0,0,5,0,"F",1,225000,95
1189412,2,0,0,2.08641982078552,0,"F",1,20000,96
1189715,2,0,0,4,0,"M",1,162500,97
1189764,2,0,0,2,0,"F",1,137500,98
1190134,2,0,1,8,0,"F",0,20000,99
1190711,2,0,1,7,0,"F",1,162500,100
1191253,2,0,1,6,1,"F",0,62500,101
1191595,2,0,0,5,0,"F",1,62500,102
1191968,2,0,1,4,0,"F",1,112500,103
1192704,2,0,1,7,0,"F",1,62500,104
1192874,2,0,1,5,0,"F",1,62500,105
1193114,2,0,1,7,0,"F",1,162500,106
1193232,2,0,0,1,2,"M",1,112500,107
1193743,2,0,1,9,0,"F",1,20000,108
1193751,2,0,0,3,0,"F",0,42500,109
1193787,2,0,0,3,0,"F",1,62500,110
1194121,2,0,1,5,0,"F",0,42500,111
1194319,2,0,2,6,0,"F",0,62500,112
1194477,2,0,2,12,1,"F",1,112500,113
1195243,2,0,1,7,0,"F",1,62500,114
1195315,2,0,1,5,0,"M",1,112500,115
1195629,2,0,1,6,0,"M",1,62500,116
1196370,2,0,1,9,1,"F",0,137500,117
1196373,2,0,1,4,0,"F",1,87500,118
1196532,2,0,1,8,1,"F",1,112500,119
1196672,2,0,1,6,0,"F",0,62500,120
1196715,2,0,1,5,0,"F",1,62500,121
1196867,2,0,1,8,1,"F",1,62500,122
1197628,2,0,0,3,0,"M",0,137500,123
1198131,2,0,0,3,0,"F",0,42500,124
1198229,2,0,1,4,0,"F",1,62500,125
1198340,2,0,0,2.20731711387634,0,"F",1,112500,126
1198656,2,0,0,1,0,"F",0,42500,127
1198936,2,0,2,9,1,"M",0,162500,128
1199872,2,0,1,7,0,"F",0,87500,129
1202556,2,0,1,7,1,"F",1,62500,130
1204291,2,0,0,1,0,"F",0,20000,131
1204517,2,0,1,7,0,"F",1,62500,132
1204703,2,0,0,5,0,"F",0,87500,133
1205899,2,0,0,4,0,"F",1,162500,134
1207119,2,0,1,5,0,"F",1,62500,135
1208107,2,0,0,2,0,"F",1,112500,136
1208888,2,0,0,1,0,"F",0,20000,137
1209486,2,0,1,6,1,"F",1,62500,138
1209955,2,0,0,3,0,"M",1,225000,139
1210800,2,0,1,6,0,"F",1,250000,140
1211027,2,0,1,6,0,"F",1,112500,141
1211068,2,0,0,10,0,"F",0,250000,142
1211288,2,0,2,6,0,"F",0,7500,143
1211807,2,0,0,3,1,"F",1,42500,144
1212464,2,0,1,5,0,"F",0,42500,145
1213078,2,1,1,7,1,"F",1,250000,146
1213693,2,0,2,8,0,"F",1,162500,147
1216811,2,0,1,5,0,"F",1,162500,148
1217376,2,1,2,8,2,"F",1,137500,149
1217401,2,0,2,8,0,"F",0,62500,150
1221162,2,0,0,5,0,"F",1,62500,151
1222034,2,0,2,5,0,"M",1,87500,152
1222561,2,0,0,4,0,"F",1,62500,153
1224353,2,0,1,6,0,"F",1,87500,154
1224379,2,0,1,5,0,"F",1,162500,155
1225029,2,0,0,2,0,"F",1,62500,156
1225288,2,0,0,4,0,"F",1,112500,157
1225581,2,0,1,5,0,"F",1,30000,158
1226932,2,0,0,6,0,"F",1,87500,159
1226943,2,0,0,5,1,"F",1,162500,160
1227191,2,0,1,6,0,"F",1,112500,161
1227743,2,0,1,10,0,"F",0,62500,162
1228628,2,0,0,2,0,"F",1,62500,163
1228793,2,0,1,8,0,"F",0,87500,164
1229147,2,0,1,6,0,"F",1,87500,165
1229564,2,0,2,7,2,"F",1,62500,166
1229612,2,0,1,7,1,"M",1,187500,167
1229771,2,0,2,11,0,"F",1,87500,168
1229884,2,0,0,4,0,"F",1,112500,169
1230105,2,0,2,6,3,"F",1,137500,170
1230445,2,0,0,3,0,"F",1,62500,171
1230648,2,0,1,5,0,"F",1,87500,172
1230860,2,0,1,5,0,"F",1,62500,173
1231637,2,0,0,3,0,"F",1,112500,174
1233436,2,0,1,6,0,"F",0,162500,175
1233553,2,0,1,6,0,"F",1,112500,176
1234916,2,0,2,9,1,"M",1,62500,177
1237257,2,0,1,5,0,"F",1,62500,178
1237667,2,0,1,6,0,"F",1,87500,179
1238108,2,0,1,5,0,"F",1,42500,180
1238707,2,0,0,5,0,"F",1,62500,181
1238904,2,0,1,6,0,"M",1,87500,182
1239286,2,0,0,6,0,"F",1,250000,183
1239623,2,0,1,5,0,"F",0,42500,184
1239849,2,0,0,3,0,"F",1,112500,185
1239936,2,0,0,1,0,"F",0,7500,186
1240102,2,0,0,3,0,"F",0,62500,187
1241439,2,0,0,5,0,"F",1,112500,188
1241595,2,0,1,6,0,"F",1,62500,189
1241711,2,2,1,6,2,"F",1,87500,190
1242022,2,1,0,2,1,"F",1,62500,191
1242223,2,0,0,5,0,"M",1,137500,192
1242542,2,0,0,3,0,"M",1,137500,193
1243937,2,1,1,8,2,"F",1,87500,194
1244277,2,0,1,5,0,"F",0,112500,195
1245286,2,0,0,4,0,"F",1,62500,196
1246704,2,0,1,7,0,"F",1,87500,197
1247392,2,0,1,6,1,"F",1,87500,198
1248826,2,0,1,7,3,"F",1,87500,199
1249794,2,0,0,4,0,"F",0,137500,200
1250074,2,0,1,7,0,"F",0,87500,201
1250242,2,0,0,3,0,"F",0,250000,202
1250577,2,0,1,6,1,"F",1,62500,203
1250585,2,0,1,7,0,"F",1,187500,204
1250879,2,0,1,5,0,"F",1,137500,205
1250899,2,0,0,4,0,"M",1,112500,206
1251138,2,0,0,5,1,"M",1,137500,207
1251550,2,0,1,7,0,"F",1,62500,208
1251623,2,0,0,5,0,"F",1,7500,209
1251804,2,0,0,1,0,"F",0,137500,210
1251816,2,0,1,6,0,"F",1,137500,211
1252257,2,0,2,6,0,"F",0,87500,212
1252297,2,0,0,7,1,"M",1,62500,213
1252403,2,0,2,6,2,"M",1,62500,214
1252534,2,0,1,4,0,"F",1,187500,215
1252759,2,0,1,10,0,"F",1,137500,216
1252878,2,2,2,7,2,"F",1,137500,217
1254168,2,0,1,7,0,"F",1,62500,218
1254684,2,0,2,8,2,"M",1,112500,219
1258925,2,0,1,7,0,"F",1,42500,220
1259640,2,0,1,3,0,"M",1,87500,221
1259672,2,0,2,6,0,"F",1,62500,222
1259740,2,0,2,6,0,"F",1,30000,223
1262332,2,0,2,7,0,"F",1,87500,224
1262373,2,0,1,6,0,"F",1,250000,225
1262926,2,0,1,5,0,"F",1,62500,226
1263058,2,0,0,5,0,"F",0,137500,227
1263919,2,0,1,6,0,"M",0,30000,228
1264065,2,0,2,7,0,"F",1,187500,229
1264317,2,0,1,7,3,"F",1,187500,230
1264505,2,0,1,4,1,"F",1,87500,231
1264703,2,0,2,6,0,"F",0,30000,232
1265443,2,0,1,6,0,"F",0,20000,233
1265755,2,0,1,7,2,"F",1,112500,234
1265835,2,0,2,5,0,"F",1,112500,235
1265892,2,0,0,5,0,"F",0,187500,236
1266201,2,0,0,1,0,"F",1,187500,237
1268413,2,0,0,5,0,"F",1,62500,238
1269756,2,0,2,7,0,"F",1,62500,239
1269824,2,0,0,5,1,"M",0,30000,240
1273931,2,0,1,5,0,"F",1,20000,241
1275308,2,0,2,5,0,"M",1,87500,242
1275698,2,0,0,5,0,"F",1,87500,243
1275888,2,0,0,3,0,"F",1,137500,244
1276784,2,0,0,2,0,"F",0,20000,245
1277335,2,0,0,6,1,"F",1,42500,246
1279299,2,0,0,3,1,"M",1,87500,247
1279847,2,0,1,6,1,"F",1,42500,248
1280469,2,0,2,7,0,"F",0,7500,249
1281674,2,0,1,5,1,"F",0,137500,250
1285561,2,1,2,7,1,"F",1,250000,251
1286058,2,0,1,8,0,"F",1,250000,252
1286676,2,0,1,10,0,"M",1,225000,253
1287337,2,0,1,5,0,"F",0,62500,254
1288054,2,0,2,6,0,"F",1,42500,255
1288246,2,0,1,5,0,"F",0,62500,256
1288502,2,0,1,9,0,"M",0,137500,257
1288666,2,0,1,5,0,"F",1,62500,258
1288675,2,0,1,6,0,"F",1,20000,259
1288774,2,0,3,7,0,"F",1,187500,260
1288902,2,0,1,9,2,"F",1,87500,261
1289229,2,0,0,2,0,"F",0,112500,262
1290077,2,0,0,4,0,"F",1,87500,263
1290515,2,0,0,3,0,"F",0,87500,264
1290723,2,0,2,4,0,"F",0,30000,265
1291318,2,0,0,2,0,"F",1,42500,266
1291608,2,0,1,7,0,"F",0,30000,267
1292847,2,0,2,16,1,"F",1,42500,268
1293296,2,0,1,7,1,"F",1,30000,269
1293595,2,0,1,5,0,"F",1,62500,270
1293939,2,0,3,9,0,"F",1,250000,271
1294157,2,0,1,6,1,"F",1,62500,272
1294200,2,0,1,5,0,"F",1,62500,273
1294399,2,0,1,6,0,"F",0,30000,274
1294837,2,0,1,7,1,"F",0,62500,275
1297008,2,0,1,5,0,"F",0,7500,276
1297323,2,0,0,4,0,"F",0,7500,277
1297452,2,0,1,10,0,"M",1,87500,278
1297615,2,0,1,5,0,"F",0,20000,279
1297678,2,0,0,6,1,"M",1,62500,280
1298036,2,0,0,6,1,"F",0,7500,281
1298136,2,0,1,7,0,"M",0,30000,282
1298614,2,0,1,6,0,"F",1,62500,283
1300363,2,0,1,5,0,"M",1,42500,284
1300457,2,0,0,3,1,"M",1,42500,285
1301237,2,0,0,3,0,"F",1,20000,286
1301332,2,0,1,6,0,"M",1,42500,287
1301620,2,0,0,4,0,"F",1,87500,288
1302173,2,0,1,6,0,"F",1,225000,289
1302216,2,0,0,2,0,"F",1,62500,290
1302375,2,0,3,6,0,"F",1,87500,291
1303092,2,0,2,6,0,"F",1,62500,292
1303908,2,0,0,4,0,"M",1,87500,293
1304518,2,0,2,9,1,"F",1,87500,294
1304751,2,0,1,6,1,"F",0,30000,295
1306505,2,0,1,6,2,"F",0,62500,296
1307675,2,0,1,7,0,"F",1,62500,297
1307821,2,0,2,8,1,"M",1,42500,298
1310138,2,0,0,5,0,"F",1,62500,299
1310269,2,0,1,5,0,"F",0,112500,300
1311143,2,0,0,4,0,"M",0,62500,301
1311172,2,0,0,4,1,"M",1,137500,302
1311388,2,0,1,10,0,"M",0,20000,303
1312227,2,0,1,7,0,"F",0,62500,304
1313291,2,0,0,1,0,"F",1,162500,305
1313396,2,1,1,14,1,"F",0,30000,306
1313735,2,0,1,5,0,"F",1,20000,307
1313856,2,0,1,8,2,"F",0,20000,308
1314520,2,0,1,6,2,"F",1,62500,309
1314682,2,0,0,2,0,"F",0,20000,310
1314969,2,0,3,7,0,"F",0,87500,311
1315946,2,0,1,6,0,"F",0,62500,312
1317054,2,0,1,8,0,"F",0,7500,313
1317356,2,0,1,7,0,"F",1,62500,314
1318696,2,0,0,6,3,"F",0,62500,315
1318996,2,0,0,5,0,"F",1,62500,316
1319548,2,0,0,5,0,"F",0,20000,317
1319613,2,0,1,6,0,"F",0,137500,318
1319738,2,0,0,4,0,"F",1,137500,319
1320734,2,0,1,6,0,"F",1,20000,320
1320750,2,0,0,3,0,"F",0,7500,321
1322205,2,0,0,11,1,"F",1,62500,322
1322235,2,0,1,8,0,"F",0,62500,323
1322521,2,0,1,5,0,"M",1,42500,324
1322942,2,0,2,6,0,"F",1,87500,325
1323304,2,0,1,9,5,"F",1,162500,326
1323359,2,0,1,13,2,"M",0,187500,327
1323491,2,0,0,6,1,"F",1,250000,328
1323698,2,0,0,4,1,"M",0,250000,329
1323962,2,0,1,7,0,"M",1,62500,330
1324251,2,0,0,5,0,"F",0,20000,331
1324843,2,0,0,8,0,"F",1,87500,332
1325556,2,0,0,2,0,"F",0,20000,333
1327146,2,0,1,7,0,"F",1,162500,334
1328158,2,0,1,6,0,"F",1,62500,335
1328623,2,0,2,6,1,"M",1,30000,336
1328832,2,0,1,8,1,"F",1,187500,337
1329574,2,0,2,5,0,"F",0,42500,338
1330046,2,0,0,3,1,"F",1,112500,339
1330272,2,0,1,6,0,"F",1,137500,340
1330497,2,0,1,6,0,"F",1,162500,341
1331244,2,0,1,7,0,"F",0,30000,342
1331261,2,0,1,6,0,"F",0,7500,343
1331950,2,0,2,7,1,"F",1,62500,344
1333858,2,0,1,5,0,"F",1,112500,345
1335680,2,0,0,2.70103096961975,0,"F",1,62500,346
1335920,2,0,1,6,0,"F",1,42500,347
1335980,2,0,1,5,0,"F",0,20000,348
1336426,2,0,0,7,1,"F",0,20000,349
1336946,2,0,0,5,0,"M",1,20000,350
1338200,2,0,1,7,1,"F",1,162500,351
1338378,2,0,1,6,1,"F",1,225000,352
1339574,2,0,1,7,1,"F",1,42500,353
1339822,2,0,0,6,0,"F",1,112500,354
1340176,2,0,0,4,0,"M",1,42500,355
1340267,2,0,1,6,0,"F",0,42500,356
1341891,2,0,1,5,0,"F",0,62500,357
1342799,2,0,0,6,0,"F",0,62500,358
1343216,2,0,0,4,0,"F",0,187500,359
1344265,2,0,0,1,0,"F",0,87500,360
1344499,2,0,1,6,1,"F",1,87500,361
1344614,2,2,1,10,3,"M",1,225000,362
1345984,2,0,2,8,0,"F",1,112500,363
1346234,2,0,0,4,0,"F",0,162500,364
1347945,2,0,1,5,0,"F",0,112500,365
1348467,2,0,0,6,0,"F",0,87500,366
1348663,2,0,1,7,0,"F",1,62500,367
1348726,2,0,1,5,0,"F",1,62500,368
1349285,2,0,1,8,1,"F",0,42500,369
1349428,2,0,1,6,0,"F",1,87500,370
1349951,2,0,1,5,0,"F",1,20000,371
1350291,2,0,1,9,0,"M",1,87500,372
1350434,2,1,0,6,1,"F",1,162500,373
1351173,2,0,0,3,0,"F",0,87500,374
1351468,2,0,1,5,0,"F",1,7500,375
1351509,2,0,0,3,0,"F",1,62500,376
1351586,2,0,1,6,0,"F",1,162500,377
1351796,2,0,1,6,0,"F",1,7500,378
1352046,2,0,0,6,0,"F",1,87500,379
1352301,2,0,0,2,0,"F",1,42500,380
1352756,2,0,1,6,0,"F",1,62500,381
1352986,2,0,1,6,1,"F",1,42500,382
1353809,2,0,1,14,4,"F",1,112500,383
1353961,2,0,1,8,0,"F",0,20000,384
1354452,2,0,1,8,1,"F",1,62500,385
1354598,2,0,1,5,1,"F",0,42500,386
1354602,2,0,1,6,0,"M",1,62500,387
1354673,2,0,2,5,0,"F",0,7500,388
1355604,2,0,1,5,0,"M",1,7500,389
1356206,2,0,0,7,2,"F",1,62500,390
1358021,2,0,1,7,1,"F",1,112500,391
1358933,2,0,1,6,1,"F",0,112500,392
1361465,2,0,1,5,0,"F",0,137500,393
1362107,2,0,0,1,1,"M",1,162500,394
1363023,2,0,1,5,0,"F",1,30000,395
1363370,2,0,0,4,0,"M",1,62500,396
1364059,2,0,1,7,1,"M",1,112500,397
1366217,2,0,0,4,0,"M",0,112500,398
1366244,2,0,0,6,1,"F",0,112500,399
1367411,2,0,1,5,0,"F",1,20000,400
1367420,2,0,2,14,2,"F",1,162500,401
1368140,2,0,2,5,0,"F",1,62500,402
1368385,2,0,0,1,0,"M",1,162500,403
1369918,2,0,1,7,1,"F",1,87500,404
1372221,2,0,0,2,0,"F",1,7500,405
1372333,2,0,0,5,0,"F",1,62500,406
1374105,2,0,1,6,1,"F",0,7500,407
1374132,2,0,1,7,0,"M",1,62500,408
1374680,2,0,0,2,0,"F",1,62500,409
1375113,2,0,1,5,0,"F",1,87500,410
1376245,2,0,0,1,0,"F",0,62500,411
1377492,2,0,2,9,0,"F",1,137500,412
1377719,2,0,0,2,0,"F",1,137500,413
1378071,2,1,1,6,1,"F",0,62500,414
1378409,2,0,2,7,0,"F",1,62500,415
1380721,2,0,1,1,0,"F",1,42500,416
1381136,2,0,0,5,0,"F",1,62500,417
1381384,2,1,2,6,1,"F",1,162500,418
1381552,2,0,0,5,1,"M",1,87500,419
1381639,2,0,1,5,0,"F",1,225000,420
1381711,2,0,1,6,0,"F",1,87500,421
1382137,2,0,0,4,0,"F",1,112500,422
1382624,2,0,1,6,3,"F",1,62500,423
1382975,2,0,2,8,1,"F",1,112500,424
1384230,2,0,1,7,0,"F",1,137500,425
1384341,2,0,1,5,0,"F",0,137500,426
1385468,2,0,0,4,0,"F",1,250000,427
1385831,2,0,1,6,1,"F",1,42500,428
1386066,2,0,0,3,1,"F",1,112500,429
1386120,2,0,1,5,2,"F",1,42500,430
1387428,2,0,1,5,0,"F",0,62500,431
1387588,2,0,1,5,0,"F",1,42500,432
1388210,2,0,1,3,2,"M",1,62500,433
1388355,2,1,0,3,1,"F",1,62500,434
1388513,2,0,0,4,0,"F",1,162500,435
1388833,2,0,1,8,1,"F",0,42500,436
1389030,2,0,1,6,0,"F",1,62500,437
1389384,2,0,1,8,0,"F",0,42500,438
1389406,2,0,1,7,0,"F",1,87500,439
1389477,2,0,1,5,0,"F",1,62500,440
1390351,2,0,1,5,0,"M",1,162500,441
1392387,2,0,2,5,0,"F",0,87500,442
1393255,2,0,0,4,2,"F",1,87500,443
1393466,2,0,0,4,0,"M",1,87500,444
1393929,2,0,1,9,0,"F",1,225000,445
1394027,2,1,0,3,2,"F",1,162500,446
1395064,2,0,2,6,1,"F",1,162500,447
1395309,2,0,1,4,0,"F",0,42500,448
1395394,2,0,1,6,3,"F",0,7500,449
1396474,2,0,0,1.76344084739685,0,"F",1,62500,450
1396597,2,0,0,2,1,"F",1,87500,451
1396618,2,0,0,5,0,"F",1,87500,452
1396830,2,0,2,5,0,"F",1,87500,453
1397814,2,0,0,7,1,"M",1,137500,454
1398493,2,0,0,1,0,"F",1,87500,455
1398606,2,0,0,4,0,"M",1,20000,456
1399233,2,0,0,5,0,"F",0,42500,457
1399269,2,0,1,6,0,"F",1,62500,458
1399329,2,0,1,9,0,"F",1,112500,459
1401246,2,0,0,2,0,"F",1,42500,460
1401458,2,0,1,7,0,"F",1,62500,461
1403021,2,0,1,6,0,"F",1,112500,462
1403631,2,0,1,5,0,"F",1,62500,463
1403972,2,0,2,11,6,"F",1,162500,464
1404355,2,0,1,5,0,"F",1,87500,465
1404418,2,0,0,5,0,"F",1,42500,466
1404842,2,0,0,2,1,"M",1,112500,467
1405544,2,2,1,9,5,"F",0,20000,468
1406907,2,0,1,6,0,"F",1,87500,469
1408575,2,0,0,4,0,"M",0,30000,470
1410385,2,0,2,5,0,"F",1,162500,471
1411418,2,2,0,5,3,"M",1,87500,472
1412397,2,0,1,7,0,"M",1,42500,473
1412511,2,0,0,1,0,"F",1,42500,474
1412646,2,0,1,10,0,"F",1,162500,475
1413182,2,0,1,6,0,"F",1,112500,476
1413837,2,0,1,5,0,"F",1,225000,477
1413925,2,0,1,7,4,"F",0,62500,478
1414361,2,0,0,2,0,"F",1,112500,479
1414857,2,0,0,4,0,"M",1,162500,480
1414873,2,0,2,4,0,"F",1,112500,481
1415098,2,0,1,9,3,"F",0,87500,482
1415320,2,1,3,6,1,"F",1,162500,483
1416429,2,0,2,11,2,"F",1,87500,484
1416731,2,0,1,4,0,"F",1,162500,485
1416940,2,0,1,6,0,"F",0,137500,486
1417159,2,0,0,5,0,"M",0,20000,487
1417523,2,0,0,2,0,"F",1,187500,488
1418358,2,0,2,6,0,"F",0,112500,489
1418818,2,0,3,8,0,"F",1,87500,490
1419071,2,0,1,8,0,"M",1,87500,491
1419406,2,0,1,5,0,"F",1,62500,492
1419467,2,0,0,5,1,"F",1,162500,493
1419627,2,0,1,9,0,"M",1,87500,494
1419833,2,0,1,5,0,"F",1,225000,495
1420095,2,0,0,2,1,"M",1,187500,496
1420139,2,0,1,5,0,"F",1,112500,497
1420150,2,0,1,4,0,"F",0,7500,498
1420458,2,0,1,5,0,"M",1,20000,499
1420461,2,0,2,5,0,"F",1,62500,500
1420462,2,0,2,6,0,"F",1,162500,501
1420478,2,0,2,2,0,"F",1,42500,502
1420505,2,0,0,2,0,"F",0,7500,503
1420957,2,0,0,1,0,"F",1,225000,504
1420990,2,0,1,8,0,"F",0,87500,505
1421112,2,0,0,5,0,"F",0,87500,506
1421265,2,0,1,10,0,"F",0,137500,507
1421359,2,0,0,4,0,"F",0,7500,508
1422155,2,0,1,7,0,"F",1,187500,509
1422249,2,0,0,3,1,"M",0,62500,510
1424297,2,0,0,2,0,"M",1,20000,511
1424626,2,0,1,6,0,"F",0,112500,512
1425960,2,0,1,4,0,"F",0,20000,513
1426165,2,0,1,6,0,"F",0,112500,514
1426230,2,0,0,2,0,"F",0,7500,515
1426266,2,0,1,5,0,"F",1,112500,516
1426799,2,0,0,5,0,"F",1,87500,517
1427258,2,0,2,5,0,"F",0,62500,518
1427579,2,0,2,3,0,"F",1,87500,519
1427915,2,0,0,4,0,"F",0,62500,520
1428277,2,0,1,5,0,"M",1,112500,521
1429936,2,0,2,10,2,"F",1,187500,522
1430214,2,0,1,4,0,"M",0,112500,523
1430754,2,0,0,3,0,"M",1,187500,524
1431104,2,0,1,6,0,"F",0,250000,525
1431118,2,0,0,3,0,"F",1,62500,526
1431340,2,0,0,5,0,"F",0,87500,527
1431513,2,0,2,8,0,"F",1,62500,528
1431697,2,0,0,3,0,"F",1,87500,529
1431949,2,0,2,5,0,"F",1,42500,530
1432387,2,0,2,5,0,"F",0,162500,531
1432724,2,0,1,4,1,"F",1,20000,532
1432840,2,0,1,7,1,"F",1,20000,533
1432998,2,0,0,4,0,"F",1,62500,534
1433194,2,0,1,8,0,"F",1,42500,535
1433587,2,0,1,5,0,"M",1,87500,536
1434275,2,0,2,9,0,"F",1,20000,537
1434712,2,0,0,1.83333337306976,0,"F",1,42500,538
1435022,2,0,0,3,0,"F",1,187500,539
1435557,2,0,0,1,0,"M",1,62500,540
1435794,2,0,1,5,0,"F",0,87500,541
1435996,2,0,1,5,0,"F",1,112500,542
1436928,2,0,0,5,0,"F",1,112500,543
1437747,2,0,0,5,0,"F",1,137500,544
1437857,2,0,1,11,2,"M",1,62500,545
1437869,2,0,1,5,0,"F",1,187500,546
1437899,2,0,1,5,1,"F",1,137500,547
1438760,2,0,1,11,3,"F",1,137500,548
1438884,2,0,1,7,0,"M",1,87500,549
1439629,2,0,1,6,0,"F",1,7500,550
1439689,2,0,0,3,0,"F",1,112500,551
1439713,2,0,1,4,0,"F",1,62500,552
1440356,2,0,0,2,0,"M",1,250000,553
1441053,2,0,1,6,0,"M",1,30000,554
1441466,2,0,1,7,0,"F",1,250000,555
1442287,2,0,2,8,2,"F",0,187500,556
1442704,2,0,1,7,0,"F",1,87500,557
1443687,2,0,1,6,0,"F",0,87500,558
1443964,2,0,2,3,0,"F",1,250000,559
1444485,2,0,1,5,1,"F",1,112500,560
1445100,2,1,2,7,2,"F",1,87500,561
1446288,2,0,1,10,0,"F",0,62500,562
1447092,2,0,0,3,0,"M",1,42500,563
1447298,2,0,1,7,0,"F",1,62500,564
1448763,2,0,0,4,0,"F",0,62500,565
1448901,2,0,0,3,0,"F",0,62500,566
1449431,2,0,0,4,0,"F",1,137500,567
1450170,2,0,1,10,1,"F",0,62500,568
1450180,2,0,0,3,0,"M",1,62500,569
1450746,2,0,2,7,0,"F",1,7500,570
1450805,2,0,0,1,0,"M",1,225000,571
1450890,2,0,1,8,1,"F",1,225000,572
1451275,2,0,0,5,0,"M",1,62500,573
1451865,2,0,1,5,0,"F",1,225000,574
1452879,2,0,1,6,0,"F",1,137500,575
1454110,2,0,1,5,0,"F",1,62500,576
1454343,2,0,2,9,0,"M",0,30000,577
1454425,2,0,0,5,0,"F",1,112500,578
1454661,2,0,2,8,1,"F",1,87500,579
1455466,2,0,1,6,0,"F",1,87500,580
1455615,2,0,0,1,0,"F",1,7500,581
1455721,2,0,0,2,0,"M",1,87500,582
1455906,2,0,1,5,0,"F",1,250000,583
1456029,2,0,1,4,0,"F",1,42500,584
1456155,2,0,2,7,0,"F",1,250000,585
1456186,2,0,2,4,1,"F",1,20000,586
1456531,2,0,2,6,0,"F",1,187500,587
1456609,2,0,0,2,0,"F",1,62500,588
1456628,2,0,2,6,0,"F",1,250000,589
1456919,2,0,0,2,0,"F",1,30000,590
1457625,2,0,2,6,0,"F",1,112500,591
1457777,2,1,1,6,2,"F",1,62500,592
1457830,2,0,0,5,0,"F",1,112500,593
1457984,2,0,2,7,0,"F",1,112500,594
1458214,2,0,1,6,0,"F",1,225000,595
1460277,2,0,0,3,0,"F",1,62500,596
1460380,2,0,1,8,1,"F",0,42500,597
1460953,2,0,1,6,1,"F",0,250000,598
1461151,2,0,0,1,0,"F",1,87500,599
1461397,2,0,1,5,1,"F",1,137500,600
1462847,2,2,0,7,11,"F",1,162500,601
1462878,2,0,1,7,1,"F",1,7500,602
1463072,2,0,1,6,0,"F",1,87500,603
1464188,2,0,0,1,0,"F",1,137500,604
1464264,2,0,1,6,0,"M",1,112500,605
1464335,2,0,2,7,1,"F",1,187500,606
1464618,2,0,2,5,1,"F",1,112500,607
1465220,2,0,1,10,1,"F",1,137500,608
1466204,2,0,1,9,3,"F",1,87500,609
1466494,2,0,0,3,0,"M",1,20000,610
1466816,2,0,1,7,2,"F",1,137500,611
1466833,2,0,1,6,0,"F",1,87500,612
1466886,2,0,1,7,0,"F",1,137500,613
1466955,2,0,1,6,0,"F",1,250000,614
1467019,2,0,0,4,0,"F",0,137500,615
1467058,2,0,1,5,0,"F",0,20000,616
1467155,2,0,1,6,0,"M",0,62500,617
1467520,2,0,0,4,1,"F",1,250000,618
1467621,2,0,1,5,1,"F",1,62500,619
1468654,2,0,0,2,0,"F",1,87500,620
1468709,2,0,1,6,0,"F",1,30000,621
1468714,2,0,1,6,1,"F",0,112500,622
1468733,2,0,2,8,0,"F",1,62500,623
1468745,2,0,0,3,0,"M",1,62500,624
1469175,2,0,3,11,0,"F",0,87500,625
1469204,2,0,1,4,0,"F",1,112500,626
1469239,2,1,2,10,2,"F",1,112500,627
1469248,2,0,0,4,1,"F",1,112500,628
1469990,2,1,1,6,1,"M",1,187500,629
1470110,2,0,2,5,0,"F",0,62500,630
1470965,2,0,1,6,1,"F",0,62500,631
1471445,2,0,0,5,0,"F",1,162500,632
1471473,2,0,0,3,0,"M",1,62500,633
1471528,2,0,1,6,0,"F",1,112500,634
1471566,2,0,0,2,0,"F",1,30000,635
1471723,2,0,1,5,1,"F",1,187500,636
1471767,2,0,0,6,1,"M",1,87500,637
1471934,2,0,1,4,0,"F",0,112500,638
1472977,2,0,1,9,2,"F",1,87500,639
1474598,2,0,1,6,0,"M",1,87500,640
1475170,2,0,2,5,0,"M",0,87500,641
1477477,2,0,0,1.65277779102325,0,"M",0,112500,642
1478058,2,0,2,6,0,"F",1,87500,643
1478617,2,0,1,6,0,"F",1,225000,644
1479489,2,0,2,5,1,"F",1,62500,645
1480578,2,0,0,4,0,"F",0,62500,646
1481279,2,0,1,5,0,"F",0,162500,647
1481476,2,0,2,5,1,"F",1,7500,648
1482005,2,0,0,1,0,"M",1,62500,649
1482267,2,0,0,3,0,"F",1,225000,650
1482614,2,0,2,5,2,"F",0,87500,651
1482816,2,0,0,3,1,"F",1,62500,652
1483049,2,1,1,8,1,"F",0,20000,653
1484259,2,0,1,6,1,"F",0,7500,654
1484519,2,0,3,8,1,"F",1,42500,655
1484930,2,0,1,4,0,"F",1,162500,656
1486404,2,0,2,5,0,"F",0,42500,657
1487790,2,0,2,6,1,"M",1,187500,658
1488086,2,0,0,7,1,"F",1,112500,659
1489319,2,0,0,5,0,"F",0,42500,660
1490014,2,0,0,2,0,"M",1,62500,661
1491416,2,0,2,5,0,"F",0,112500,662
1491563,2,0,0,3,1,"M",1,162500,663
1492025,2,0,1,7,0,"F",1,62500,664
1492036,2,0,1,5,1,"F",1,87500,665
1493569,2,0,0,3,0,"F",1,112500,666
1498287,2,0,1,9,0,"F",1,162500,667
1498483,2,0,0,1,0,"F",1,62500,668
1498656,2,0,1,5,0,"M",1,137500,669
1501397,2,0,0,6,0,"M",1,112500,670
1501443,2,0,1,5,0,"F",0,7500,671
1501825,2,0,2,6,0,"F",1,225000,672
1501848,2,0,0,2,0,"F",1,112500,673
1501917,2,0,0,4,0,"F",1,137500,674
1502135,2,0,0,4,0,"F",1,87500,675
1502146,2,0,1,6,2,"F",1,62500,676
1502599,2,0,1,8,1,"F",1,187500,677
1504289,2,0,0,4,0,"F",1,137500,678
1507421,2,0,0,1,0,"F",0,20000,679
1509331,2,0,1,7,0,"M",1,62500,680
1509782,2,0,0,4,0,"F",1,62500,681
1509874,2,0,0,1,0,"F",1,42500,682
1511973,2,0,0,7,2,"M",0,7500,683
1512249,2,1,2,7,2,"F",1,187500,684
1512656,2,0,2,6,2,"F",1,187500,685
1513530,2,0,3,8,0,"F",1,62500,686
1513806,2,0,0,2,0,"F",1,62500,687
1514087,2,0,0,2,0,"F",0,112500,688
1514098,2,0,1,6,0,"F",1,187500,689
1514327,2,0,1,5,0,"F",0,87500,690
1514351,2,0,0,5,1,"M",1,187500,691
1514819,2,0,0,5,0,"F",1,30000,692
1516894,2,0,0,5,1,"M",1,250000,693
1518132,2,0,1,6,1,"F",0,62500,694
1518564,2,0,0,1,0,"F",1,112500,695
1519598,2,0,1,6,0,"F",1,187500,696
1520012,2,0,0,1,0,"F",1,187500,697
1520720,2,0,3,6,0,"F",1,62500,698
1522154,2,0,1,7,0,"F",1,137500,699
1522471,2,0,1,7,1,"M",1,162500,700
1523997,2,2,1,7,3,"F",1,225000,701
1524038,2,0,2,5,0,"F",1,250000,702
1524967,2,0,0,1.25,0,"F",1,250000,703
1525049,2,0,2,9,2,"F",1,187500,704
1525556,2,0,2,8,1,"M",1,162500,705
1526044,2,0,0,4,0,"M",1,87500,706
1526280,2,0,0,2,0,"M",1,20000,707
1526638,2,0,0,3,0,"F",1,225000,708
1527800,2,0,0,1,1,"F",1,137500,709
1527932,2,2,1,9,2,"F",1,187500,710
1527966,2,0,0,5,0,"F",1,250000,711
1528038,2,0,0,4,1,"M",1,225000,712
1528103,2,0,2,6,3,"F",1,225000,713
1528515,2,0,0,1,1,"F",0,225000,714
1529646,2,0,1,8,2,"F",1,225000,715
1530199,2,0,0,3.60824751853943,0,"M",1,62500,716
1530200,2,0,1,6,0,"F",1,137500,717
1530561,2,0,1,4,0,"F",1,42500,718
1530887,2,0,2,6,0,"F",1,87500,719
1531800,2,0,1,4,1,"F",0,62500,720
1531915,2,0,0,3,0,"F",1,250000,721
1531924,2,0,2,7,0,"F",0,225000,722
1531984,2,0,1,5,0,"F",0,42500,723
1532052,2,0,0,3,0,"M",1,87500,724
1532113,2,0,1,6,1,"F",1,87500,725
1532334,2,0,1,5,0,"F",1,225000,726
1532420,2,0,0,2,0,"F",1,30000,727
1532431,2,0,1,5,0,"F",0,20000,728
1532738,2,0,2,11,0,"F",1,225000,729
1532841,2,0,2,6,2,"F",1,42500,730
1533843,2,0,1,5,0,"F",1,42500,731
1533874,2,0,1,5,1,"F",1,137500,732
1533971,2,1,1,8,1,"F",1,137500,733
1534792,2,0,2,5,0,"F",1,187500,734
1535057,2,0,1,7,0,"F",1,137500,735
1535333,2,2,2,11,5,"M",1,87500,736
1535547,2,0,1,7,0,"F",1,187500,737
1535701,2,1,1,5,2,"M",1,62500,738
1535732,2,0,1,6,0,"F",1,187500,739
1535755,2,1,1,6,1,"F",1,112500,740
1536000,2,0,1,5,1,"F",1,187500,741
1536405,2,0,0,3,0,"F",1,62500,742
1536527,2,0,0,2,0,"F",1,225000,743
1536579,2,0,0,3,0,"F",1,187500,744
1537347,2,0,1,7,3,"F",1,225000,745
1537995,2,0,0,1,0,"F",0,62500,746
1538175,2,2,3,9,3,"F",1,250000,747
1538662,2,0,1,6,0,"F",1,112500,748
1538919,2,0,0,3,0,"F",1,250000,749
1539494,2,0,2,7,0,"F",1,250000,750
1539570,2,0,0,3,1,"F",1,87500,751
1540059,2,0,1,6,0,"M",1,87500,752
1540194,2,0,0,1,0,"F",1,187500,753
1540364,2,0,2,10,2,"F",1,7500,754
1540829,2,0,0,4,0,"F",1,187500,755
1540910,2,1,1,9,4,"F",1,137500,756
1540936,2,1,1,8,2,"F",1,62500,757
1541156,2,1,1,6,1,"F",1,7500,758
1541593,2,0,2,7,0,"F",1,250000,759
1541662,2,0,2,6,0,"F",1,112500,760
1541734,2,0,1,7,1,"F",1,137500,761
1541834,2,1,0,2.91262125968933,1,"F",1,250000,762
1541894,2,0,2,3,0,"F",0,42500,763
1542247,2,0,1,6,0,"F",1,225000,764
1542523,2,0,2,6,1,"F",1,187500,765
1542740,2,0,1,6,0,"F",0,30000,766
1543012,2,0,0,5,0,"M",1,112500,767
1543181,2,0,2,9,2,"M",1,250000,768
1543552,2,0,2,7,0,"F",0,112500,769
1543563,2,0,1,6,1,"F",1,250000,770
1543633,2,0,2,9,1,"F",1,112500,771
1544590,2,0,1,7,2,"F",0,187500,772
1544693,2,0,2,7,1,"F",1,250000,773
1545273,2,0,1,7,2,"F",0,137500,774
1545322,2,0,1,5,0,"M",1,250000,775
1546709,2,0,0,3,2,"F",1,250000,776
1546922,2,0,2,6,0,"M",1,137500,777
1546932,2,0,1,6,1,"F",0,112500,778
1546959,2,1,1,9,2,"F",1,187500,779
1546989,2,0,1,4,0,"M",1,225000,780
1547464,2,0,1,7,2,"F",1,87500,781
1547476,2,0,1,6,0,"F",0,225000,782
1547622,2,0,0,5,0,"F",1,187500,783
1547752,2,0,0,3.74757289886475,0,"F",1,112500,784
1547850,2,0,1,5,1,"F",1,20000,785
1548040,2,0,0,3,0,"F",0,112500,786
1548129,2,0,1,7,0,"F",1,112500,787
1548209,2,0,2,8,0,"F",1,20000,788
1548503,2,0,1,5,0,"F",1,62500,789
1548540,2,0,1,6,0,"F",1,87500,790
1548673,2,0,1,8,1,"F",1,112500,791
1549599,2,0,1,6,0,"M",1,187500,792
1550040,2,0,1,5,0,"M",1,20000,793
1550161,2,0,2,10,2,"F",1,62500,794
1550456,2,0,1,8,2,"F",1,225000,795
1550894,2,0,1,6,0,"F",1,87500,796
1551030,2,0,1,6,0,"F",1,225000,797
1551330,2,0,0,1,0,"M",1,87500,798
1551510,2,0,0,5,0,"F",1,162500,799
1551891,2,0,2,5,0,"F",1,187500,800
1552409,2,0,0,6,0,"M",1,137500,801
1552458,2,0,2,8,1,"F",1,62500,802
1552507,2,0,0,4,0,"F",1,137500,803
1552803,2,0,1,6,0,"F",1,225000,804
1552831,2,0,1,5,0,"M",1,112500,805
1553098,2,0,1,6,0,"F",1,87500,806
1553185,2,0,2,5,0,"F",1,187500,807
1553615,2,0,1,4,0,"F",1,187500,808
1553840,2,1,1,7,1,"M",1,20000,809
1553857,2,0,0,2.21875,1,"M",1,87500,810
1553951,2,0,2,6,0,"F",1,225000,811
1554033,2,0,0,6,0,"F",1,62500,812
1554034,2,1,1,6,1,"F",1,162500,813
1554062,2,0,0,1,0,"F",1,87500,814
1554533,2,0,1,5,1,"F",1,62500,815
1554853,2,0,0,2,1,"M",1,42500,816
1554983,2,0,0,4,0,"M",1,87500,817
1555310,2,0,1,9,0,"F",1,187500,818
1555529,2,0,1,6,2,"M",1,225000,819
1555776,2,0,1,5,0,"F",1,20000,820
1555876,2,0,0,6,0,"F",0,112500,821
1556592,2,0,1,4,0,"F",1,62500,822
1556634,2,0,0,1,0,"M",0,87500,823
1556652,2,0,1,5,1,"F",1,42500,824
1557407,2,0,0,3,0,"F",1,162500,825
1557751,2,0,1,7,0,"F",1,162500,826
1558181,2,0,1,5,0,"F",0,62500,827
1558593,2,0,1,7,1,"F",1,137500,828
1559861,2,0,1,7,2,"F",0,20000,829
1560624,2,0,1,2,0,"F",1,62500,830
1561366,2,0,1,5,0,"F",1,62500,831
1561573,2,0,0,4,0,"F",1,137500,832
1563321,2,0,0,4,1,"F",1,187500,833
1563505,2,0,0,4,0,"M",0,62500,834
1563807,2,0,1,8,2,"F",0,112500,835
1564353,2,0,1,3,0,"F",1,137500,836
1564381,2,2,1,6,3,"F",1,42500,837
1564432,2,0,0,4,0,"F",1,20000,838
1564440,2,0,1,7,0,"F",1,62500,839
1564588,2,0,0,2,0,"F",1,162500,840
1565437,2,0,1,6,0,"F",1,87500,841
1565459,2,0,1,8,2,"F",1,162500,842
1565552,2,0,0,5,1,"F",1,187500,843
1565565,2,0,1,5,0,"M",0,112500,844
1565621,2,0,1,5,0,"F",1,42500,845
1566766,2,0,1,8,1,"F",1,62500,846
1566910,2,0,0,3.34313726425171,0,"M",0,42500,847
1567216,2,0,1,7,0,"F",1,112500,848
1567225,2,0,1,5,0,"F",1,42500,849
1567585,2,0,1,6,0,"M",0,87500,850
1568736,2,0,0,4,0,"F",1,137500,851
1569143,2,0,1,6,2,"F",1,87500,852
1569250,2,0,0,4,0,"M",0,7500,853
1570352,2,0,1,3,0,"F",1,62500,854
1570791,2,0,0,4,0,"F",1,112500,855
1571168,2,0,1,7,1,"F",1,42500,856
1571704,2,0,1,9,7,"F",1,42500,857
1572013,2,0,2,5,0,"F",1,87500,858
1572475,2,1,1,8,1,"F",1,87500,859
1572791,2,0,0,2,0,"F",0,137500,860
1572826,2,0,2,7,1,"F",1,87500,861
1572876,2,0,0,3,0,"M",0,20000,862
1573368,2,0,1,5,0,"M",0,62500,863
1573406,2,1,0,1,2,"F",1,87500,864
1573782,2,0,0,3,0,"F",1,112500,865
1573961,2,0,1,5,0,"M",1,62500,866
1574217,2,0,0,5,0,"M",1,187500,867
1574944,2,0,1,8,3,"F",1,87500,868
1575622,2,1,1,8,2,"F",1,137500,869
1575638,2,0,1,6,0,"F",1,87500,870
1575664,2,0,1,4,0,"F",0,20000,871
1576304,2,1,1,9,1,"M",1,250000,872
1576669,2,0,1,10,2,"F",1,112500,873
1576876,2,0,0,2,0,"F",1,137500,874
1576998,2,0,0,3,0,"F",1,250000,875
1577505,2,0,0,8,1,"M",0,20000,876
1577931,2,0,1,7,4,"F",0,112500,877
1580292,2,0,2,8,1,"F",1,250000,878
1580324,2,0,1,7,0,"M",1,87500,879
1580380,2,0,1,9,2,"F",1,187500,880
1580422,2,0,0,1,0,"M",1,225000,881
1580699,2,0,0,6,1,"M",1,30000,882
1581113,2,0,1,6,0,"F",0,112500,883
1581720,2,0,0,3,0,"F",1,250000,884
1582050,2,0,0,5,0,"F",1,137500,885
1582294,2,0,0,6,0,"F",1,250000,886
1582445,2,0,0,1,0,"F",1,137500,887
1582970,2,0,0,1,0,"F",1,187500,888
1583212,2,0,0,4,0,"F",1,250000,889
1583903,2,0,1,10,1,"F",1,250000,890
1583918,2,0,1,6,0,"F",0,162500,891
1584353,2,1,2,7,3,"F",0,87500,892
1584557,2,0,0,4,0,"F",1,62500,893
1584736,2,2,3,7,2,"F",0,87500,894
1584822,2,0,1,9,1,"F",1,62500,895
1585152,2,0,1,9,0,"F",1,30000,896
1586387,2,0,1,6,1,"F",1,187500,897
1586988,2,0,1,7,0,"F",1,87500,898
1587401,2,0,2,6,1,"F",1,87500,899
1587615,2,0,1,6,0,"F",1,30000,900
1587812,2,1,1,7,1,"F",1,225000,901
1588035,2,0,0,2,0,"F",1,112500,902
1588596,2,0,0,5,0,"M",1,137500,903
1588827,2,0,0,1,0,"M",1,137500,904
1588865,2,0,0,2,0,"M",1,112500,905
1589682,2,0,1,7,0,"F",1,250000,906
1589774,2,0,0,4,0,"M",1,62500,907
1590492,2,0,2,6,0,"M",1,250000,908
1590674,2,0,1,6,1,"F",1,20000,909
1590711,2,0,2,5,0,"F",1,187500,910
1590921,2,0,1,9,2,"F",1,250000,911
1590969,2,0,1,7,1,"F",0,42500,912
1591056,2,0,0,2,0,"F",1,225000,913
1591165,2,0,0,2,0,"F",1,250000,914
1591251,2,0,1,4,1,"F",0,87500,915
1591366,2,0,1,5,0,"M",1,250000,916
1591670,2,0,0,10,0,"M",1,137500,917
1591722,2,0,0,2,0,"F",0,62500,918
1591917,2,0,1,7,0,"F",1,187500,919
1591990,2,0,0,2.26373624801636,0,"M",0,42500,920
1592216,2,0,1,4,1,"F",1,62500,921
1592278,2,0,1,5,1,"F",1,187500,922
1592293,2,0,1,5,0,"F",1,112500,923
1592707,2,0,1,6,1,"F",1,250000,924
1592744,2,0,1,5,2,"F",0,112500,925
1592908,2,0,3,5,0,"F",1,87500,926
1593038,2,0,2,4,1,"F",1,112500,927
1593301,2,0,2,8,0,"M",1,62500,928
1593487,2,0,1,8,2,"M",1,87500,929
1593651,2,0,0,4,1,"F",1,42500,930
1593813,2,0,1,6,1,"F",0,20000,931
1594152,2,0,1,5,0,"F",1,87500,932
1594307,2,0,1,5,0,"F",0,87500,933
1594407,2,0,1,5,0,"F",1,187500,934
1594775,2,0,1,5,1,"F",1,42500,935
1596452,2,0,0,5,0,"F",1,112500,936
1596829,2,0,1,6,0,"M",1,112500,937
1597491,2,0,1,6,0,"F",1,42500,938
1598463,2,0,1,8,0,"F",1,62500,939
1598633,2,0,1,7,1,"F",1,112500,940
1598919,2,0,1,4,0,"F",0,62500,941
1599722,2,0,2,7,1,"M",1,42500,942
1599748,2,0,1,7,0,"F",0,7500,943
1601262,2,1,1,6,1,"F",1,62500,944
1601710,2,0,1,5,0,"F",1,87500,945
1601726,2,0,2,6,1,"F",1,87500,946
1602013,2,0,0,2,0,"F",0,42500,947
1602093,2,0,0,1,0,"M",1,42500,948
1602541,2,0,0,6,0,"M",1,112500,949
1603217,2,0,1,6,0,"F",1,62500,950
1603225,2,0,1,6,0,"F",0,225000,951
1603429,2,2,1,7,2,"F",1,62500,952
1604015,2,0,0,6,0,"F",1,62500,953
1604126,2,0,1,7,0,"F",1,112500,954
1604128,2,0,1,5,1,"F",0,187500,955
1604268,2,0,0,1,0,"F",1,62500,956
1604528,2,0,1,7,1,"F",1,112500,957
1605044,2,0,1,5,0,"F",1,225000,958
1605048,2,0,0,2,0,"F",1,187500,959
1605961,2,0,1,5,1,"F",0,112500,960
1608086,2,0,1,6,0,"F",0,112500,961
1608536,2,0,0,3,1,"M",1,87500,962
1608611,2,0,2,4,0,"F",1,62500,963
1608612,2,0,2,9,0,"F",0,20000,964
1608644,2,0,1,6,0,"F",0,250000,965
1609138,2,0,0,4,0,"F",1,112500,966
1609335,2,0,1,6,1,"F",1,87500,967
1609688,2,0,1,6,0,"F",0,42500,968
1609694,2,0,0,6,1,"M",1,42500,969
1609742,2,0,1,6,0,"F",1,20000,970
1610234,2,0,1,6,1,"F",1,42500,971
1610404,2,0,0,8,0,"M",0,62500,972
1611512,2,0,0,1,0,"F",1,30000,973
1611563,2,0,0,4,0,"F",1,250000,974
1612208,2,0,2,11,1,"M",1,187500,975
1612444,2,2,1,7,3,"F",1,250000,976
1612702,2,1,0,6,1,"F",1,137500,977
1612863,2,1,1,7,1,"F",0,42500,978
1612987,2,1,3,13,5,"F",0,187500,979
1613295,2,0,2,11,1,"F",1,7500,980
1613630,2,0,0,4,0,"F",1,137500,981
1613669,2,0,0,4.62376260757446,0,"F",1,225000,982
1613754,2,0,0,3,0,"F",1,250000,983
1613787,2,0,1,7,1,"M",1,187500,984
1614408,2,0,1,6,2,"F",1,225000,985
1614896,2,0,1,7,2,"F",0,112500,986
1614950,2,0,2,6,1,"F",1,62500,987
1614982,2,0,1,7,0,"M",0,62500,988
1615046,2,0,0,4,0,"F",0,42500,989
1615126,2,0,0,3,0,"M",1,112500,990
1616126,2,0,0,2,0,"F",1,112500,991
1616413,2,0,0,4,1,"F",1,42500,992
1617245,2,0,1,6,0,"F",0,30000,993
1617490,2,0,1,6,0,"F",1,187500,994
1617675,2,0,1,7,0,"F",0,87500,995
1617709,2,0,0,1,0,"F",1,62500,996
1618855,2,0,0,2,0,"F",0,62500,997
1619223,2,0,0,6,0,"F",1,20000,998
1620927,2,0,0,6,0,"M",0,112500,999
1620942,2,0,1,7,1,"F",1,20000,1000
117514,3,0,1,9,1,"F",0,42500,1
287398,3,0,0,1,0,"F",0,42500,2
469734,3,0,1,10,0,"F",1,250000,3
1054974,3,0,1,11,0,"F",1,137500,4
1060246,3,0,1,12,1,"F",1,62500,5
1061355,3,0,1,8,0,"F",1,87500,6
1061649,3,0,0,6,0,"M",1,225000,7
1062171,3,0,1,7,1,"F",1,250000,8
1063617,3,0,1,7,0,"F",1,250000,9
1068288,3,1,1,8,3,"F",0,30000,10
1071414,3,0,1,6,0,"F",1,62500,11
1077480,3,0,0,1,0,"F",0,62500,12
1081075,3,0,1,8,0,"F",1,250000,13
1081928,3,0,1,8,0,"F",1,62500,14
1082351,3,0,0,1.92941176891327,0,"F",0,30000,15
1087152,3,1,1,14,2,"F",1,187500,16
1089142,3,0,1,4,1,"F",1,87500,17
1091840,3,0,1,9,1,"F",1,30000,18
1094021,3,0,0,1,0,"F",1,87500,19
1094281,3,0,0,1,0,"F",1,62500,20
1100417,3,1,1,7,2,"F",1,62500,21
1100757,3,0,0,2,0,"F",0,112500,22
1102828,3,0,1,10,3,"F",0,62500,23
1103923,3,0,0,2,0,"F",1,225000,24
1107037,3,0,1,8,0,"F",1,112500,25
1108749,3,0,1,7,1,"F",0,87500,26
1108764,3,0,0,3,0,"F",0,62500,27
1111628,3,0,1,7,0,"F",1,137500,28
1111718,3,0,0,2,0,"F",1,112500,29
1114150,3,0,0,2,0,"F",0,30000,30
1117270,3,0,0,1,0,"M",1,20000,31
1120531,3,0,0,7,0,"F",1,62500,32
1122158,3,0,1,8,1,"F",0,62500,33
1128451,3,0,1,7,1,"F",1,42500,34
1136393,3,0,0,7,0,"F",0,112500,35
1136784,3,0,0,7,0,"M",0,225000,36
1139371,3,0,0,2,0,"F",0,42500,37
1139886,3,0,1,6,1,"F",1,112500,38
1144195,3,0,1,9,0,"M",1,250000,39
1144979,3,0,2,14,0,"F",1,112500,40
1145339,3,0,1,4,0,"F",1,62500,41
1145483,3,0,0,1,0,"F",0,7500,42
1146117,3,0,0,3,0,"M",0,87500,43
1147315,3,0,1,9,2,"F",1,187500,44
1148446,3,0,0,6,0,"F",0,20000,45
1149897,3,0,0,1,0,"M",0,30000,46
1149964,3,0,1,9,0,"F",1,42500,47
1150751,3,0,0,6,0,"M",0,7500,48
1150797,3,0,1,11,0,"F",1,162500,49
1151559,3,0,1,8,0,"F",1,112500,50
1151769,3,0,1,7,2,"F",0,112500,51
1152166,3,0,1,7,0,"M",1,137500,52
1152366,3,0,0,1,0,"F",1,87500,53
1153528,3,0,1,8,1,"M",1,62500,54
1153766,3,0,1,10,0,"F",1,162500,55
1155123,3,0,0,2,0,"F",1,112500,56
1156205,3,0,1,10,2,"F",0,112500,57
1156827,3,0,1,7,0,"F",0,7500,58
1157198,3,0,1,6,1,"F",1,20000,59
1165832,3,0,1,8,0,"F",0,62500,60
1166157,3,0,2,14,0,"F",0,137500,61
1167911,3,0,1,9,1,"F",1,87500,62
1168134,3,0,1,8,0,"F",0,162500,63
1168271,3,0,1,9,1,"F",1,112500,64
1171923,3,0,0,6,0,"F",0,62500,65
1172112,3,0,0,1,1,"F",0,20000,66
1174038,3,0,0,3,1,"M",1,112500,67
1174562,3,0,1,6,0,"F",1,62500,68
1174985,3,0,1,7,0,"F",1,62500,69
1176048,3,0,1,9,0,"F",1,62500,70
1179432,3,0,0,9,1,"F",1,87500,71
1179878,3,0,0,3,0,"M",1,62500,72
1180407,3,0,1,7,1,"F",0,62500,73
1180590,3,0,1,8,0,"F",0,112500,74
1180640,3,0,1,4,1,"F",1,62500,75
1181283,3,0,0,3,0,"F",1,62500,76
1181372,3,0,0,1,2,"M",1,62500,77
1181576,3,0,0,4,0,"F",1,87500,78
1182877,3,0,1,7,0,"M",1,62500,79
1184139,3,0,1,9,0,"F",1,20000,80
1184169,3,0,1,11,0,"F",1,112500,81
1184297,3,0,1,5,0,"M",1,112500,82
1184913,3,0,1,3,0,"F",1,87500,83
1185813,3,0,1,2,0,"M",1,87500,84
1185876,3,0,0,1.11764705181122,0,"F",1,137500,85
1186126,3,0,1,8,0,"F",1,62500,86
1187131,3,0,0,1.97826087474823,0,"M",0,42500,87
1187232,3,2,1,9,2,"F",0,62500,88
1187420,3,0,1,7,0,"F",1,87500,89
1187873,3,0,1,10,0,"M",1,112500,90
1187978,3,0,1,7,0,"F",1,62500,91
1188069,3,0,1,4,1,"F",1,162500,92
1188761,3,0,1,6,1,"F",1,162500,93
1188833,3,0,0,4,0,"F",1,62500,94
1189258,3,0,0,6,0,"F",1,225000,95
1189412,3,0,0,2.08641982078552,0,"F",1,20000,96
1189715,3,0,0,4,1,"M",1,162500,97
1189764,3,0,0,2,0,"F",1,137500,98
1190134,3,0,1,10,2,"F",0,20000,99
1190711,3,0,1,8,1,"F",1,162500,100
1191253,3,0,1,7,0,"F",0,62500,101
1191595,3,0,0,7,0,"F",1,62500,102
1191968,3,0,1,3,0,"F",1,112500,103
1192704,3,0,1,9,1,"F",1,62500,104
1192874,3,0,1,8,0,"F",1,62500,105
1193114,3,0,1,9,2,"F",1,162500,106
1193232,3,0,0,3.31428575515747,2,"M",1,112500,107
1193743,3,0,1,7,0,"F",1,20000,108
1193751,3,0,0,3,0,"F",0,42500,109
1193787,3,0,0,6,0,"F",1,62500,110
1194121,3,0,1,5,1,"F",0,42500,111
1194319,3,0,1,9,2,"F",0,62500,112
1194477,3,0,2,12,1,"F",1,112500,113
1195243,3,0,1,8,0,"F",1,62500,114
1195315,3,0,1,7,0,"M",1,112500,115
1195629,3,0,1,10,0,"M",1,62500,116
1196370,3,0,1,11,0,"F",0,137500,117
1196373,3,0,0,4,0,"F",1,87500,118
1196532,3,0,1,9,0,"F",1,112500,119
1196672,3,0,1,8,0,"F",0,62500,120
1196715,3,0,1,8,0,"F",1,62500,121
1196867,3,0,1,8,1,"F",1,62500,122
1197628,3,0,0,4,0,"M",0,137500,123
1198131,3,0,0,3,0,"F",0,42500,124
1198229,3,0,1,10,1,"F",1,62500,125
1198340,3,0,0,2.20731711387634,0,"F",1,112500,126
1198656,3,0,0,2.75728154182434,0,"F",0,42500,127
1198936,3,0,1,10,0,"M",0,162500,128
1199872,3,0,1,9,2,"F",0,87500,129
1202556,3,0,1,8,2,"F",1,62500,130
1204291,3,0,0,1,0,"F",0,20000,131
1204517,3,0,1,10,0,"F",1,62500,132
1204703,3,0,0,4,1,"F",0,87500,133
1205899,3,0,0,4,0,"F",1,162500,134
1207119,3,0,1,5,0,"F",1,62500,135
1208107,3,0,0,1,0,"F",1,112500,136
1208888,3,0,0,1.53030300140381,0,"F",0,20000,137
1209486,3,0,1,9,0,"F",1,62500,138
1209955,3,0,0,3.53773593902588,0,"M",1,225000,139
1210800,3,0,1,10,0,"F",1,250000,140
1211027,3,0,1,7,2,"F",1,112500,141
1211068,3,0,0,5,0,"F",0,250000,142
1211288,3,0,1,9,0,"F",0,7500,143
1211807,3,0,0,1,0,"F",1,42500,144
1212464,3,0,1,10,0,"F",0,42500,145
1213078,3,0,1,9,0,"F",1,250000,146
1213693,3,0,1,7,4,"F",1,162500,147
1216811,3,0,1,6,0,"F",1,162500,148
1217376,3,0,1,9,0,"F",1,137500,149
1217401,3,0,1,7,3,"F",0,62500,150
1221162,3,0,0,4,0,"F",1,62500,151
1222034,3,0,1,9,2,"M",1,87500,152
1222561,3,0,0,3,0,"F",1,62500,153
1224353,3,0,1,7,1,"F",1,87500,154
1224379,3,0,1,7,0,"F",1,162500,155
1225029,3,0,0,5,0,"F",1,62500,156
1225288,3,0,0,7,0,"F",1,112500,157
1225581,3,0,1,5,0,"F",1,30000,158
1226932,3,0,0,6,0,"F",1,87500,159
1226943,3,0,0,9,2,"F",1,162500,160
1227191,3,0,1,9,0,"F",1,112500,161
1227743,3,0,1,7,0,"F",0,62500,162
1228628,3,0,0,2,0,"F",1,62500,163
1228793,3,0,1,9,2,"F",0,87500,164
1229147,3,0,1,9,1,"F",1,87500,165
1229564,3,0,1,9,0,"F",1,62500,166
1229612,3,0,1,8,0,"M",1,187500,167
1229771,3,0,2,14,1,"F",1,87500,168
1229884,3,0,0,4,0,"F",1,112500,169
1230105,3,0,1,11,1,"F",1,137500,170
1230445,3,0,0,5,0,"F",1,62500,171
1230648,3,0,1,6,0,"F",1,87500,172
1230860,3,0,1,7,0,"F",1,62500,173
1231637,3,0,0,2,0,"F",1,112500,174
1233436,3,0,1,10,1,"F",0,162500,175
1233553,3,0,1,10,4,"F",1,112500,176
1234916,3,0,1,10,1,"M",1,62500,177
1237257,3,0,1,8,0,"F",1,62500,178
1237667,3,0,1,9,0,"F",1,87500,179
1238108,3,0,1,7,0,"F",1,42500,180
1238707,3,0,1,5,0,"F",1,62500,181
1238904,3,0,1,8,1,"M",1,87500,182
1239286,3,0,0,1,0,"F",1,250000,183
1239623,3,0,1,5,0,"F",0,42500,184
1239849,3,0,0,4,0,"F",1,112500,185
1239936,3,0,0,1,0,"F",0,7500,186
1240102,3,0,0,5,0,"F",0,62500,187
1241439,3,0,0,4,0,"F",1,112500,188
1241595,3,0,1,7,0,"F",1,62500,189
1241711,3,0,1,7,0,"F",1,87500,190
1242022,3,0,0,4,2,"F",1,62500,191
1242223,3,0,0,7,0,"M",1,137500,192
1242542,3,0,0,3,0,"M",1,137500,193
1243937,3,0,1,10,1,"F",1,87500,194
1244277,3,0,0,1,0,"F",0,112500,195
1245286,3,0,1,5,0,"F",1,62500,196
1246704,3,0,1,9,1,"F",1,87500,197
1247392,3,0,1,6,0,"F",1,87500,198
1248826,3,0,1,10,4,"F",1,87500,199
1249794,3,0,0,6,0,"F",0,137500,200
1250074,3,0,1,8,0,"F",0,87500,201
1250242,3,0,0,5,0,"F",0,250000,202
1250577,3,0,1,9,2,"F",1,62500,203
1250585,3,0,1,9,1,"F",1,187500,204
1250879,3,0,1,7,0,"F",1,137500,205
1250899,3,0,0,6,0,"M",1,112500,206
1251138,3,0,0,6,0,"M",1,137500,207
1251550,3,0,1,7,0,"F",1,62500,208
1251623,3,0,2,6,0,"F",1,7500,209
1251804,3,0,0,3,0,"F",0,137500,210
1251816,3,0,1,6,3,"F",1,137500,211
1252257,3,0,1,5,2,"F",0,87500,212
1252297,3,0,1,7,0,"M",1,62500,213
1252403,3,0,1,8,0,"M",1,62500,214
1252534,3,0,1,9,0,"F",1,187500,215
1252759,3,0,1,10,2,"F",1,137500,216
1252878,3,0,1,9,1,"F",1,137500,217
1254168,3,0,1,10,2,"F",1,62500,218
1254684,3,0,1,10,0,"M",1,112500,219
1258925,3,0,1,6,0,"F",1,42500,220
1259640,3,0,1,7,0,"M",1,87500,221
1259672,3,0,1,10,0,"F",1,62500,222
1259740,3,0,1,6,2,"F",1,30000,223
1262332,3,0,1,8,1,"F",1,87500,224
1262373,3,0,1,9,0,"F",1,250000,225
1262926,3,0,1,7,0,"F",1,62500,226
1263058,3,0,0,4,0,"F",0,137500,227
1263919,3,0,1,6,0,"M",0,30000,228
1264065,3,0,1,10,2,"F",1,187500,229
1264317,3,0,1,8,0,"F",1,187500,230
1264505,3,0,0,3,0,"F",1,87500,231
1264703,3,0,1,6,0,"F",0,30000,232
1265443,3,0,1,10,1,"F",0,20000,233
1265755,3,0,1,8,0,"F",1,112500,234
1265835,3,0,1,4,0,"F",1,112500,235
1265892,3,0,0,4,0,"F",0,187500,236
1266201,3,0,0,2.40229892730713,0,"F",1,187500,237
1268413,3,0,1,7,0,"F",1,62500,238
1269756,3,2,1,8,3,"F",1,62500,239
1269824,3,0,0,6,1,"M",0,30000,240
1273931,3,0,1,10,0,"F",1,20000,241
1275308,3,0,1,9,0,"M",1,87500,242
1275698,3,0,0,6,0,"F",1,87500,243
1275888,3,0,0,3,0,"F",1,137500,244
1276784,3,0,0,2,0,"F",0,20000,245
1277335,3,0,0,5,0,"F",1,42500,246
1279299,3,0,0,4,1,"M",1,87500,247
1279847,3,0,1,7,0,"F",1,42500,248
1280469,3,0,1,9,1,"F",0,7500,249
1281674,3,0,1,6,0,"F",0,137500,250
1285561,3,0,2,9,0,"F",1,250000,251
1286058,3,0,1,6,2,"F",1,250000,252
1286676,3,0,1,8,2,"M",1,225000,253
1287337,3,0,1,7,1,"F",0,62500,254
1288054,3,0,1,9,0,"F",1,42500,255
1288246,3,0,1,3,0,"F",0,62500,256
1288502,3,0,1,7,0,"M",0,137500,257
1288666,3,0,1,6,0,"F",1,62500,258
1288675,3,0,1,6,0,"F",1,20000,259
1288774,3,0,1,8,2,"F",1,187500,260
1288902,3,0,1,11,0,"F",1,87500,261
1289229,3,0,0,3,0,"F",0,112500,262
1290077,3,0,0,4,0,"F",1,87500,263
1290515,3,0,1,4,0,"F",0,87500,264
1290723,3,0,1,5,0,"F",0,30000,265
1291318,3,0,1,2,0,"F",1,42500,266
1291608,3,0,1,7,1,"F",0,30000,267
1292847,3,0,2,14,0,"F",1,42500,268
1293296,3,0,1,8,0,"F",1,30000,269
1293595,3,0,1,7,0,"F",1,62500,270
1293939,3,0,1,10,3,"F",1,250000,271
1294157,3,0,1,8,0,"F",1,62500,272
1294200,3,0,1,7,1,"F",1,62500,273
1294399,3,0,1,9,0,"F",0,30000,274
1294837,3,0,1,9,3,"F",0,62500,275
1297008,3,0,1,2,0,"F",0,7500,276
1297323,3,0,0,3,1,"F",0,7500,277
1297452,3,0,1,8,0,"M",1,87500,278
1297615,3,0,1,3,0,"F",0,20000,279
1297678,3,0,0,4,0,"M",1,62500,280
1298036,3,0,0,5,2,"F",0,7500,281
1298136,3,0,1,10,1,"M",0,30000,282
1298614,3,0,1,9,0,"F",1,62500,283
1300363,3,0,1,4,0,"M",1,42500,284
1300457,3,0,0,2,1,"M",1,42500,285
1301237,3,0,0,2,0,"F",1,20000,286
1301332,3,0,1,11,0,"M",1,42500,287
1301620,3,0,0,6,0,"F",1,87500,288
1302173,3,0,1,8,0,"F",1,225000,289
1302216,3,0,0,2,0,"F",1,62500,290
1302375,3,0,1,9,0,"F",1,87500,291
1303092,3,0,1,7,0,"F",1,62500,292
1303908,3,0,1,7,0,"M",1,87500,293
1304518,3,1,1,8,2,"F",1,87500,294
1304751,3,0,1,4,1,"F",0,30000,295
1306505,3,0,1,8,0,"F",0,62500,296
1307675,3,0,1,14,1,"F",1,62500,297
1307821,3,0,1,9,1,"M",1,42500,298
1310138,3,1,0,4,2,"F",1,62500,299
1310269,3,0,1,7,0,"F",0,112500,300
1311143,3,0,0,4,0,"M",0,62500,301
1311172,3,0,0,5,0,"M",1,137500,302
1311388,3,0,1,7,2,"M",0,20000,303
1312227,3,0,1,7,0,"F",0,62500,304
1313291,3,0,0,2,0,"F",1,162500,305
1313396,3,1,1,11,4,"F",0,30000,306
1313735,3,0,1,7,2,"F",1,20000,307
1313856,3,0,1,11,3,"F",0,20000,308
1314520,3,0,1,8,0,"F",1,62500,309
1314682,3,0,0,1,0,"F",0,20000,310
1314969,3,0,1,6,1,"F",0,87500,311
1315946,3,0,1,7,0,"F",0,62500,312
1317054,3,0,1,9,1,"F",0,7500,313
1317356,3,0,1,3,0,"F",1,62500,314
1318696,3,0,0,6,0,"F",0,62500,315
1318996,3,0,1,5,1,"F",1,62500,316
1319548,3,0,1,7,0,"F",0,20000,317
1319613,3,0,1,8,0,"F",0,137500,318
1319738,3,0,0,5,0,"F",1,137500,319
1320734,3,0,1,7,0,"F",1,20000,320
1320750,3,0,1,6,1,"F",0,7500,321
1322205,3,1,1,9,2,"F",1,62500,322
1322235,3,0,1,8,1,"F",0,62500,323
1322521,3,0,1,8,0,"M",1,42500,324
1322942,3,0,1,9,1,"F",1,87500,325
1323304,3,0,1,10,0,"F",1,162500,326
1323359,3,0,1,10,1,"M",0,187500,327
1323491,3,0,0,6,0,"F",1,250000,328
1323698,3,0,0,6,0,"M",0,250000,329
1323962,3,0,1,9,2,"M",1,62500,330
1324251,3,0,0,3,0,"F",0,20000,331
1324843,3,0,2,7,0,"F",1,87500,332
1325556,3,0,0,2,0,"F",0,20000,333
1327146,3,0,1,7,0,"F",1,162500,334
1328158,3,0,1,6,0,"F",1,62500,335
1328623,3,0,1,9,0,"M",1,30000,336
1328832,3,0,1,7,0,"F",1,187500,337
1329574,3,0,1,7,0,"F",0,42500,338
1330046,3,0,0,2,0,"F",1,112500,339
1330272,3,0,1,8,0,"F",1,137500,340
1330497,3,0,1,10,0,"F",1,162500,341
1331244,3,1,1,9,3,"F",0,30000,342
1331261,3,0,1,4,1,"F",0,7500,343
1331950,3,0,1,9,0,"F",1,62500,344
1333858,3,0,1,9,1,"F",1,112500,345
1335680,3,0,0,2.70103096961975,0,"F",1,62500,346
1335920,3,0,1,9,0,"F",1,42500,347
1335980,3,0,1,7,0,"F",0,20000,348
1336426,3,0,1,8,1,"F",0,20000,349
1336946,3,0,1,5,1,"M",1,20000,350
1338200,3,0,1,9,0,"F",1,162500,351
1338378,3,0,1,8,0,"F",1,225000,352
1339574,3,0,1,7,0,"F",1,42500,353
1339822,3,0,0,8,1,"F",1,112500,354
1340176,3,0,0,4,0,"M",1,42500,355
1340267,3,0,1,9,0,"F",0,42500,356
1341891,3,0,1,6,0,"F",0,62500,357
1342799,3,0,0,2,2,"F",0,62500,358
1343216,3,0,0,4,0,"F",0,187500,359
1344265,3,0,0,3,0,"F",0,87500,360
1344499,3,0,1,10,1,"F",1,87500,361
1344614,3,0,1,7,0,"M",1,225000,362
1345984,3,0,1,8,0,"F",1,112500,363
1346234,3,0,0,1,0,"F",0,162500,364
1347945,3,0,1,8,0,"F",0,112500,365
1348467,3,0,0,4,0,"F",0,87500,366
1348663,3,0,1,6,1,"F",1,62500,367
1348726,3,0,1,6,0,"F",1,62500,368
1349285,3,0,1,9,1,"F",0,42500,369
1349428,3,0,1,8,0,"F",1,87500,370
1349951,3,0,1,6,0,"F",1,20000,371
1350291,3,0,1,8,2,"M",1,87500,372
1350434,3,1,0,5,2,"F",1,162500,373
1351173,3,0,1,4,0,"F",0,87500,374
1351468,3,0,1,8,0,"F",1,7500,375
1351509,3,0,0,2,0,"F",1,62500,376
1351586,3,0,1,8,0,"F",1,162500,377
1351796,3,0,1,9,0,"F",1,7500,378
1352046,3,0,0,6,0,"F",1,87500,379
1352301,3,0,0,2,0,"F",1,42500,380
1352756,3,0,1,9,2,"F",1,62500,381
1352986,3,0,2,10,0,"F",1,42500,382
1353809,3,0,1,16,3,"F",1,112500,383
1353961,3,1,1,9,2,"F",0,20000,384
1354452,3,0,1,8,1,"F",1,62500,385
1354598,3,0,1,6,0,"F",0,42500,386
1354602,3,0,1,8,0,"M",1,62500,387
1354673,3,0,1,9,0,"F",0,7500,388
1355604,3,0,1,6,0,"M",1,7500,389
1356206,3,0,0,7,1,"F",1,62500,390
1358021,3,0,1,8,0,"F",1,112500,391
1358933,3,0,1,8,0,"F",0,112500,392
1361465,3,0,1,5,0,"F",0,137500,393
1362107,3,0,0,2.12745094299316,0,"M",1,162500,394
1363023,3,0,1,9,1,"F",1,30000,395
1363370,3,0,0,6,2,"M",1,62500,396
1364059,3,0,1,10,2,"M",1,112500,397
1366217,3,0,1,6,0,"M",0,112500,398
1366244,3,0,0,2,0,"F",0,112500,399
1367411,3,0,1,7,0,"F",1,20000,400
1367420,3,0,2,18,1,"F",1,162500,401
1368140,3,0,1,9,0,"F",1,62500,402
1368385,3,0,0,4,0,"M",1,162500,403
1369918,3,0,1,7,1,"F",1,87500,404
1372221,3,0,0,1,0,"F",1,7500,405
1372333,3,0,0,5,0,"F",1,62500,406
1374105,3,0,1,7,0,"F",0,7500,407
1374132,3,0,1,7,0,"M",1,62500,408
1374680,3,1,0,4,2,"F",1,62500,409
1375113,3,0,1,9,0,"F",1,87500,410
1376245,3,0,0,1,0,"F",0,62500,411
1377492,3,1,1,10,4,"F",1,137500,412
1377719,3,0,1,2,1,"F",1,137500,413
1378071,3,0,1,9,1,"F",0,62500,414
1378409,3,0,1,9,0,"F",1,62500,415
1380721,3,0,0,2,0,"F",1,42500,416
1381136,3,0,1,8,0,"F",1,62500,417
1381384,3,0,1,8,0,"F",1,162500,418
1381552,3,0,1,8,0,"M",1,87500,419
1381639,3,0,1,10,0,"F",1,225000,420
1381711,3,0,1,8,0,"F",1,87500,421
1382137,3,0,0,6,0,"F",1,112500,422
1382624,3,0,1,9,0,"F",1,62500,423
1382975,3,0,2,15,3,"F",1,112500,424
1384230,3,0,2,9,1,"F",1,137500,425
1384341,3,0,1,9,0,"F",0,137500,426
1385468,3,0,0,4.14285707473755,0,"F",1,250000,427
1385831,3,0,1,6,1,"F",1,42500,428
1386066,3,0,0,1,0,"F",1,112500,429
1386120,3,0,1,6,0,"F",1,42500,430
1387428,3,0,1,7,0,"F",0,62500,431
1387588,3,0,1,6,1,"F",1,42500,432
1388210,3,0,1,7,0,"M",1,62500,433
1388355,3,0,0,2,0,"F",1,62500,434
1388513,3,0,1,7,0,"F",1,162500,435
1388833,3,0,1,11,1,"F",0,42500,436
1389030,3,0,1,10,2,"F",1,62500,437
1389384,3,0,1,8,1,"F",0,42500,438
1389406,3,0,1,10,1,"F",1,87500,439
1389477,3,0,1,9,0,"F",1,62500,440
1390351,3,0,2,9,0,"M",1,162500,441
1392387,3,0,1,5,0,"F",0,87500,442
1393255,3,0,1,6,1,"F",1,87500,443
1393466,3,0,0,3,0,"M",1,87500,444
1393929,3,0,0,9,0,"F",1,225000,445
1394027,3,0,0,3,0,"F",1,162500,446
1395064,3,0,1,11,0,"F",1,162500,447
1395309,3,0,1,6,0,"F",0,42500,448
1395394,3,0,1,12,1,"F",0,7500,449
1396474,3,0,0,1,0,"F",1,62500,450
1396597,3,0,0,4,0,"F",1,87500,451
1396618,3,0,1,6,0,"F",1,87500,452
1396830,3,0,1,5,0,"F",1,87500,453
1397814,3,0,1,6,0,"M",1,137500,454
1398493,3,0,0,4,0,"F",1,87500,455
1398606,3,0,0,5,1,"M",1,20000,456
1399233,3,0,1,6,0,"F",0,42500,457
1399269,3,0,1,8,0,"F",1,62500,458
1399329,3,0,1,11,3,"F",1,112500,459
1401246,3,0,0,3,0,"F",1,42500,460
1401458,3,0,1,7,0,"F",1,62500,461
1403021,3,0,1,6,0,"F",1,112500,462
1403631,3,0,1,7,0,"F",1,62500,463
1403972,3,0,1,11,6,"F",1,162500,464
1404355,3,0,1,10,1,"F",1,87500,465
1404418,3,0,2,7,0,"F",1,42500,466
1404842,3,0,0,3,0,"M",1,112500,467
1405544,3,0,1,9,2,"F",0,20000,468
1406907,3,0,1,10,0,"F",1,87500,469
1408575,3,0,0,4,0,"M",0,30000,470
1410385,3,0,1,11,0,"F",1,162500,471
1411418,3,0,0,7,0,"M",1,87500,472
1412397,3,0,1,5,0,"M",1,42500,473
1412511,3,0,0,2.29411768913269,0,"F",1,42500,474
1412646,3,0,2,15,0,"F",1,162500,475
1413182,3,0,1,10,0,"F",1,112500,476
1413837,3,0,1,5,0,"F",1,225000,477
1413925,3,0,2,9,2,"F",0,62500,478
1414361,3,0,0,1,0,"F",1,112500,479
1414857,3,0,1,10,0,"M",1,162500,480
1414873,3,0,1,7,0,"F",1,112500,481
1415098,3,1,1,9,2,"F",0,87500,482
1415320,3,0,1,9,0,"F",1,162500,483
1416429,3,1,1,11,3,"F",1,87500,484
1416731,3,0,0,2,0,"F",1,162500,485
1416940,3,0,1,10,1,"F",0,137500,486
1417159,3,0,0,4,0,"M",0,20000,487
1417523,3,0,0,2,0,"F",1,187500,488
1418358,3,1,1,9,1,"F",0,112500,489
1418818,3,0,1,11,1,"F",1,87500,490
1419071,3,0,1,8,2,"M",1,87500,491
1419406,3,0,1,10,0,"F",1,62500,492
1419467,3,0,0,4,0,"F",1,162500,493
1419627,3,0,1,9,0,"M",1,87500,494
1419833,3,0,1,9,0,"F",1,225000,495
1420095,3,0,0,2,0,"M",1,187500,496
1420139,3,0,1,9,0,"F",1,112500,497
1420150,3,0,1,9,0,"F",0,7500,498
1420458,3,0,1,10,1,"M",1,20000,499
1420461,3,0,1,7,0,"F",1,62500,500
1420462,3,0,1,11,0,"F",1,162500,501
1420478,3,0,1,3,0,"F",1,42500,502
1420505,3,0,1,2,0,"F",0,7500,503
1420957,3,0,0,1,0,"F",1,225000,504
1420990,3,0,1,8,0,"F",0,87500,505
1421112,3,0,0,3,0,"F",0,87500,506
1421265,3,0,2,12,0,"F",0,137500,507
1421359,3,0,0,2,1,"F",0,7500,508
1422155,3,0,1,10,0,"F",1,187500,509
1422249,3,0,0,2,0,"M",0,62500,510
1424297,3,0,0,1,0,"M",1,20000,511
1424626,3,0,1,12,1,"F",0,112500,512
1425960,3,0,1,3,0,"F",0,20000,513
1426165,3,0,1,9,0,"F",0,112500,514
1426230,3,0,0,4,0,"F",0,7500,515
1426266,3,0,1,7,0,"F",1,112500,516
1426799,3,0,0,4,0,"F",1,87500,517
1427258,3,0,1,6,0,"F",0,62500,518
1427579,3,0,1,5,0,"F",1,87500,519
1427915,3,0,0,5,1,"F",0,62500,520
1428277,3,0,1,7,0,"M",1,112500,521
1429936,3,1,1,13,1,"F",1,187500,522
1430214,3,0,1,7,0,"M",0,112500,523
1430754,3,0,0,4,1,"M",1,187500,524
1431104,3,0,1,6,0,"F",0,250000,525
1431118,3,0,0,4,0,"F",1,62500,526
1431340,3,0,0,10,3,"F",0,87500,527
1431513,3,0,1,9,1,"F",1,62500,528
1431697,3,0,0,1,0,"F",1,87500,529
1431949,3,0,1,8,1,"F",1,42500,530
1432387,3,0,1,8,0,"F",0,162500,531
1432724,3,0,1,8,0,"F",1,20000,532
1432840,3,0,1,7,1,"F",1,20000,533
1432998,3,0,1,5,0,"F",1,62500,534
1433194,3,0,1,9,0,"F",1,42500,535
1433587,3,0,1,7,0,"M",1,87500,536
1434275,3,0,1,12,1,"F",1,20000,537
1434712,3,0,0,1.83333337306976,0,"F",1,42500,538
1435022,3,0,0,2,0,"F",1,187500,539
1435557,3,0,0,2.47000002861023,0,"M",1,62500,540
1435794,3,0,1,8,1,"F",0,87500,541
1435996,3,0,1,6,0,"F",1,112500,542
1436928,3,0,0,3,1,"F",1,112500,543
1437747,3,0,0,4,1,"F",1,137500,544
1437857,3,1,1,15,2,"M",1,62500,545
1437869,3,0,1,9,2,"F",1,187500,546
1437899,3,0,1,10,0,"F",1,137500,547
1438760,3,0,1,10,2,"F",1,137500,548
1438884,3,0,1,9,0,"M",1,87500,549
1439629,3,0,1,7,1,"F",1,7500,550
1439689,3,0,0,2,0,"F",1,112500,551
1439713,3,0,1,6,0,"F",1,62500,552
1440356,3,0,0,2,1,"M",1,250000,553
1441053,3,0,1,7,0,"M",1,30000,554
1441466,3,0,1,11,2,"F",1,250000,555
1442287,3,1,1,7,2,"F",0,187500,556
1442704,3,0,1,8,0,"F",1,87500,557
1443687,3,0,1,7,1,"F",0,87500,558
1443964,3,0,1,7,0,"F",1,250000,559
1444485,3,0,1,5,1,"F",1,112500,560
1445100,3,0,1,7,1,"F",1,87500,561
1446288,3,0,1,12,0,"F",0,62500,562
1447092,3,0,0,3,0,"M",1,42500,563
1447298,3,0,1,8,1,"F",1,62500,564
1448763,3,0,0,3,0,"F",0,62500,565
1448901,3,0,0,1,1,"F",0,62500,566
1449431,3,0,0,5,0,"F",1,137500,567
1450170,3,0,0,11,0,"F",0,62500,568
1450180,3,0,0,6,0,"M",1,62500,569
1450746,3,0,1,10,1,"F",1,7500,570
1450805,3,0,0,2,0,"M",1,225000,571
1450890,3,0,1,10,0,"F",1,225000,572
1451275,3,0,0,7,0,"M",1,62500,573
1451865,3,0,1,5,0,"F",1,225000,574
1452879,3,0,1,10,0,"F",1,137500,575
1454110,3,0,1,9,0,"F",1,62500,576
1454343,3,1,1,9,3,"M",0,30000,577
1454425,3,0,0,6,0,"F",1,112500,578
1454661,3,0,1,10,0,"F",1,87500,579
1455466,3,0,1,9,0,"F",1,87500,580
1455615,3,0,0,1.87640452384949,0,"F",1,7500,581
1455721,3,0,0,2,1,"M",1,87500,582
1455906,3,0,2,8,0,"F",1,250000,583
1456029,3,0,1,5,0,"F",1,42500,584
1456155,3,0,1,8,0,"F",1,250000,585
1456186,3,0,1,5,1,"F",1,20000,586
1456531,3,0,1,8,0,"F",1,187500,587
1456609,3,0,0,2,0,"F",1,62500,588
1456628,3,0,1,8,1,"F",1,250000,589
1456919,3,0,0,4,0,"F",1,30000,590
1457625,3,0,1,5,2,"F",1,112500,591
1457777,3,0,1,7,1,"F",1,62500,592
1457830,3,0,1,6,0,"F",1,112500,593
1457984,3,0,1,9,1,"F",1,112500,594
1458214,3,0,1,8,0,"F",1,225000,595
1460277,3,0,0,1,0,"F",1,62500,596
1460380,3,0,1,9,2,"F",0,42500,597
1460953,3,0,1,10,0,"F",0,250000,598
1461151,3,0,0,2.64948463439941,0,"F",1,87500,599
1461397,3,0,1,8,0,"F",1,137500,600
1462847,3,0,0,7,0,"F",1,162500,601
1462878,3,0,1,9,0,"F",1,7500,602
1463072,3,0,1,7,0,"F",1,87500,603
1464188,3,0,0,1.54166662693024,0,"F",1,137500,604
1464264,3,0,1,7,1,"M",1,112500,605
1464335,3,2,1,10,4,"F",1,187500,606
1464618,3,0,1,6,0,"F",1,112500,607
1465220,3,0,1,10,2,"F",1,137500,608
1466204,3,0,1,9,0,"F",1,87500,609
1466494,3,0,0,4,0,"M",1,20000,610
1466816,3,0,1,9,1,"F",1,137500,611
1466833,3,0,1,10,0,"F",1,87500,612
1466886,3,0,1,7,1,"F",1,137500,613
1466955,3,0,1,8,0,"F",1,250000,614
1467019,3,0,0,5,1,"F",0,137500,615
1467058,3,0,1,9,0,"F",0,20000,616
1467155,3,0,1,7,1,"M",0,62500,617
1467520,3,0,0,4,0,"F",1,250000,618
1467621,3,0,1,9,0,"F",1,62500,619
1468654,3,0,0,3,0,"F",1,87500,620
1468709,3,0,1,7,1,"F",1,30000,621
1468714,3,0,1,8,0,"F",0,112500,622
1468733,3,0,1,7,2,"F",1,62500,623
1468745,3,0,0,7,0,"M",1,62500,624
1469175,3,0,2,17,0,"F",0,87500,625
1469204,3,0,1,5,0,"F",1,112500,626
1469239,3,0,1,9,1,"F",1,112500,627
1469248,3,0,0,4,0,"F",1,112500,628
1469990,3,0,1,9,0,"M",1,187500,629
1470110,3,0,1,8,0,"F",0,62500,630
1470965,3,0,1,9,1,"F",0,62500,631
1471445,3,0,1,5,1,"F",1,162500,632
1471473,3,0,0,3,1,"M",1,62500,633
1471528,3,0,1,9,1,"F",1,112500,634
1471566,3,0,0,1,0,"F",1,30000,635
1471723,3,0,1,7,0,"F",1,187500,636
1471767,3,0,1,6,0,"M",1,87500,637
1471934,3,0,1,8,0,"F",0,112500,638
1472977,3,0,1,8,1,"F",1,87500,639
1474598,3,0,1,8,0,"M",1,87500,640
1475170,3,0,1,11,1,"M",0,87500,641
1477477,3,0,0,1.65277779102325,0,"M",0,112500,642
1478058,3,0,1,6,0,"F",1,87500,643
1478617,3,0,1,7,0,"F",1,225000,644
1479489,3,0,1,7,0,"F",1,62500,645
1480578,3,0,0,2,0,"F",0,62500,646
1481279,3,0,1,6,0,"F",0,162500,647
1481476,3,0,1,6,1,"F",1,7500,648
1482005,3,0,0,3,0,"M",1,62500,649
1482267,3,0,0,3,0,"F",1,225000,650
1482614,3,0,1,8,1,"F",0,87500,651
1482816,3,0,0,3,0,"F",1,62500,652
1483049,3,1,1,8,1,"F",0,20000,653
1484259,3,0,1,8,0,"F",0,7500,654
1484519,3,0,1,10,0,"F",1,42500,655
1484930,3,0,1,8,0,"F",1,162500,656
1486404,3,0,1,7,0,"F",0,42500,657
1487790,3,0,1,10,0,"M",1,187500,658
1488086,3,0,0,4,1,"F",1,112500,659
1489319,3,0,1,5,0,"F",0,42500,660
1490014,3,0,0,4,0,"M",1,62500,661
1491416,3,0,1,10,5,"F",0,112500,662
1491563,3,0,0,2,0,"M",1,162500,663
1492025,3,1,1,8,2,"F",1,62500,664
1492036,3,0,0,5,0,"F",1,87500,665
1493569,3,0,0,2,0,"F",1,112500,666
1498287,3,1,1,9,2,"F",1,162500,667
1498483,3,0,0,1,0,"F",1,62500,668
1498656,3,0,1,3,0,"M",1,137500,669
1501397,3,0,0,9,1,"M",1,112500,670
1501443,3,0,1,7,0,"F",0,7500,671
1501825,3,1,1,9,1,"F",1,225000,672
1501848,3,0,0,3,0,"F",1,112500,673
1501917,3,0,1,6,0,"F",1,137500,674
1502135,3,0,0,3,0,"F",1,87500,675
1502146,3,0,1,8,0,"F",1,62500,676
1502599,3,0,1,10,1,"F",1,187500,677
1504289,3,0,0,6,0,"F",1,137500,678
1507421,3,0,0,1,0,"F",0,20000,679
1509331,3,0,1,10,1,"M",1,62500,680
1509782,3,0,0,1,0,"F",1,62500,681
1509874,3,0,0,1.95402300357819,0,"F",1,42500,682
1511973,3,0,0,4,0,"M",0,7500,683
1512249,3,0,1,7,0,"F",1,187500,684
1512656,3,0,1,7,0,"F",1,187500,685
1513530,3,0,1,9,0,"F",1,62500,686
1513806,3,0,0,1,0,"F",1,62500,687
1514087,3,0,0,1,0,"F",0,112500,688
1514098,3,0,1,8,0,"F",1,187500,689
1514327,3,0,1,6,1,"F",0,87500,690
1514351,3,0,0,5,1,"M",1,187500,691
1514819,3,0,1,7,0,"F",1,30000,692
1516894,3,0,0,5,0,"M",1,250000,693
1518132,3,0,1,7,0,"F",0,62500,694
1518564,3,0,0,4.04854345321655,0,"F",1,112500,695
1519598,3,0,1,12,3,"F",1,187500,696
1520012,3,0,0,3.72380948066711,0,"F",1,187500,697
1520720,3,0,1,12,4,"F",1,62500,698
1522154,3,0,1,7,1,"F",1,137500,699
1522471,3,0,1,6,0,"M",1,162500,700
1523997,3,0,2,10,0,"F",1,225000,701
1524038,3,0,1,8,1,"F",1,250000,702
1524967,3,0,0,1,1,"F",1,250000,703
1525049,3,0,1,9,0,"F",1,187500,704
1525556,3,0,1,9,0,"M",1,162500,705
1526044,3,0,0,4,0,"M",1,87500,706
1526280,3,0,0,3,0,"M",1,20000,707
1526638,3,0,0,4,0,"F",1,225000,708
1527800,3,0,0,2,0,"F",1,137500,709
1527932,3,0,1,10,0,"F",1,187500,710
1527966,3,0,0,3,0,"F",1,250000,711
1528038,3,0,0,4,0,"M",1,225000,712
1528103,3,0,1,10,0,"F",1,225000,713
1528515,3,0,0,2,0,"F",0,225000,714
1529646,3,0,1,10,0,"F",1,225000,715
1530199,3,0,0,1,0,"M",1,62500,716
1530200,3,0,1,8,0,"F",1,137500,717
1530561,3,0,1,6,0,"F",1,42500,718
1530887,3,0,1,8,1,"F",1,87500,719
1531800,3,0,1,7,0,"F",0,62500,720
1531915,3,0,0,1,0,"F",1,250000,721
1531924,3,0,1,11,2,"F",0,225000,722
1531984,3,0,1,10,0,"F",0,42500,723
1532052,3,0,0,3,0,"M",1,87500,724
1532113,3,0,1,9,0,"F",1,87500,725
1532334,3,0,1,7,0,"F",1,225000,726
1532420,3,0,0,1,0,"F",1,30000,727
1532431,3,0,1,10,0,"F",0,20000,728
1532738,3,0,2,12,1,"F",1,225000,729
1532841,3,0,1,8,0,"F",1,42500,730
1533843,3,0,1,4,0,"F",1,42500,731
1533874,3,0,1,8,0,"F",1,137500,732
1533971,3,0,1,7,1,"F",1,137500,733
1534792,3,0,1,10,0,"F",1,187500,734
1535057,3,0,1,8,0,"F",1,137500,735
1535333,3,0,1,14,8,"M",1,87500,736
1535547,3,0,1,8,1,"F",1,187500,737
1535701,3,0,1,11,1,"M",1,62500,738
1535732,3,0,1,9,0,"F",1,187500,739
1535755,3,0,1,8,0,"F",1,112500,740
1536000,3,0,1,6,0,"F",1,187500,741
1536405,3,0,1,8,0,"F",1,62500,742
1536527,3,0,0,3,0,"F",1,225000,743
1536579,3,0,1,4,0,"F",1,187500,744
1537347,3,0,1,8,1,"F",1,225000,745
1537995,3,0,0,3,0,"F",0,62500,746
1538175,3,0,1,10,1,"F",1,250000,747
1538662,3,0,1,11,1,"F",1,112500,748
1538919,3,0,0,5,0,"F",1,250000,749
1539494,3,0,1,8,0,"F",1,250000,750
1539570,3,0,1,5,0,"F",1,87500,751
1540059,3,0,1,9,1,"M",1,87500,752
1540194,3,0,0,1,0,"F",1,187500,753
1540364,3,0,1,9,1,"F",1,7500,754
1540829,3,0,0,5,0,"F",1,187500,755
1540910,3,0,1,9,0,"F",1,137500,756
1540936,3,0,1,8,0,"F",1,62500,757
1541156,3,0,1,10,0,"F",1,7500,758
1541593,3,0,1,7,0,"F",1,250000,759
1541662,3,0,1,8,1,"F",1,112500,760
1541734,3,0,1,9,1,"F",1,137500,761
1541834,3,0,0,2,0,"F",1,250000,762
1541894,3,0,1,6,0,"F",0,42500,763
1542247,3,0,1,7,1,"F",1,225000,764
1542523,3,0,1,12,0,"F",1,187500,765
1542740,3,0,1,8,0,"F",0,30000,766
1543012,3,0,0,7,0,"M",1,112500,767
1543181,3,0,1,12,1,"M",1,250000,768
1543552,3,0,1,7,1,"F",0,112500,769
1543563,3,0,1,9,0,"F",1,250000,770
1543633,3,0,1,11,2,"F",1,112500,771
1544590,3,0,1,9,1,"F",0,187500,772
1544693,3,0,1,8,2,"F",1,250000,773
1545273,3,0,1,11,0,"F",0,137500,774
1545322,3,0,1,9,0,"M",1,250000,775
1546709,3,0,0,6,0,"F",1,250000,776
1546922,3,0,2,8,0,"M",1,137500,777
1546932,3,0,1,9,2,"F",0,112500,778
1546959,3,0,0,8,0,"F",1,187500,779
1546989,3,0,1,10,0,"M",1,225000,780
1547464,3,0,1,7,0,"F",1,87500,781
1547476,3,0,1,8,0,"F",0,225000,782
1547622,3,0,0,5,0,"F",1,187500,783
1547752,3,0,0,3.74757289886475,0,"F",1,112500,784
1547850,3,0,1,2,0,"F",1,20000,785
1548040,3,0,0,4,0,"F",0,112500,786
1548129,3,0,1,8,1,"F",1,112500,787
1548209,3,0,1,7,1,"F",1,20000,788
1548503,3,0,1,6,1,"F",1,62500,789
1548540,3,0,1,10,1,"F",1,87500,790
1548673,3,0,1,7,3,"F",1,112500,791
1549599,3,0,2,8,3,"M",1,187500,792
1550040,3,0,2,9,0,"M",1,20000,793
1550161,3,0,1,8,3,"F",1,62500,794
1550456,3,0,1,8,0,"F",1,225000,795
1550894,3,0,1,7,1,"F",1,87500,796
1551030,3,0,1,2,0,"F",1,225000,797
1551330,3,0,0,3.02857136726379,1,"M",1,87500,798
1551510,3,0,0,1,0,"F",1,162500,799
1551891,3,0,1,10,0,"F",1,187500,800
1552409,3,0,0,7,1,"M",1,137500,801
1552458,3,1,1,6,1,"F",1,62500,802
1552507,3,0,0,8,0,"F",1,137500,803
1552803,3,0,1,8,0,"F",1,225000,804
1552831,3,0,1,5,0,"M",1,112500,805
1553098,3,0,1,6,1,"F",1,87500,806
1553185,3,0,1,7,0,"F",1,187500,807
1553615,3,0,1,8,0,"F",1,187500,808
1553840,3,0,1,7,0,"M",1,20000,809
1553857,3,0,0,2,0,"M",1,87500,810
1553951,3,0,1,10,0,"F",1,225000,811
1554033,3,0,0,3,0,"F",1,62500,812
1554034,3,0,1,6,3,"F",1,162500,813
1554062,3,0,0,2.40000009536743,0,"F",1,87500,814
1554533,3,0,1,9,0,"F",1,62500,815
1554853,3,0,0,2,0,"M",1,42500,816
1554983,3,0,0,3,0,"M",1,87500,817
1555310,3,0,1,10,0,"F",1,187500,818
1555529,3,0,1,5,1,"M",1,225000,819
1555776,3,0,1,9,0,"F",1,20000,820
1555876,3,0,0,4,0,"F",0,112500,821
1556592,3,0,1,8,0,"F",1,62500,822
1556634,3,0,0,1,1,"M",0,87500,823
1556652,3,0,1,11,1,"F",1,42500,824
1557407,3,0,0,3,0,"F",1,162500,825
1557751,3,0,1,9,1,"F",1,162500,826
1558181,3,0,1,7,0,"F",0,62500,827
1558593,3,0,1,8,1,"F",1,137500,828
1559861,3,1,0,3,5,"F",0,20000,829
1560624,3,0,1,5,0,"F",1,62500,830
1561366,3,0,1,7,0,"F",1,62500,831
1561573,3,0,0,5,0,"F",1,137500,832
1563321,3,0,0,7,0,"F",1,187500,833
1563505,3,0,0,6,0,"M",0,62500,834
1563807,3,0,1,12,1,"F",0,112500,835
1564353,3,0,1,6,0,"F",1,137500,836
1564381,3,0,1,5,0,"F",1,42500,837
1564432,3,0,1,7,0,"F",1,20000,838
1564440,3,0,1,6,1,"F",1,62500,839
1564588,3,0,0,2.78723406791687,0,"F",1,162500,840
1565437,3,0,1,10,0,"F",1,87500,841
1565459,3,0,1,9,0,"F",1,162500,842
1565552,3,0,0,3,0,"F",1,187500,843
1565565,3,0,1,8,1,"M",0,112500,844
1565621,3,0,1,7,0,"F",1,42500,845
1566766,3,0,1,7,0,"F",1,62500,846
1566910,3,0,0,1,0,"M",0,42500,847
1567216,3,0,1,8,1,"F",1,112500,848
1567225,3,0,1,10,0,"F",1,42500,849
1567585,3,0,1,8,0,"M",0,87500,850
1568736,3,0,0,4,0,"F",1,137500,851
1569143,3,0,1,10,0,"F",1,87500,852
1569250,3,0,0,7,0,"M",0,7500,853
1570352,3,0,1,6,0,"F",1,62500,854
1570791,3,0,0,4,1,"F",1,112500,855
1571168,3,0,1,8,0,"F",1,42500,856
1571704,3,0,1,9,1,"F",1,42500,857
1572013,3,0,1,6,0,"F",1,87500,858
1572475,3,0,1,9,1,"F",1,87500,859
1572791,3,0,0,2,0,"F",0,137500,860
1572826,3,0,1,8,0,"F",1,87500,861
1572876,3,0,0,3,0,"M",0,20000,862
1573368,3,0,0,7,0,"M",0,62500,863
1573406,3,0,0,3,0,"F",1,87500,864
1573782,3,0,1,8,0,"F",1,112500,865
1573961,3,0,1,11,1,"M",1,62500,866
1574217,3,0,1,8,0,"M",1,187500,867
1574944,3,0,1,8,0,"F",1,87500,868
1575622,3,1,1,7,1,"F",1,137500,869
1575638,3,0,1,8,0,"F",1,87500,870
1575664,3,0,0,3,0,"F",0,20000,871
1576304,3,0,1,8,0,"M",1,250000,872
1576669,3,1,1,9,3,"F",1,112500,873
1576876,3,0,0,2,0,"F",1,137500,874
1576998,3,0,0,3,0,"F",1,250000,875
1577505,3,0,0,7,2,"M",0,20000,876
1577931,3,0,1,9,0,"F",0,112500,877
1580292,3,0,1,10,0,"F",1,250000,878
1580324,3,0,1,8,1,"M",1,87500,879
1580380,3,0,1,8,1,"F",1,187500,880
1580422,3,1,0,1,3,"M",1,225000,881
1580699,3,0,0,2,0,"M",1,30000,882
1581113,3,0,1,8,0,"F",0,112500,883
1581720,3,0,0,1,0,"F",1,250000,884
1582050,3,0,1,7,1,"F",1,137500,885
1582294,3,0,0,6,2,"F",1,250000,886
1582445,3,0,1,2,0,"F",1,137500,887
1582970,3,0,0,1,0,"F",1,187500,888
1583212,3,0,1,5,0,"F",1,250000,889
1583903,3,0,1,10,3,"F",1,250000,890
1583918,3,0,1,8,0,"F",0,162500,891
1584353,3,0,1,8,1,"F",0,87500,892
1584557,3,0,0,4,0,"F",1,62500,893
1584736,3,0,1,8,0,"F",0,87500,894
1584822,3,0,1,9,0,"F",1,62500,895
1585152,3,1,1,11,3,"F",1,30000,896
1586387,3,0,1,13,0,"F",1,187500,897
1586988,3,0,1,8,2,"F",1,87500,898
1587401,3,0,1,10,1,"F",1,87500,899
1587615,3,0,1,7,1,"F",1,30000,900
1587812,3,0,1,9,2,"F",1,225000,901
1588035,3,0,0,3,0,"F",1,112500,902
1588596,3,0,0,8,1,"M",1,137500,903
1588827,3,0,0,3,0,"M",1,137500,904
1588865,3,0,0,1,0,"M",1,112500,905
1589682,3,0,1,10,0,"F",1,250000,906
1589774,3,0,0,6,2,"M",1,62500,907
1590492,3,0,1,8,0,"M",1,250000,908
1590674,3,0,1,8,0,"F",1,20000,909
1590711,3,0,1,8,0,"F",1,187500,910
1590921,3,0,1,11,3,"F",1,250000,911
1590969,3,0,1,7,0,"F",0,42500,912
1591056,3,0,0,1,0,"F",1,225000,913
1591165,3,0,0,4,0,"F",1,250000,914
1591251,3,0,1,7,0,"F",0,87500,915
1591366,3,0,1,8,0,"M",1,250000,916
1591670,3,0,0,8,0,"M",1,137500,917
1591722,3,0,1,5,0,"F",0,62500,918
1591917,3,0,1,6,0,"F",1,187500,919
1591990,3,0,0,1,0,"M",0,42500,920
1592216,3,0,1,9,0,"F",1,62500,921
1592278,3,0,1,8,0,"F",1,187500,922
1592293,3,0,1,11,0,"F",1,112500,923
1592707,3,0,1,9,0,"F",1,250000,924
1592744,3,0,1,7,3,"F",0,112500,925
1592908,3,1,1,7,1,"F",1,87500,926
1593038,3,0,1,10,0,"F",1,112500,927
1593301,3,0,1,8,0,"M",1,62500,928
1593487,3,0,1,11,1,"M",1,87500,929
1593651,3,0,0,3,0,"F",1,42500,930
1593813,3,0,1,8,0,"F",0,20000,931
1594152,3,0,1,7,0,"F",1,87500,932
1594307,3,0,1,8,0,"F",0,87500,933
1594407,3,0,1,8,1,"F",1,187500,934
1594775,3,0,1,8,0,"F",1,42500,935
1596452,3,0,0,6,0,"F",1,112500,936
1596829,3,0,1,8,0,"M",1,112500,937
1597491,3,0,1,5,0,"F",1,42500,938
1598463,3,1,1,11,4,"F",1,62500,939
1598633,3,0,1,8,2,"F",1,112500,940
1598919,3,0,0,3,0,"F",0,62500,941
1599722,3,0,1,8,0,"M",1,42500,942
1599748,3,0,1,7,0,"F",0,7500,943
1601262,3,0,1,9,0,"F",1,62500,944
1601710,3,0,1,6,0,"F",1,87500,945
1601726,3,0,1,8,1,"F",1,87500,946
1602013,3,0,0,1,0,"F",0,42500,947
1602093,3,0,1,2,0,"M",1,42500,948
1602541,3,0,0,3,0,"M",1,112500,949
1603217,3,0,1,8,0,"F",1,62500,950
1603225,3,0,1,8,0,"F",0,225000,951
1603429,3,0,1,8,0,"F",1,62500,952
1604015,3,0,0,6,0,"F",1,62500,953
1604126,3,0,1,7,1,"F",1,112500,954
1604128,3,0,2,7,0,"F",0,187500,955
1604268,3,0,1,2,0,"F",1,62500,956
1604528,3,0,1,5,0,"F",1,112500,957
1605044,3,0,1,9,1,"F",1,225000,958
1605048,3,0,0,2,0,"F",1,187500,959
1605961,3,0,1,7,0,"F",0,112500,960
1608086,3,0,1,7,1,"F",0,112500,961
1608536,3,0,0,3,0,"M",1,87500,962
1608611,3,0,1,5,1,"F",1,62500,963
1608612,3,0,2,11,1,"F",0,20000,964
1608644,3,0,2,12,0,"F",0,250000,965
1609138,3,0,0,1,0,"F",1,112500,966
1609335,3,0,1,5,0,"F",1,87500,967
1609688,3,0,1,6,0,"F",0,42500,968
1609694,3,0,0,4,1,"M",1,42500,969
1609742,3,0,1,9,1,"F",1,20000,970
1610234,3,0,1,9,1,"F",1,42500,971
1610404,3,0,0,6,0,"M",0,62500,972
1611512,3,0,0,2,0,"F",1,30000,973
1611563,3,0,0,2,0,"F",1,250000,974
1612208,3,0,1,11,3,"M",1,187500,975
1612444,3,0,1,10,0,"F",1,250000,976
1612702,3,0,0,7,1,"F",1,137500,977
1612863,3,0,1,8,1,"F",0,42500,978
1612987,3,0,1,13,11,"F",0,187500,979
1613295,3,0,2,13,3,"F",1,7500,980
1613630,3,0,0,4,2,"F",1,137500,981
1613669,3,0,0,4.62376260757446,0,"F",1,225000,982
1613754,3,0,0,4.20952367782593,0,"F",1,250000,983
1613787,3,0,1,7,0,"M",1,187500,984
1614408,3,0,1,5,0,"F",1,225000,985
1614896,3,0,1,7,0,"F",0,112500,986
1614950,3,0,1,7,1,"F",1,62500,987
1614982,3,0,1,10,0,"M",0,62500,988
1615046,3,0,0,6,1,"F",0,42500,989
1615126,3,0,0,2,0,"M",1,112500,990
1616126,3,0,0,1,0,"F",1,112500,991
1616413,3,0,0,3,0,"F",1,42500,992
1617245,3,0,1,9,0,"F",0,30000,993
1617490,3,0,1,7,0,"F",1,187500,994
1617675,3,0,1,9,1,"F",0,87500,995
1617709,3,0,0,1,0,"F",1,62500,996
1618855,3,0,0,2,0,"F",0,62500,997
1619223,3,0,1,7,2,"F",1,20000,998
1620927,3,0,0,7,0,"M",0,112500,999
1620942,3,0,1,8,2,"F",1,20000,1000
117514,4,0,0,8,0,"F",0,42500,1
287398,4,0,0,1,0,"F",0,42500,2
469734,4,0,0,6,0,"F",1,250000,3
1054974,4,0,0,7,0,"F",1,137500,4
1060246,4,0,0,6,4,"F",1,62500,5
1061355,4,0,0,5,0,"F",1,87500,6
1061649,4,0,0,5,0,"M",1,225000,7
1062171,4,0,0,5,0,"F",1,250000,8
1063617,4,0,0,4,1,"F",1,250000,9
1068288,4,0,0,5,0,"F",0,30000,10
1071414,4,0,0,3,1,"F",1,62500,11
1077480,4,0,0,1,0,"F",0,62500,12
1081075,4,0,0,6,0,"F",1,250000,13
1081928,4,0,0,7,0,"F",1,62500,14
1082351,4,0,0,3,0,"F",0,30000,15
1087152,4,1,0,5,1,"F",1,187500,16
1089142,4,1,0,3,1,"F",1,87500,17
1091840,4,0,0,5,0,"F",1,30000,18
1094021,4,0,0,1,0,"F",1,87500,19
1094281,4,0,0,1,0,"F",1,62500,20
1100417,4,0,0,3,0,"F",1,62500,21
1100757,4,0,0,1,0,"F",0,112500,22
1102828,4,0,0,6,0,"F",0,62500,23
1103923,4,0,0,2,1,"F",1,225000,24
1107037,4,0,0,5,0,"F",1,112500,25
1108749,4,0,0,5,0,"F",0,87500,26
1108764,4,0,0,2,0,"F",0,62500,27
1111628,4,0,0,5,0,"F",1,137500,28
1111718,4,0,0,3,3,"F",1,112500,29
1114150,4,0,0,2,0,"F",0,30000,30
1117270,4,0,1,1,0,"M",1,20000,31
1120531,4,0,0,4,0,"F",1,62500,32
1122158,4,0,0,4,0,"F",0,62500,33
1128451,4,0,0,5,0,"F",1,42500,34
1136393,4,0,0,4,2,"F",0,112500,35
1136784,4,0,0,5,1,"M",0,225000,36
1139371,4,0,0,2,0,"F",0,42500,37
1139886,4,0,0,3,0,"F",1,112500,38
1144195,4,0,0,5,2,"M",1,250000,39
1144979,4,0,0,8,1,"F",1,112500,40
1145339,4,0,0,3,1,"F",1,62500,41
1145483,4,0,0,2,0,"F",0,7500,42
1146117,4,0,0,1,0,"M",0,87500,43
1147315,4,0,0,5,0,"F",1,187500,44
1148446,4,0,0,4,1,"F",0,20000,45
1149897,4,0,0,2.80612254142761,0,"M",0,30000,46
1149964,4,0,0,6,0,"F",1,42500,47
1150751,4,0,0,2,1,"M",0,7500,48
1150797,4,0,0,4,2,"F",1,162500,49
1151559,4,0,0,6,1,"F",1,112500,50
1151769,4,0,0,7,0,"F",0,112500,51
1152166,4,0,0,5,0,"M",1,137500,52
1152366,4,0,0,4.38461542129517,0,"F",1,87500,53
1153528,4,0,0,6,0,"M",1,62500,54
1153766,4,0,0,6,0,"F",1,162500,55
1155123,4,0,0,2,0,"F",1,112500,56
1156205,4,0,0,9,1,"F",0,112500,57
1156827,4,0,0,6,0,"F",0,7500,58
1157198,4,0,0,4,0,"F",1,20000,59
1165832,4,0,0,6,0,"F",0,62500,60
1166157,4,0,0,11,0,"F",0,137500,61
1167911,4,0,0,5,0,"F",1,87500,62
1168134,4,1,0,5,1,"F",0,162500,63
1168271,4,0,0,7,0,"F",1,112500,64
1171923,4,0,0,3,0,"F",0,62500,65
1172112,4,0,0,1,0,"F",0,20000,66
1174038,4,0,0,1,0,"M",1,112500,67
1174562,4,0,0,4,2,"F",1,62500,68
1174985,4,0,0,5,0,"F",1,62500,69
1176048,4,0,0,4,1,"F",1,62500,70
1179432,4,0,0,5,0,"F",1,87500,71
1179878,4,0,0,2,0,"M",1,62500,72
1180407,4,0,0,7,0,"F",0,62500,73
1180590,4,0,0,4,3,"F",0,112500,74
1180640,4,0,0,1,0,"F",1,62500,75
1181283,4,0,0,2,0,"F",1,62500,76
1181372,4,0,0,2,0,"M",1,62500,77
1181576,4,0,0,2,0,"F",1,87500,78
1182877,4,0,0,2,0,"M",1,62500,79
1184139,4,0,0,7,0,"F",1,20000,80
1184169,4,0,0,4,3,"F",1,112500,81
1184297,4,0,0,5,0,"M",1,112500,82
1184913,4,0,0,2,1,"F",1,87500,83
1185813,4,0,0,3.01980209350586,0,"M",1,87500,84
1185876,4,0,0,1.11764705181122,0,"F",1,137500,85
1186126,4,0,0,6,0,"F",1,62500,86
1187131,4,0,0,1.97826087474823,0,"M",0,42500,87
1187232,4,0,0,4,0,"F",0,62500,88
1187420,4,0,0,6,1,"F",1,87500,89
1187873,4,0,0,6,1,"M",1,112500,90
1187978,4,0,0,5,0,"F",1,62500,91
1188069,4,0,0,1,0,"F",1,162500,92
1188761,4,0,0,3,0,"F",1,162500,93
1188833,4,0,0,2,0,"F",1,62500,94
1189258,4,0,0,4,0,"F",1,225000,95
1189412,4,0,0,2.08641982078552,0,"F",1,20000,96
1189715,4,0,0,1,0,"M",1,162500,97
1189764,4,0,0,1,0,"F",1,137500,98
1190134,4,1,0,5,2,"F",0,20000,99
1190711,4,0,0,5,0,"F",1,162500,100
1191253,4,0,0,6,0,"F",0,62500,101
1191595,4,0,0,4,0,"F",1,62500,102
1191968,4,0,0,3,0,"F",1,112500,103
1192704,4,0,0,7,0,"F",1,62500,104
1192874,4,0,0,4,0,"F",1,62500,105
1193114,4,0,0,6,2,"F",1,162500,106
1193232,4,0,0,2,0,"M",1,112500,107
1193743,4,0,0,5,1,"F",1,20000,108
1193751,4,0,0,4,0,"F",0,42500,109
1193787,4,0,0,3,1,"F",1,62500,110
1194121,4,0,0,4,0,"F",0,42500,111
1194319,4,0,0,5,0,"F",0,62500,112
1194477,4,0,0,8,1,"F",1,112500,113
1195243,4,0,0,7,0,"F",1,62500,114
1195315,4,0,0,4,0,"M",1,112500,115
1195629,4,0,0,5,0,"M",1,62500,116
1196370,4,0,0,7,1,"F",0,137500,117
1196373,4,0,0,4,0,"F",1,87500,118
1196532,4,0,0,6,1,"F",1,112500,119
1196672,4,0,0,3,0,"F",0,62500,120
1196715,4,0,0,4,1,"F",1,62500,121
1196867,4,0,0,6,0,"F",1,62500,122
1197628,4,0,0,2,0,"M",0,137500,123
1198131,4,0,0,1,0,"F",0,42500,124
1198229,4,0,0,7,2,"F",1,62500,125
1198340,4,0,0,2.20731711387634,0,"F",1,112500,126
1198656,4,0,0,1,0,"F",0,42500,127
1198936,4,1,0,7,2,"M",0,162500,128
1199872,4,0,0,6,0,"F",0,87500,129
1202556,4,0,0,6,0,"F",1,62500,130
1204291,4,0,0,2.2826087474823,0,"F",0,20000,131
1204517,4,0,0,7,1,"F",1,62500,132
1204703,4,0,0,4,0,"F",0,87500,133
1205899,4,0,0,3,0,"F",1,162500,134
1207119,4,0,0,1,0,"F",1,62500,135
1208107,4,0,0,3.867924451828,1,"F",1,112500,136
1208888,4,0,0,1.53030300140381,0,"F",0,20000,137
1209486,4,0,0,6,0,"F",1,62500,138
1209955,4,0,1,1,0,"M",1,225000,139
1210800,4,2,0,8,3,"F",1,250000,140
1211027,4,0,0,5,0,"F",1,112500,141
1211068,4,0,0,3,0,"F",0,250000,142
1211288,4,1,0,5,2,"F",0,7500,143
1211807,4,0,0,2,0,"F",1,42500,144
1212464,4,1,0,7,1,"F",0,42500,145
1213078,4,0,0,5,0,"F",1,250000,146
1213693,4,0,0,6,0,"F",1,162500,147
1216811,4,0,0,6,0,"F",1,162500,148
1217376,4,0,0,6,1,"F",1,137500,149
1217401,4,0,0,6,1,"F",0,62500,150
1221162,4,0,0,2,0,"F",1,62500,151
1222034,4,0,0,5,0,"M",1,87500,152
1222561,4,0,0,2,0,"F",1,62500,153
1224353,4,0,0,5,1,"F",1,87500,154
1224379,4,0,0,4,0,"F",1,162500,155
1225029,4,0,0,1,1,"F",1,62500,156
1225288,4,0,0,5,0,"F",1,112500,157
1225581,4,0,0,4,0,"F",1,30000,158
1226932,4,0,0,6,0,"F",1,87500,159
1226943,4,0,0,5,3,"F",1,162500,160
1227191,4,0,0,5,0,"F",1,112500,161
1227743,4,0,0,6,2,"F",0,62500,162
1228628,4,0,0,5.19626188278198,0,"F",1,62500,163
1228793,4,0,0,9,0,"F",0,87500,164
1229147,4,0,0,6,0,"F",1,87500,165
1229564,4,0,0,5,0,"F",1,62500,166
1229612,4,0,0,5,1,"M",1,187500,167
1229771,4,0,0,7,1,"F",1,87500,168
1229884,4,0,0,1,0,"F",1,112500,169
1230105,4,2,0,6,2,"F",1,137500,170
1230445,4,0,0,3,1,"F",1,62500,171
1230648,4,0,0,2,0,"F",1,87500,172
1230860,4,1,0,5,1,"F",1,62500,173
1231637,4,0,0,2,0,"F",1,112500,174
1233436,4,0,0,6,0,"F",0,162500,175
1233553,4,1,0,7,1,"F",1,112500,176
1234916,4,0,0,6,1,"M",1,62500,177
1237257,4,0,0,4,1,"F",1,62500,178
1237667,4,0,0,6,1,"F",1,87500,179
1238108,4,0,0,4,0,"F",1,42500,180
1238707,4,0,0,3,0,"F",1,62500,181
1238904,4,0,0,4,0,"M",1,87500,182
1239286,4,0,0,1,0,"F",1,250000,183
1239623,4,0,0,3,0,"F",0,42500,184
1239849,4,0,0,3,0,"F",1,112500,185
1239936,4,0,0,1.44736838340759,0,"F",0,7500,186
1240102,4,0,0,1,0,"F",0,62500,187
1241439,4,0,0,2,1,"F",1,112500,188
1241595,4,0,0,7,0,"F",1,62500,189
1241711,4,0,0,6,1,"F",1,87500,190
1242022,4,0,0,1,0,"F",1,62500,191
1242223,4,0,0,4,0,"M",1,137500,192
1242542,4,0,0,2,0,"M",1,137500,193
1243937,4,0,0,7,0,"F",1,87500,194
1244277,4,0,0,1,1,"F",0,112500,195
1245286,4,0,0,3,0,"F",1,62500,196
1246704,4,0,0,7,1,"F",1,87500,197
1247392,4,0,0,4,0,"F",1,87500,198
1248826,4,0,0,5,4,"F",1,87500,199
1249794,4,0,0,5,0,"F",0,137500,200
1250074,4,0,0,6,1,"F",0,87500,201
1250242,4,0,0,3,0,"F",0,250000,202
1250577,4,0,0,5,2,"F",1,62500,203
1250585,4,0,0,6,0,"F",1,187500,204
1250879,4,0,0,3,0,"F",1,137500,205
1250899,4,0,0,3,0,"M",1,112500,206
1251138,4,0,0,3,0,"M",1,137500,207
1251550,4,0,0,7,0,"F",1,62500,208
1251623,4,0,0,4,0,"F",1,7500,209
1251804,4,0,0,5,2,"F",0,137500,210
1251816,4,0,0,4,1,"F",1,137500,211
1252257,4,0,0,5,1,"F",0,87500,212
1252297,4,0,0,5,0,"M",1,62500,213
1252403,4,0,0,8,0,"M",1,62500,214
1252534,4,0,0,5,0,"F",1,187500,215
1252759,4,0,0,6,3,"F",1,137500,216
1252878,4,0,0,5,1,"F",1,137500,217
1254168,4,0,0,8,0,"F",1,62500,218
1254684,4,0,0,6,3,"M",1,112500,219
1258925,4,0,0,3,1,"F",1,42500,220
1259640,4,0,0,4,1,"M",1,87500,221
1259672,4,0,0,4,1,"F",1,62500,222
1259740,4,0,0,4,0,"F",1,30000,223
1262332,4,0,0,6,0,"F",1,87500,224
1262373,4,0,0,5,1,"F",1,250000,225
1262926,4,0,0,3,0,"F",1,62500,226
1263058,4,0,0,4,0,"F",0,137500,227
1263919,4,0,0,4,0,"M",0,30000,228
1264065,4,0,0,7,1,"F",1,187500,229
1264317,4,0,0,4,0,"F",1,187500,230
1264505,4,0,0,2,0,"F",1,87500,231
1264703,4,0,0,6,0,"F",0,30000,232
1265443,4,0,0,5,1,"F",0,20000,233
1265755,4,0,0,6,0,"F",1,112500,234
1265835,4,0,0,3,0,"F",1,112500,235
1265892,4,0,0,2,0,"F",0,187500,236
1266201,4,0,0,1,0,"F",1,187500,237
1268413,4,0,0,5,0,"F",1,62500,238
1269756,4,0,0,6,1,"F",1,62500,239
1269824,4,0,0,3,0,"M",0,30000,240
1273931,4,0,0,5,1,"F",1,20000,241
1275308,4,0,0,5,0,"M",1,87500,242
1275698,4,0,0,2,0,"F",1,87500,243
1275888,4,0,0,2,0,"F",1,137500,244
1276784,4,0,0,2,0,"F",0,20000,245
1277335,4,0,0,1,0,"F",1,42500,246
1279299,4,0,0,3,0,"M",1,87500,247
1279847,4,1,0,3,2,"F",1,42500,248
1280469,4,0,0,5,1,"F",0,7500,249
1281674,4,0,0,3,0,"F",0,137500,250
1285561,4,0,0,7,1,"F",1,250000,251
1286058,4,0,0,4,1,"F",1,250000,252
1286676,4,0,0,6,1,"M",1,225000,253
1287337,4,0,0,4,1,"F",0,62500,254
1288054,4,0,0,6,0,"F",1,42500,255
1288246,4,0,0,2,0,"F",0,62500,256
1288502,4,0,0,8,1,"M",0,137500,257
1288666,4,0,0,3,0,"F",1,62500,258
1288675,4,0,0,5,0,"F",1,20000,259
1288774,4,0,0,9,0,"F",1,187500,260
1288902,4,0,0,6,0,"F",1,87500,261
1289229,4,0,0,1,0,"F",0,112500,262
1290077,4,0,0,3,0,"F",1,87500,263
1290515,4,0,0,2,0,"F",0,87500,264
1290723,4,0,0,4,0,"F",0,30000,265
1291318,4,0,0,3,0,"F",1,42500,266
1291608,4,0,0,4,0,"F",0,30000,267
1292847,4,0,0,10,0,"F",1,42500,268
1293296,4,0,0,5,0,"F",1,30000,269
1293595,4,0,0,6,0,"F",1,62500,270
1293939,4,0,0,6,1,"F",1,250000,271
1294157,4,0,0,6,0,"F",1,62500,272
1294200,4,0,0,4,0,"F",1,62500,273
1294399,4,0,0,6,0,"F",0,30000,274
1294837,4,0,0,6,2,"F",0,62500,275
1297008,4,0,0,1,0,"F",0,7500,276
1297323,4,0,0,2,0,"F",0,7500,277
1297452,4,0,0,5,0,"M",1,87500,278
1297615,4,0,0,2,0,"F",0,20000,279
1297678,4,0,0,5,0,"M",1,62500,280
1298036,4,0,0,4,0,"F",0,7500,281
1298136,4,0,0,6,0,"M",0,30000,282
1298614,4,0,0,5,1,"F",1,62500,283
1300363,4,0,0,4,0,"M",1,42500,284
1300457,4,0,0,3,0,"M",1,42500,285
1301237,4,0,0,2,3,"F",1,20000,286
1301332,4,0,0,6,3,"M",1,42500,287
1301620,4,0,0,3,0,"F",1,87500,288
1302173,4,0,0,5,0,"F",1,225000,289
1302216,4,0,0,2,0,"F",1,62500,290
1302375,4,0,0,5,2,"F",1,87500,291
1303092,4,0,0,4,0,"F",1,62500,292
1303908,4,0,0,6,1,"M",1,87500,293
1304518,4,0,0,5,1,"F",1,87500,294
1304751,4,0,0,2,0,"F",0,30000,295
1306505,4,0,0,4,0,"F",0,62500,296
1307675,4,0,0,7,1,"F",1,62500,297
1307821,4,0,0,5,0,"M",1,42500,298
1310138,4,0,0,4,0,"F",1,62500,299
1310269,4,0,0,4,1,"F",0,112500,300
1311143,4,0,0,2,1,"M",0,62500,301
1311172,4,0,0,1,0,"M",1,137500,302
1311388,4,0,0,5,0,"M",0,20000,303
1312227,4,0,0,4,1,"F",0,62500,304
1313291,4,0,0,1,0,"F",1,162500,305
1313396,4,0,0,9,2,"F",0,30000,306
1313735,4,0,0,4,0,"F",1,20000,307
1313856,4,0,0,9,0,"F",0,20000,308
1314520,4,0,0,4,0,"F",1,62500,309
1314682,4,0,0,1,0,"F",0,20000,310
1314969,4,0,0,5,2,"F",0,87500,311
1315946,4,0,0,5,0,"F",0,62500,312
1317054,4,0,0,4,0,"F",0,7500,313
1317356,4,0,0,4,1,"F",1,62500,314
1318696,4,0,0,4,1,"F",0,62500,315
1318996,4,0,0,7,0,"F",1,62500,316
1319548,4,0,0,3,0,"F",0,20000,317
1319613,4,0,0,6,0,"F",0,137500,318
1319738,4,0,0,2,1,"F",1,137500,319
1320734,4,0,0,5,0,"F",1,20000,320
1320750,4,0,0,3,0,"F",0,7500,321
1322205,4,0,0,7,0,"F",1,62500,322
1322235,4,0,0,5,0,"F",0,62500,323
1322521,4,0,0,5,0,"M",1,42500,324
1322942,4,0,0,5,0,"F",1,87500,325
1323304,4,0,0,8,0,"F",1,162500,326
1323359,4,0,0,8,4,"M",0,187500,327
1323491,4,0,0,5,0,"F",1,250000,328
1323698,4,0,0,4,0,"M",0,250000,329
1323962,4,0,0,6,0,"M",1,62500,330
1324251,4,0,0,2,0,"F",0,20000,331
1324843,4,0,0,3,2,"F",1,87500,332
1325556,4,0,0,1,0,"F",0,20000,333
1327146,4,0,0,7,0,"F",1,162500,334
1328158,4,0,0,5,0,"F",1,62500,335
1328623,4,0,0,8,1,"M",1,30000,336
1328832,4,0,0,5,1,"F",1,187500,337
1329574,4,0,0,5,0,"F",0,42500,338
1330046,4,0,0,4,0,"F",1,112500,339
1330272,4,0,0,4,0,"F",1,137500,340
1330497,4,0,0,5,0,"F",1,162500,341
1331244,4,0,0,5,4,"F",0,30000,342
1331261,4,0,0,3,0,"F",0,7500,343
1331950,4,0,0,4,0,"F",1,62500,344
1333858,4,0,0,4,0,"F",1,112500,345
1335680,4,0,0,2.70103096961975,0,"F",1,62500,346
1335920,4,0,0,6,0,"F",1,42500,347
1335980,4,0,0,5,0,"F",0,20000,348
1336426,4,0,0,4,0,"F",0,20000,349
1336946,4,0,0,3,0,"M",1,20000,350
1338200,4,0,0,5,0,"F",1,162500,351
1338378,4,0,0,8,0,"F",1,225000,352
1339574,4,0,0,6,0,"F",1,42500,353
1339822,4,0,0,5,1,"F",1,112500,354
1340176,4,0,0,3,0,"M",1,42500,355
1340267,4,0,0,5,1,"F",0,42500,356
1341891,4,0,0,4,0,"F",0,62500,357
1342799,4,0,0,4,0,"F",0,62500,358
1343216,4,0,0,1,0,"F",0,187500,359
1344265,4,0,0,2.36538457870483,0,"F",0,87500,360
1344499,4,0,0,4,3,"F",1,87500,361
1344614,4,0,0,6,2,"M",1,225000,362
1345984,4,0,0,6,1,"F",1,112500,363
1346234,4,0,0,2,0,"F",0,162500,364
1347945,4,0,0,7,2,"F",0,112500,365
1348467,4,0,0,1,0,"F",0,87500,366
1348663,4,0,0,5,0,"F",1,62500,367
1348726,4,0,0,4,0,"F",1,62500,368
1349285,4,0,0,6,0,"F",0,42500,369
1349428,4,0,0,5,0,"F",1,87500,370
1349951,4,0,0,3,0,"F",1,20000,371
1350291,4,0,0,6,0,"M",1,87500,372
1350434,4,0,0,6,0,"F",1,162500,373
1351173,4,0,0,1,0,"F",0,87500,374
1351468,4,0,0,3,0,"F",1,7500,375
1351509,4,0,0,2.29245281219482,0,"F",1,62500,376
1351586,4,0,0,5,0,"F",1,162500,377
1351796,4,0,0,5,0,"F",1,7500,378
1352046,4,0,0,3,0,"F",1,87500,379
1352301,4,0,0,2,0,"F",1,42500,380
1352756,4,0,0,5,0,"F",1,62500,381
1352986,4,0,0,7,1,"F",1,42500,382
1353809,4,0,0,9,3,"F",1,112500,383
1353961,4,0,0,4,0,"F",0,20000,384
1354452,4,0,0,8,0,"F",1,62500,385
1354598,4,0,0,4,0,"F",0,42500,386
1354602,4,0,0,6,0,"M",1,62500,387
1354673,4,0,0,4,0,"F",0,7500,388
1355604,4,0,0,3,0,"M",1,7500,389
1356206,4,0,0,6,0,"F",1,62500,390
1358021,4,0,0,7,1,"F",1,112500,391
1358933,4,0,0,6,0,"F",0,112500,392
1361465,4,0,0,3,0,"F",0,137500,393
1362107,4,0,0,1,0,"M",1,162500,394
1363023,4,0,0,4,1,"F",1,30000,395
1363370,4,0,0,3,0,"M",1,62500,396
1364059,4,0,0,6,1,"M",1,112500,397
1366217,4,0,0,3,0,"M",0,112500,398
1366244,4,0,0,4,1,"F",0,112500,399
1367411,4,0,0,6,0,"F",1,20000,400
1367420,4,0,0,10,1,"F",1,162500,401
1368140,4,0,0,6,0,"F",1,62500,402
1368385,4,0,0,1,1,"M",1,162500,403
1369918,4,0,0,4,0,"F",1,87500,404
1372221,4,0,0,1,0,"F",1,7500,405
1372333,4,0,0,2,0,"F",1,62500,406
1374105,4,0,0,5,0,"F",0,7500,407
1374132,4,0,0,4,1,"M",1,62500,408
1374680,4,0,0,2,0,"F",1,62500,409
1375113,4,0,0,3,0,"F",1,87500,410
1376245,4,0,0,2,0,"F",0,62500,411
1377492,4,0,0,6,1,"F",1,137500,412
1377719,4,0,0,3,0,"F",1,137500,413
1378071,4,0,0,5,0,"F",0,62500,414
1378409,4,0,0,8,1,"F",1,62500,415
1380721,4,0,0,3.36190485954285,0,"F",1,42500,416
1381136,4,0,0,5,0,"F",1,62500,417
1381384,4,0,0,6,1,"F",1,162500,418
1381552,4,0,0,6,1,"M",1,87500,419
1381639,4,1,0,5,1,"F",1,225000,420
1381711,4,0,0,5,0,"F",1,87500,421
1382137,4,0,0,3,0,"F",1,112500,422
1382624,4,0,0,8,1,"F",1,62500,423
1382975,4,1,0,5,3,"F",1,112500,424
1384230,4,0,0,6,1,"F",1,137500,425
1384341,4,0,0,4,0,"F",0,137500,426
1385468,4,0,0,2,0,"F",1,250000,427
1385831,4,0,0,5,0,"F",1,42500,428
1386066,4,0,0,1,0,"F",1,112500,429
1386120,4,0,0,5,0,"F",1,42500,430
1387428,4,0,0,5,0,"F",0,62500,431
1387588,4,0,0,4,2,"F",1,42500,432
1388210,4,0,0,4,1,"M",1,62500,433
1388355,4,0,0,1,0,"F",1,62500,434
1388513,4,0,0,5,1,"F",1,162500,435
1388833,4,0,0,5,1,"F",0,42500,436
1389030,4,0,0,4,0,"F",1,62500,437
1389384,4,0,0,6,0,"F",0,42500,438
1389406,4,1,0,7,1,"F",1,87500,439
1389477,4,0,0,5,0,"F",1,62500,440
1390351,4,0,0,5,1,"M",1,162500,441
1392387,4,0,0,4,0,"F",0,87500,442
1393255,4,0,0,3,0,"F",1,87500,443
1393466,4,0,0,2,1,"M",1,87500,444
1393929,4,0,0,4,0,"F",1,225000,445
1394027,4,0,0,2.54285717010498,0,"F",1,162500,446
1395064,4,0,0,6,0,"F",1,162500,447
1395309,4,0,0,2,2,"F",0,42500,448
1395394,4,0,0,6,1,"F",0,7500,449
1396474,4,0,0,1.76344084739685,0,"F",1,62500,450
1396597,4,0,0,2,0,"F",1,87500,451
1396618,4,0,0,5,1,"F",1,87500,452
1396830,4,0,0,4,1,"F",1,87500,453
1397814,4,0,0,4,0,"M",1,137500,454
1398493,4,0,0,2.02083325386047,0,"F",1,87500,455
1398606,4,0,0,3,0,"M",1,20000,456
1399233,4,0,0,5,0,"F",0,42500,457
1399269,4,0,0,4,1,"F",1,62500,458
1399329,4,0,0,8,0,"F",1,112500,459
1401246,4,0,0,1,0,"F",1,42500,460
1401458,4,0,0,5,0,"F",1,62500,461
1403021,4,0,0,4,0,"F",1,112500,462
1403631,4,0,0,6,0,"F",1,62500,463
1403972,4,0,0,10,3,"F",1,162500,464
1404355,4,0,0,5,0,"F",1,87500,465
1404418,4,0,0,5,0,"F",1,42500,466
1404842,4,0,0,1,0,"M",1,112500,467
1405544,4,0,0,6,5,"F",0,20000,468
1406907,4,0,0,6,2,"F",1,87500,469
1408575,4,0,0,3,0,"M",0,30000,470
1410385,4,1,0,9,2,"F",1,162500,471
1411418,4,0,0,5,0,"M",1,87500,472
1412397,4,0,0,2,1,"M",1,42500,473
1412511,4,0,0,2.29411768913269,0,"F",1,42500,474
1412646,4,0,0,13,1,"F",1,162500,475
1413182,4,0,0,6,0,"F",1,112500,476
1413837,4,0,0,3,0,"F",1,225000,477
1413925,4,0,0,6,0,"F",0,62500,478
1414361,4,0,0,3.61320757865906,0,"F",1,112500,479
1414857,4,0,0,5,1,"M",1,162500,480
1414873,4,0,0,3,1,"F",1,112500,481
1415098,4,0,0,6,3,"F",0,87500,482
1415320,4,1,0,6,1,"F",1,162500,483
1416429,4,0,1,9,1,"F",1,87500,484
1416731,4,0,0,2,0,"F",1,162500,485
1416940,4,0,0,6,0,"F",0,137500,486
1417159,4,0,0,1,0,"M",0,20000,487
1417523,4,0,0,2.75,0,"F",1,187500,488
1418358,4,0,0,8,1,"F",0,112500,489
1418818,4,0,0,7,1,"F",1,87500,490
1419071,4,0,0,5,0,"M",1,87500,491
1419406,4,0,0,6,0,"F",1,62500,492
1419467,4,0,0,3,2,"F",1,162500,493
1419627,4,0,0,6,0,"M",1,87500,494
1419833,4,0,0,6,1,"F",1,225000,495
1420095,4,0,0,1,0,"M",1,187500,496
1420139,4,0,0,6,0,"F",1,112500,497
1420150,4,0,0,6,0,"F",0,7500,498
1420458,4,0,0,6,0,"M",1,20000,499
1420461,4,0,0,6,0,"F",1,62500,500
1420462,4,0,0,5,2,"F",1,162500,501
1420478,4,0,0,1,0,"F",1,42500,502
1420505,4,0,0,1,0,"F",0,7500,503
1420957,4,0,0,3.94339632987976,0,"F",1,225000,504
1420990,4,0,0,3,1,"F",0,87500,505
1421112,4,0,0,3,1,"F",0,87500,506
1421265,4,0,0,6,2,"F",0,137500,507
1421359,4,0,0,2,0,"F",0,7500,508
1422155,4,0,0,6,2,"F",1,187500,509
1422249,4,0,0,1.77319586277008,0,"M",0,62500,510
1424297,4,0,0,2.05154633522034,0,"M",1,20000,511
1424626,4,0,0,7,1,"F",0,112500,512
1425960,4,0,0,2,0,"F",0,20000,513
1426165,4,0,0,6,0,"F",0,112500,514
1426230,4,0,0,1,0,"F",0,7500,515
1426266,4,0,0,6,1,"F",1,112500,516
1426799,4,0,0,4,0,"F",1,87500,517
1427258,4,0,0,4,0,"F",0,62500,518
1427579,4,0,0,3,0,"F",1,87500,519
1427915,4,0,0,4,0,"F",0,62500,520
1428277,4,0,0,7,1,"M",1,112500,521
1429936,4,0,0,7,3,"F",1,187500,522
1430214,4,0,0,5,0,"M",0,112500,523
1430754,4,0,0,3,0,"M",1,187500,524
1431104,4,0,0,4,1,"F",0,250000,525
1431118,4,0,0,3,0,"F",1,62500,526
1431340,4,0,0,4,1,"F",0,87500,527
1431513,4,0,0,5,0,"F",1,62500,528
1431697,4,0,0,2,1,"F",1,87500,529
1431949,4,0,0,5,1,"F",1,42500,530
1432387,4,0,0,6,0,"F",0,162500,531
1432724,4,0,0,5,0,"F",1,20000,532
1432840,4,0,0,7,0,"F",1,20000,533
1432998,4,0,0,3,1,"F",1,62500,534
1433194,4,0,0,5,0,"F",1,42500,535
1433587,4,1,0,4,2,"M",1,87500,536
1434275,4,0,0,6,1,"F",1,20000,537
1434712,4,0,0,1.83333337306976,0,"F",1,42500,538
1435022,4,0,0,1,0,"F",1,187500,539
1435557,4,0,0,2.47000002861023,0,"M",1,62500,540
1435794,4,0,0,4,1,"F",0,87500,541
1435996,4,0,0,3,0,"F",1,112500,542
1436928,4,0,0,4,0,"F",1,112500,543
1437747,4,0,0,5,0,"F",1,137500,544
1437857,4,0,0,8,2,"M",1,62500,545
1437869,4,0,0,6,1,"F",1,187500,546
1437899,4,0,0,5,1,"F",1,137500,547
1438760,4,0,0,6,2,"F",1,137500,548
1438884,4,0,0,6,0,"M",1,87500,549
1439629,4,0,0,5,0,"F",1,7500,550
1439689,4,0,0,2,0,"F",1,112500,551
1439713,4,0,0,3,0,"F",1,62500,552
1440356,4,0,0,1,0,"M",1,250000,553
1441053,4,0,0,5,0,"M",1,30000,554
1441466,4,0,0,5,1,"F",1,250000,555
1442287,4,0,0,5,1,"F",0,187500,556
1442704,4,0,0,6,1,"F",1,87500,557
1443687,4,0,0,3,0,"F",0,87500,558
1443964,4,0,0,4,2,"F",1,250000,559
1444485,4,0,0,4,0,"F",1,112500,560
1445100,4,0,0,6,0,"F",1,87500,561
1446288,4,0,0,6,0,"F",0,62500,562
1447092,4,0,0,2,0,"M",1,42500,563
1447298,4,0,0,7,0,"F",1,62500,564
1448763,4,0,0,1,0,"F",0,62500,565
1448901,4,0,0,2,0,"F",0,62500,566
1449431,4,0,0,2,0,"F",1,137500,567
1450170,4,2,0,6,3,"F",0,62500,568
1450180,4,0,0,2,0,"M",1,62500,569
1450746,4,0,0,6,1,"F",1,7500,570
1450805,4,0,0,3.33333325386047,0,"M",1,225000,571
1450890,4,0,0,6,1,"F",1,225000,572
1451275,4,0,0,3,0,"M",1,62500,573
1451865,4,0,0,3,0,"F",1,225000,574
1452879,4,0,0,8,1,"F",1,137500,575
1454110,4,0,0,4,0,"F",1,62500,576
1454343,4,0,0,7,0,"M",0,30000,577
1454425,4,0,0,3,1,"F",1,112500,578
1454661,4,0,0,7,1,"F",1,87500,579
1455466,4,0,0,5,0,"F",1,87500,580
1455615,4,0,0,1.87640452384949,0,"F",1,7500,581
1455721,4,0,0,1,0,"M",1,87500,582
1455906,4,0,0,4,0,"F",1,250000,583
1456029,4,0,0,3,0,"F",1,42500,584
1456155,4,0,0,4,0,"F",1,250000,585
1456186,4,0,0,3,0,"F",1,20000,586
1456531,4,0,0,7,1,"F",1,187500,587
1456609,4,0,0,3.46666669845581,0,"F",1,62500,588
1456628,4,0,0,6,0,"F",1,250000,589
1456919,4,0,0,3,0,"F",1,30000,590
1457625,4,0,0,4,0,"F",1,112500,591
1457777,4,1,0,3,2,"F",1,62500,592
1457830,4,0,0,5,0,"F",1,112500,593
1457984,4,0,0,6,1,"F",1,112500,594
1458214,4,0,0,5,1,"F",1,225000,595
1460277,4,0,0,3.92452836036682,0,"F",1,62500,596
1460380,4,0,0,5,0,"F",0,42500,597
1460953,4,1,0,5,2,"F",0,250000,598
1461151,4,0,0,1,0,"F",1,87500,599
1461397,4,0,0,5,1,"F",1,137500,600
1462847,4,2,0,3,2,"F",1,162500,601
1462878,4,0,0,6,1,"F",1,7500,602
1463072,4,0,0,5,1,"F",1,87500,603
1464188,4,0,0,1.54166662693024,0,"F",1,137500,604
1464264,4,0,0,5,0,"M",1,112500,605
1464335,4,1,0,9,5,"F",1,187500,606
1464618,4,0,0,5,0,"F",1,112500,607
1465220,4,0,0,5,0,"F",1,137500,608
1466204,4,0,0,6,0,"F",1,87500,609
1466494,4,0,0,2,0,"M",1,20000,610
1466816,4,0,0,7,0,"F",1,137500,611
1466833,4,0,0,7,6,"F",1,87500,612
1466886,4,0,0,5,0,"F",1,137500,613
1466955,4,0,0,5,1,"F",1,250000,614
1467019,4,0,0,3,0,"F",0,137500,615
1467058,4,0,0,6,0,"F",0,20000,616
1467155,4,0,0,4,1,"M",0,62500,617
1467520,4,0,0,3,0,"F",1,250000,618
1467621,4,0,0,3,0,"F",1,62500,619
1468654,4,0,0,3,0,"F",1,87500,620
1468709,4,0,0,5,0,"F",1,30000,621
1468714,4,0,0,6,0,"F",0,112500,622
1468733,4,0,0,6,0,"F",1,62500,623
1468745,4,0,0,3,0,"M",1,62500,624
1469175,4,0,0,11,0,"F",0,87500,625
1469204,4,0,0,2,0,"F",1,112500,626
1469239,4,0,0,6,1,"F",1,112500,627
1469248,4,0,0,3,0,"F",1,112500,628
1469990,4,0,0,6,1,"M",1,187500,629
1470110,4,0,0,6,0,"F",0,62500,630
1470965,4,0,0,5,0,"F",0,62500,631
1471445,4,0,0,3,1,"F",1,162500,632
1471473,4,0,0,3,0,"M",1,62500,633
1471528,4,0,0,5,0,"F",1,112500,634
1471566,4,0,0,1,1,"F",1,30000,635
1471723,4,0,0,5,0,"F",1,187500,636
1471767,4,0,0,5,0,"M",1,87500,637
1471934,4,0,0,3,0,"F",0,112500,638
1472977,4,0,0,6,1,"F",1,87500,639
1474598,4,0,0,7,0,"M",1,87500,640
1475170,4,0,0,5,2,"M",0,87500,641
1477477,4,0,0,1.65277779102325,0,"M",0,112500,642
1478058,4,0,0,3,0,"F",1,87500,643
1478617,4,1,0,6,3,"F",1,225000,644
1479489,4,0,0,4,0,"F",1,62500,645
1480578,4,0,0,2,0,"F",0,62500,646
1481279,4,0,0,4,0,"F",0,162500,647
1481476,4,0,0,4,0,"F",1,7500,648
1482005,4,0,0,4.09345817565918,0,"M",1,62500,649
1482267,4,0,0,1,0,"F",1,225000,650
1482614,4,0,0,4,2,"F",0,87500,651
1482816,4,0,0,2,0,"F",1,62500,652
1483049,4,3,0,5,3,"F",0,20000,653
1484259,4,0,0,5,1,"F",0,7500,654
1484519,4,0,0,4,2,"F",1,42500,655
1484930,4,0,0,3,0,"F",1,162500,656
1486404,4,0,0,4,0,"F",0,42500,657
1487790,4,0,0,9,1,"M",1,187500,658
1488086,4,0,0,3,1,"F",1,112500,659
1489319,4,0,0,3,0,"F",0,42500,660
1490014,4,0,0,2,0,"M",1,62500,661
1491416,4,0,0,6,0,"F",0,112500,662
1491563,4,0,0,2.69158887863159,1,"M",1,162500,663
1492025,4,0,0,5,1,"F",1,62500,664
1492036,4,0,0,3,0,"F",1,87500,665
1493569,4,0,0,1,1,"F",1,112500,666
1498287,4,0,0,5,0,"F",1,162500,667
1498483,4,0,0,4.28846168518066,0,"F",1,62500,668
1498656,4,0,0,2,0,"M",1,137500,669
1501397,4,0,0,5,0,"M",1,112500,670
1501443,4,0,0,5,0,"F",0,7500,671
1501825,4,0,0,5,1,"F",1,225000,672
1501848,4,0,0,1,0,"F",1,112500,673
1501917,4,0,0,5,1,"F",1,137500,674
1502135,4,0,0,3,0,"F",1,87500,675
1502146,4,0,0,6,0,"F",1,62500,676
1502599,4,0,0,6,0,"F",1,187500,677
1504289,4,0,0,5,0,"F",1,137500,678
1507421,4,0,0,1.86138617992401,0,"F",0,20000,679
1509331,4,0,0,7,1,"M",1,62500,680
1509782,4,0,0,2,0,"F",1,62500,681
1509874,4,0,0,1.95402300357819,0,"F",1,42500,682
1511973,4,0,0,5,1,"M",0,7500,683
1512249,4,0,0,6,0,"F",1,187500,684
1512656,4,0,0,5,0,"F",1,187500,685
1513530,4,0,0,4,1,"F",1,62500,686
1513806,4,0,0,4.03773593902588,0,"F",1,62500,687
1514087,4,0,0,2.75,0,"F",0,112500,688
1514098,4,0,0,5,0,"F",1,187500,689
1514327,4,0,0,2,1,"F",0,87500,690
1514351,4,0,0,5,0,"M",1,187500,691
1514819,4,0,0,2,0,"F",1,30000,692
1516894,4,0,0,3,0,"M",1,250000,693
1518132,4,1,0,5,2,"F",0,62500,694
1518564,4,0,0,4.04854345321655,0,"F",1,112500,695
1519598,4,0,0,6,0,"F",1,187500,696
1520012,4,1,0,1,1,"F",1,187500,697
1520720,4,0,0,5,4,"F",1,62500,698
1522154,4,0,0,6,0,"F",1,137500,699
1522471,4,0,0,3,2,"M",1,162500,700
1523997,4,1,0,5,1,"F",1,225000,701
1524038,4,0,0,6,0,"F",1,250000,702
1524967,4,0,0,1.25,0,"F",1,250000,703
1525049,4,0,0,5,1,"F",1,187500,704
1525556,4,0,0,6,0,"M",1,162500,705
1526044,4,0,0,3,1,"M",1,87500,706
1526280,4,0,0,4.4392523765564,1,"M",1,20000,707
1526638,4,0,0,2,0,"F",1,225000,708
1527800,4,0,0,1,1,"F",1,137500,709
1527932,4,0,0,6,2,"F",1,187500,710
1527966,4,0,0,5,0,"F",1,250000,711
1528038,4,0,0,4,0,"M",1,225000,712
1528103,4,1,0,6,2,"F",1,225000,713
1528515,4,0,0,1,1,"F",0,225000,714
1529646,4,0,0,8,1,"F",1,225000,715
1530199,4,0,0,2,0,"M",1,62500,716
1530200,4,0,0,8,0,"F",1,137500,717
1530561,4,0,0,3,0,"F",1,42500,718
1530887,4,1,0,5,2,"F",1,87500,719
1531800,4,0,0,4,1,"F",0,62500,720
1531915,4,0,0,3,0,"F",1,250000,721
1531924,4,0,0,5,0,"F",0,225000,722
1531984,4,0,0,5,0,"F",0,42500,723
1532052,4,0,0,1,0,"M",1,87500,724
1532113,4,0,0,5,0,"F",1,87500,725
1532334,4,0,0,4,0,"F",1,225000,726
1532420,4,0,0,1,0,"F",1,30000,727
1532431,4,0,0,5,0,"F",0,20000,728
1532738,4,0,0,7,0,"F",1,225000,729
1532841,4,0,0,5,0,"F",1,42500,730
1533843,4,0,0,4,0,"F",1,42500,731
1533874,4,0,0,5,1,"F",1,137500,732
1533971,4,0,0,6,0,"F",1,137500,733
1534792,4,0,0,6,0,"F",1,187500,734
1535057,4,0,0,7,1,"F",1,137500,735
1535333,4,0,0,6,4,"M",1,87500,736
1535547,4,0,0,4,4,"F",1,187500,737
1535701,4,0,0,4,0,"M",1,62500,738
1535732,4,0,0,7,0,"F",1,187500,739
1535755,4,0,0,4,1,"F",1,112500,740
1536000,4,0,0,5,0,"F",1,187500,741
1536405,4,0,0,3,0,"F",1,62500,742
1536527,4,0,0,1,0,"F",1,225000,743
1536579,4,0,0,2,0,"F",1,187500,744
1537347,4,0,0,6,1,"F",1,225000,745
1537995,4,0,0,2,2,"F",0,62500,746
1538175,4,0,0,6,3,"F",1,250000,747
1538662,4,0,0,5,0,"F",1,112500,748
1538919,4,0,0,1,0,"F",1,250000,749
1539494,4,0,0,8,1,"F",1,250000,750
1539570,4,0,1,3,0,"F",1,87500,751
1540059,4,0,0,6,0,"M",1,87500,752
1540194,4,0,0,3,0,"F",1,187500,753
1540364,4,0,0,6,2,"F",1,7500,754
1540829,4,0,0,2,0,"F",1,187500,755
1540910,4,0,0,9,0,"F",1,137500,756
1540936,4,0,0,4,1,"F",1,62500,757
1541156,4,0,0,6,0,"F",1,7500,758
1541593,4,0,0,6,1,"F",1,250000,759
1541662,4,0,0,6,0,"F",1,112500,760
1541734,4,0,0,7,0,"F",1,137500,761
1541834,4,0,0,1,0,"F",1,250000,762
1541894,4,0,0,4,0,"F",0,42500,763
1542247,4,0,0,5,0,"F",1,225000,764
1542523,4,0,1,6,1,"F",1,187500,765
1542740,4,0,0,7,0,"F",0,30000,766
1543012,4,0,0,6,0,"M",1,112500,767
1543181,4,0,0,6,1,"M",1,250000,768
1543552,4,0,0,6,0,"F",0,112500,769
1543563,4,0,0,5,2,"F",1,250000,770
1543633,4,0,0,6,2,"F",1,112500,771
1544590,4,0,0,6,1,"F",0,187500,772
1544693,4,0,0,5,1,"F",1,250000,773
1545273,4,1,0,6,3,"F",0,137500,774
1545322,4,0,0,7,0,"M",1,250000,775
1546709,4,0,0,3,0,"F",1,250000,776
1546922,4,0,0,5,0,"M",1,137500,777
1546932,4,0,0,7,0,"F",0,112500,778
1546959,4,0,0,6,2,"F",1,187500,779
1546989,4,0,0,5,1,"M",1,225000,780
1547464,4,0,1,6,0,"F",1,87500,781
1547476,4,0,0,5,0,"F",0,225000,782
1547622,4,0,0,4,0,"F",1,187500,783
1547752,4,0,0,3.74757289886475,0,"F",1,112500,784
1547850,4,0,0,4,1,"F",1,20000,785
1548040,4,0,0,3,0,"F",0,112500,786
1548129,4,0,0,7,0,"F",1,112500,787
1548209,4,0,0,5,0,"F",1,20000,788
1548503,4,0,0,5,0,"F",1,62500,789
1548540,4,0,0,7,0,"F",1,87500,790
1548673,4,0,0,6,1,"F",1,112500,791
1549599,4,0,0,6,0,"M",1,187500,792
1550040,4,0,0,6,1,"M",1,20000,793
1550161,4,0,0,8,0,"F",1,62500,794
1550456,4,0,0,5,1,"F",1,225000,795
1550894,4,0,0,4,0,"F",1,87500,796
1551030,4,0,0,1,1,"F",1,225000,797
1551330,4,0,0,2,0,"M",1,87500,798
1551510,4,0,0,2,2,"F",1,162500,799
1551891,4,0,0,6,2,"F",1,187500,800
1552409,4,0,0,4,0,"M",1,137500,801
1552458,4,0,0,6,0,"F",1,62500,802
1552507,4,0,0,4,2,"F",1,137500,803
1552803,4,0,0,8,0,"F",1,225000,804
1552831,4,0,0,5,0,"M",1,112500,805
1553098,4,0,0,6,2,"F",1,87500,806
1553185,4,0,0,5,0,"F",1,187500,807
1553615,4,0,0,5,0,"F",1,187500,808
1553840,4,0,0,7,3,"M",1,20000,809
1553857,4,0,0,2.21875,0,"M",1,87500,810
1553951,4,0,0,5,1,"F",1,225000,811
1554033,4,0,0,2,0,"F",1,62500,812
1554034,4,0,0,3,0,"F",1,162500,813
1554062,4,0,0,2.40000009536743,0,"F",1,87500,814
1554533,4,0,0,5,1,"F",1,62500,815
1554853,4,0,0,1,0,"M",1,42500,816
1554983,4,0,0,4,0,"M",1,87500,817
1555310,4,0,0,6,0,"F",1,187500,818
1555529,4,1,0,4,1,"M",1,225000,819
1555776,4,0,0,5,0,"F",1,20000,820
1555876,4,0,0,2,1,"F",0,112500,821
1556592,4,0,0,5,1,"F",1,62500,822
1556634,4,0,0,2,0,"M",0,87500,823
1556652,4,0,0,6,2,"F",1,42500,824
1557407,4,0,0,3.06603765487671,0,"F",1,162500,825
1557751,4,1,0,6,1,"F",1,162500,826
1558181,4,0,0,4,0,"F",0,62500,827
1558593,4,0,0,6,0,"F",1,137500,828
1559861,4,0,0,4,0,"F",0,20000,829
1560624,4,0,0,1,0,"F",1,62500,830
1561366,4,0,0,5,1,"F",1,62500,831
1561573,4,0,0,2,1,"F",1,137500,832
1563321,4,0,0,2,0,"F",1,187500,833
1563505,4,0,0,4,1,"M",0,62500,834
1563807,4,0,0,6,1,"F",0,112500,835
1564353,4,0,0,5,0,"F",1,137500,836
1564381,4,0,0,4,0,"F",1,42500,837
1564432,4,0,0,7,0,"F",1,20000,838
1564440,4,0,0,5,0,"F",1,62500,839
1564588,4,0,0,2.78723406791687,0,"F",1,162500,840
1565437,4,0,0,6,0,"F",1,87500,841
1565459,4,0,0,6,2,"F",1,162500,842
1565552,4,0,0,4,0,"F",1,187500,843
1565565,4,0,0,3,1,"M",0,112500,844
1565621,4,0,0,4,1,"F",1,42500,845
1566766,4,0,0,6,1,"F",1,62500,846
1566910,4,0,0,3.34313726425171,0,"M",0,42500,847
1567216,4,0,0,5,0,"F",1,112500,848
1567225,4,0,0,6,1,"F",1,42500,849
1567585,4,0,0,7,0,"M",0,87500,850
1568736,4,0,0,3,0,"F",1,137500,851
1569143,4,0,0,7,0,"F",1,87500,852
1569250,4,0,0,4,1,"M",0,7500,853
1570352,4,0,0,3,0,"F",1,62500,854
1570791,4,0,0,2,0,"F",1,112500,855
1571168,4,0,0,5,0,"F",1,42500,856
1571704,4,0,0,5,1,"F",1,42500,857
1572013,4,0,0,5,0,"F",1,87500,858
1572475,4,0,0,6,2,"F",1,87500,859
1572791,4,0,0,2.07865166664124,0,"F",0,137500,860
1572826,4,0,0,5,1,"F",1,87500,861
1572876,4,0,0,2.64761900901794,0,"M",0,20000,862
1573368,4,0,0,4,0,"M",0,62500,863
1573406,4,0,0,1,0,"F",1,87500,864
1573782,4,0,0,3,0,"F",1,112500,865
1573961,4,0,0,7,1,"M",1,62500,866
1574217,4,0,0,4,1,"M",1,187500,867
1574944,4,0,0,6,0,"F",1,87500,868
1575622,4,0,0,6,0,"F",1,137500,869
1575638,4,0,0,5,1,"F",1,87500,870
1575664,4,0,0,2,0,"F",0,20000,871
1576304,4,0,0,6,2,"M",1,250000,872
1576669,4,0,0,7,1,"F",1,112500,873
1576876,4,0,0,3.92452836036682,0,"F",1,137500,874
1576998,4,0,0,2,0,"F",1,250000,875
1577505,4,0,0,4,1,"M",0,20000,876
1577931,4,0,1,7,2,"F",0,112500,877
1580292,4,0,0,9,3,"F",1,250000,878
1580324,4,0,0,6,1,"M",1,87500,879
1580380,4,0,0,7,0,"F",1,187500,880
1580422,4,0,0,1,0,"M",1,225000,881
1580699,4,0,0,4,1,"M",1,30000,882
1581113,4,0,0,5,2,"F",0,112500,883
1581720,4,0,0,1,0,"F",1,250000,884
1582050,4,0,0,7,0,"F",1,137500,885
1582294,4,0,0,6,0,"F",1,250000,886
1582445,4,0,0,2,0,"F",1,137500,887
1582970,4,0,0,2,0,"F",1,187500,888
1583212,4,0,0,1,0,"F",1,250000,889
1583903,4,0,0,7,0,"F",1,250000,890
1583918,4,0,0,4,1,"F",0,162500,891
1584353,4,0,0,6,0,"F",0,87500,892
1584557,4,0,0,2,1,"F",1,62500,893
1584736,4,0,0,6,0,"F",0,87500,894
1584822,4,0,0,6,2,"F",1,62500,895
1585152,4,0,0,11,0,"F",1,30000,896
1586387,4,0,0,5,1,"F",1,187500,897
1586988,4,0,0,5,0,"F",1,87500,898
1587401,4,0,0,6,0,"F",1,87500,899
1587615,4,0,0,5,0,"F",1,30000,900
1587812,4,0,0,5,0,"F",1,225000,901
1588035,4,0,0,1,0,"F",1,112500,902
1588596,4,0,0,6,0,"M",1,137500,903
1588827,4,0,0,2.13541674613953,0,"M",1,137500,904
1588865,4,0,0,3.24271845817566,0,"M",1,112500,905
1589682,4,0,0,6,0,"F",1,250000,906
1589774,4,0,0,3,0,"M",1,62500,907
1590492,4,0,0,5,0,"M",1,250000,908
1590674,4,0,0,5,0,"F",1,20000,909
1590711,4,0,0,5,0,"F",1,187500,910
1590921,4,0,0,7,2,"F",1,250000,911
1590969,4,0,0,4,0,"F",0,42500,912
1591056,4,0,0,2.09876537322998,0,"F",1,225000,913
1591165,4,0,0,1,0,"F",1,250000,914
1591251,4,0,0,7,1,"F",0,87500,915
1591366,4,0,0,6,0,"M",1,250000,916
1591670,4,0,0,3,0,"M",1,137500,917
1591722,4,0,0,2,0,"F",0,62500,918
1591917,4,0,0,4,0,"F",1,187500,919
1591990,4,0,0,2.26373624801636,0,"M",0,42500,920
1592216,4,0,0,5,2,"F",1,62500,921
1592278,4,0,0,6,1,"F",1,187500,922
1592293,4,0,0,7,1,"F",1,112500,923
1592707,4,0,0,8,0,"F",1,250000,924
1592744,4,0,0,6,0,"F",0,112500,925
1592908,4,1,0,3,2,"F",1,87500,926
1593038,4,0,0,7,1,"F",1,112500,927
1593301,4,0,0,5,0,"M",1,62500,928
1593487,4,0,0,6,1,"M",1,87500,929
1593651,4,0,0,3,0,"F",1,42500,930
1593813,4,0,0,5,0,"F",0,20000,931
1594152,4,0,0,4,1,"F",1,87500,932
1594307,4,0,0,5,0,"F",0,87500,933
1594407,4,0,0,5,1,"F",1,187500,934
1594775,4,0,0,5,0,"F",1,42500,935
1596452,4,0,0,4,1,"F",1,112500,936
1596829,4,0,0,4,0,"M",1,112500,937
1597491,4,0,0,3,1,"F",1,42500,938
1598463,4,0,0,5,2,"F",1,62500,939
1598633,4,0,0,6,0,"F",1,112500,940
1598919,4,0,0,2.07142853736877,0,"F",0,62500,941
1599722,4,0,0,4,1,"M",1,42500,942
1599748,4,0,0,4,1,"F",0,7500,943
1601262,4,0,0,5,1,"F",1,62500,944
1601710,4,0,0,4,0,"F",1,87500,945
1601726,4,0,0,4,0,"F",1,87500,946
1602013,4,0,0,1,0,"F",0,42500,947
1602093,4,0,0,2.26732683181763,0,"M",1,42500,948
1602541,4,0,0,2,0,"M",1,112500,949
1603217,4,0,0,5,0,"F",1,62500,950
1603225,4,0,0,6,0,"F",0,225000,951
1603429,4,0,0,6,0,"F",1,62500,952
1604015,4,0,0,4,0,"F",1,62500,953
1604126,4,1,0,5,3,"F",1,112500,954
1604128,4,0,0,6,1,"F",0,187500,955
1604268,4,0,0,2.06578946113586,0,"F",1,62500,956
1604528,4,0,0,5,0,"F",1,112500,957
1605044,4,0,0,7,0,"F",1,225000,958
1605048,4,0,0,2,0,"F",1,187500,959
1605961,4,0,0,7,0,"F",0,112500,960
1608086,4,0,0,3,1,"F",0,112500,961
1608536,4,0,0,6,0,"M",1,87500,962
1608611,4,0,0,1,0,"F",1,62500,963
1608612,4,0,0,9,2,"F",0,20000,964
1608644,4,0,0,8,0,"F",0,250000,965
1609138,4,0,0,2,0,"F",1,112500,966
1609335,4,0,0,4,0,"F",1,87500,967
1609688,4,0,0,5,0,"F",0,42500,968
1609694,4,0,0,3,0,"M",1,42500,969
1609742,4,0,0,6,0,"F",1,20000,970
1610234,4,0,0,6,2,"F",1,42500,971
1610404,4,0,0,5,3,"M",0,62500,972
1611512,4,0,0,2.53921580314636,0,"F",1,30000,973
1611563,4,0,0,2,0,"F",1,250000,974
1612208,4,0,0,6,1,"M",1,187500,975
1612444,4,0,0,7,0,"F",1,250000,976
1612702,4,0,0,7,0,"F",1,137500,977
1612863,4,0,0,5,0,"F",0,42500,978
1612987,4,1,0,12,4,"F",0,187500,979
1613295,4,0,0,6,0,"F",1,7500,980
1613630,4,0,0,4,0,"F",1,137500,981
1613669,4,0,0,4.62376260757446,0,"F",1,225000,982
1613754,4,0,0,4.20952367782593,0,"F",1,250000,983
1613787,4,0,0,4,2,"M",1,187500,984
1614408,4,0,0,4,0,"F",1,225000,985
1614896,4,0,0,6,0,"F",0,112500,986
1614950,4,0,0,5,1,"F",1,62500,987
1614982,4,0,0,6,0,"M",0,62500,988
1615046,4,0,0,4,0,"F",0,42500,989
1615126,4,0,0,2.67307686805725,0,"M",1,112500,990
1616126,4,0,0,2.47368431091309,0,"F",1,112500,991
1616413,4,0,0,3.60377359390259,0,"F",1,42500,992
1617245,4,0,0,7,1,"F",0,30000,993
1617490,4,0,0,5,0,"F",1,187500,994
1617675,4,1,0,7,2,"F",0,87500,995
1617709,4,0,0,2,0,"F",1,62500,996
1618855,4,0,0,1,1,"F",0,62500,997
1619223,4,0,0,5,1,"F",1,20000,998
1620927,4,0,0,5,1,"M",0,112500,999
1620942,4,0,0,5,0,"F",1,20000,1000
117514,5,0,0,12,2,"F",0,42500,1
287398,5,0,0,1,0,"F",0,42500,2
469734,5,0,0,9,1,"F",1,250000,3
1054974,5,2,0,8,3,"F",1,137500,4
1060246,5,0,0,10,2,"F",1,62500,5
1061355,5,0,0,5,0,"F",1,87500,6
1061649,5,1,0,5,1,"M",1,225000,7
1062171,5,0,0,10,1,"F",1,250000,8
1063617,5,0,0,8,1,"F",1,250000,9
1068288,5,0,0,7,0,"F",0,30000,10
1071414,5,0,0,3,1,"F",1,62500,11
1077480,5,0,0,2,0,"F",0,62500,12
1081075,5,0,0,7,0,"F",1,250000,13
1081928,5,0,0,6,0,"F",1,62500,14
1082351,5,0,0,1,0,"F",0,30000,15
1087152,5,1,0,10,2,"F",1,187500,16
1089142,5,1,0,3,3,"F",1,87500,17
1091840,5,0,0,6,0,"F",1,30000,18
1094021,5,0,0,2.73000001907349,0,"F",1,87500,19
1094281,5,0,0,1,0,"F",1,62500,20
1100417,5,0,0,5,0,"F",1,62500,21
1100757,5,0,0,1,0,"F",0,112500,22
1102828,5,0,0,13,1,"F",0,62500,23
1103923,5,0,0,2,0,"F",1,225000,24
1107037,5,0,0,7,2,"F",1,112500,25
1108749,5,0,0,7,1,"F",0,87500,26
1108764,5,0,0,5,0,"F",0,62500,27
1111628,5,0,0,5,1,"F",1,137500,28
1111718,5,0,0,4,0,"F",1,112500,29
1114150,5,0,0,1,0,"F",0,30000,30
1117270,5,0,0,1,0,"M",1,20000,31
1120531,5,1,0,7,1,"F",1,62500,32
1122158,5,0,0,8,0,"F",0,62500,33
1128451,5,0,0,5,0,"F",1,42500,34
1136393,5,0,0,8,0,"F",0,112500,35
1136784,5,0,0,9,0,"M",0,225000,36
1139371,5,0,0,1,0,"F",0,42500,37
1139886,5,0,0,7,1,"F",1,112500,38
1144195,5,0,0,7,0,"M",1,250000,39
1144979,5,0,0,9,0,"F",1,112500,40
1145339,5,0,0,5,0,"F",1,62500,41
1145483,5,0,0,2,0,"F",0,7500,42
1146117,5,0,0,3,0,"M",0,87500,43
1147315,5,0,0,8,0,"F",1,187500,44
1148446,5,0,0,4,1,"F",0,20000,45
1149897,5,0,0,1,0,"M",0,30000,46
1149964,5,0,0,9,1,"F",1,42500,47
1150751,5,0,0,6,1,"M",0,7500,48
1150797,5,0,0,14,2,"F",1,162500,49
1151559,5,0,0,9,0,"F",1,112500,50
1151769,5,0,0,7,0,"F",0,112500,51
1152166,5,0,0,7,0,"M",1,137500,52
1152366,5,0,0,1,0,"F",1,87500,53
1153528,5,0,0,8,0,"M",1,62500,54
1153766,5,0,0,7,1,"F",1,162500,55
1155123,5,0,0,1.92708337306976,0,"F",1,112500,56
1156205,5,0,0,11,1,"F",0,112500,57
1156827,5,0,0,6,0,"F",0,7500,58
1157198,5,0,0,6,0,"F",1,20000,59
1165832,5,0,0,9,0,"F",0,62500,60
1166157,5,0,0,14,1,"F",0,137500,61
1167911,5,0,0,12,1,"F",1,87500,62
1168134,5,0,0,8,0,"F",0,162500,63
1168271,5,0,0,6,0,"F",1,112500,64
1171923,5,0,0,2,1,"F",0,62500,65
1172112,5,0,0,5,0,"F",0,20000,66
1174038,5,0,0,2,0,"M",1,112500,67
1174562,5,0,0,6,0,"F",1,62500,68
1174985,5,0,0,8,0,"F",1,62500,69
1176048,5,0,0,9,0,"F",1,62500,70
1179432,5,0,0,11,0,"F",1,87500,71
1179878,5,0,0,3,0,"M",1,62500,72
1180407,5,0,0,6,2,"F",0,62500,73
1180590,5,0,0,5,0,"F",0,112500,74
1180640,5,0,0,2,0,"F",1,62500,75
1181283,5,0,0,6,2,"F",1,62500,76
1181372,5,0,0,1.50793647766113,0,"M",1,62500,77
1181576,5,0,0,6,0,"F",1,87500,78
1182877,5,0,0,4,0,"M",1,62500,79
1184139,5,0,0,7,1,"F",1,20000,80
1184169,5,0,0,9,2,"F",1,112500,81
1184297,5,0,0,7,2,"M",1,112500,82
1184913,5,0,0,3,3,"F",1,87500,83
1185813,5,0,0,1,0,"M",1,87500,84
1185876,5,0,0,1.11764705181122,0,"F",1,137500,85
1186126,5,0,0,11,0,"F",1,62500,86
1187131,5,0,0,1.97826087474823,0,"M",0,42500,87
1187232,5,0,0,5,0,"F",0,62500,88
1187420,5,0,0,5,0,"F",1,87500,89
1187873,5,0,0,9,2,"M",1,112500,90
1187978,5,0,0,7,0,"F",1,62500,91
1188069,5,0,0,4,0,"F",1,162500,92
1188761,5,0,0,5,0,"F",1,162500,93
1188833,5,0,0,6,1,"F",1,62500,94
1189258,5,0,0,5,0,"F",1,225000,95
1189412,5,0,0,2.08641982078552,0,"F",1,20000,96
1189715,5,0,0,6,0,"M",1,162500,97
1189764,5,0,0,2.9813084602356,0,"F",1,137500,98
1190134,5,0,0,10,2,"F",0,20000,99
1190711,5,0,0,10,0,"F",1,162500,100
1191253,5,0,0,7,0,"F",0,62500,101
1191595,5,0,0,6,1,"F",1,62500,102
1191968,5,0,0,2,0,"F",1,112500,103
1192704,5,0,0,10,0,"F",1,62500,104
1192874,5,0,0,3,1,"F",1,62500,105
1193114,5,0,0,7,0,"F",1,162500,106
1193232,5,0,0,2,1,"M",1,112500,107
1193743,5,0,0,9,0,"F",1,20000,108
1193751,5,0,0,6,0,"F",0,42500,109
1193787,5,0,0,6,0,"F",1,62500,110
1194121,5,0,0,4,0,"F",0,42500,111
1194319,5,0,0,8,0,"F",0,62500,112
1194477,5,0,0,15,1,"F",1,112500,113
1195243,5,0,0,9,0,"F",1,62500,114
1195315,5,0,0,5,0,"M",1,112500,115
1195629,5,0,0,11,3,"M",1,62500,116
1196370,5,1,0,10,2,"F",0,137500,117
1196373,5,0,0,3,1,"F",1,87500,118
1196532,5,0,0,7,1,"F",1,112500,119
1196672,5,1,0,9,1,"F",0,62500,120
1196715,5,0,0,11,0,"F",1,62500,121
1196867,5,0,0,5,0,"F",1,62500,122
1197628,5,0,0,5,0,"M",0,137500,123
1198131,5,0,0,3,0,"F",0,42500,124
1198229,5,0,0,6,4,"F",1,62500,125
1198340,5,0,0,2.20731711387634,0,"F",1,112500,126
1198656,5,0,0,2,0,"F",0,42500,127
1198936,5,1,0,12,1,"M",0,162500,128
1199872,5,0,0,8,1,"F",0,87500,129
1202556,5,0,0,10,1,"F",1,62500,130
1204291,5,0,0,2.2826087474823,0,"F",0,20000,131
1204517,5,0,0,14,0,"F",1,62500,132
1204703,5,0,0,4,0,"F",0,87500,133
1205899,5,0,0,2,0,"F",1,162500,134
1207119,5,0,0,2,0,"F",1,62500,135
1208107,5,0,0,3,0,"F",1,112500,136
1208888,5,0,0,1.53030300140381,0,"F",0,20000,137
1209486,5,0,0,10,0,"F",1,62500,138
1209955,5,0,0,1,0,"M",1,225000,139
1210800,5,0,0,10,0,"F",1,250000,140
1211027,5,0,0,6,0,"F",1,112500,141
1211068,5,0,0,4,0,"F",0,250000,142
1211288,5,0,0,6,0,"F",0,7500,143
1211807,5,0,0,3,0,"F",1,42500,144
1212464,5,1,0,7,3,"F",0,42500,145
1213078,5,0,0,9,0,"F",1,250000,146
1213693,5,0,0,8,0,"F",1,162500,147
1216811,5,0,0,9,0,"F",1,162500,148
1217376,5,1,0,13,1,"F",1,137500,149
1217401,5,0,0,9,0,"F",0,62500,150
1221162,5,0,0,2,0,"F",1,62500,151
1222034,5,0,0,6,0,"M",1,87500,152
1222561,5,0,0,5,0,"F",1,62500,153
1224353,5,1,0,9,1,"F",1,87500,154
1224379,5,0,0,3,1,"F",1,162500,155
1225029,5,0,0,1,1,"F",1,62500,156
1225288,5,1,0,5,1,"F",1,112500,157
1225581,5,0,0,6,2,"F",1,30000,158
1226932,5,0,0,9,1,"F",1,87500,159
1226943,5,0,0,10,0,"F",1,162500,160
1227191,5,1,0,6,5,"F",1,112500,161
1227743,5,0,0,10,0,"F",0,62500,162
1228628,5,0,0,2,0,"F",1,62500,163
1228793,5,1,0,11,5,"F",0,87500,164
1229147,5,0,0,7,0,"F",1,87500,165
1229564,5,0,0,9,1,"F",1,62500,166
1229612,5,0,0,6,0,"M",1,187500,167
1229771,5,0,0,10,0,"F",1,87500,168
1229884,5,0,0,3,1,"F",1,112500,169
1230105,5,0,0,9,1,"F",1,137500,170
1230445,5,0,0,7,0,"F",1,62500,171
1230648,5,0,0,5,0,"F",1,87500,172
1230860,5,0,0,2,0,"F",1,62500,173
1231637,5,0,0,2,0,"F",1,112500,174
1233436,5,0,0,9,0,"F",0,162500,175
1233553,5,0,0,11,0,"F",1,112500,176
1234916,5,0,0,15,0,"M",1,62500,177
1237257,5,0,0,5,0,"F",1,62500,178
1237667,5,0,0,7,0,"F",1,87500,179
1238108,5,0,0,7,0,"F",1,42500,180
1238707,5,0,0,4,0,"F",1,62500,181
1238904,5,0,0,5,0,"M",1,87500,182
1239286,5,0,0,3.41747570037842,0,"F",1,250000,183
1239623,5,0,0,7,0,"F",0,42500,184
1239849,5,0,0,1,0,"F",1,112500,185
1239936,5,0,0,1,0,"F",0,7500,186
1240102,5,0,0,2,2,"F",0,62500,187
1241439,5,0,0,3,0,"F",1,112500,188
1241595,5,0,0,5,0,"F",1,62500,189
1241711,5,0,0,7,0,"F",1,87500,190
1242022,5,0,0,3,1,"F",1,62500,191
1242223,5,0,0,5,1,"M",1,137500,192
1242542,5,0,0,3,0,"M",1,137500,193
1243937,5,0,0,10,1,"F",1,87500,194
1244277,5,0,0,2,0,"F",0,112500,195
1245286,5,0,0,3,0,"F",1,62500,196
1246704,5,0,0,10,0,"F",1,87500,197
1247392,5,0,0,3,0,"F",1,87500,198
1248826,5,0,0,11,1,"F",1,87500,199
1249794,5,0,0,11,0,"F",0,137500,200
1250074,5,0,0,8,1,"F",0,87500,201
1250242,5,0,0,2,0,"F",0,250000,202
1250577,5,0,0,12,1,"F",1,62500,203
1250585,5,2,0,9,2,"F",1,187500,204
1250879,5,0,0,7,0,"F",1,137500,205
1250899,5,0,0,5,1,"M",1,112500,206
1251138,5,0,0,6,1,"M",1,137500,207
1251550,5,0,0,7,0,"F",1,62500,208
1251623,5,0,0,4,0,"F",1,7500,209
1251804,5,0,0,2,1,"F",0,137500,210
1251816,5,0,0,6,0,"F",1,137500,211
1252257,5,0,0,7,1,"F",0,87500,212
1252297,5,0,0,5,0,"M",1,62500,213
1252403,5,2,0,11,4,"M",1,62500,214
1252534,5,0,0,7,0,"F",1,187500,215
1252759,5,0,0,12,1,"F",1,137500,216
1252878,5,0,0,8,1,"F",1,137500,217
1254168,5,2,0,11,2,"F",1,62500,218
1254684,5,0,0,9,1,"M",1,112500,219
1258925,5,0,0,3,0,"F",1,42500,220
1259640,5,0,0,8,0,"M",1,87500,221
1259672,5,0,0,7,1,"F",1,62500,222
1259740,5,0,0,7,1,"F",1,30000,223
1262332,5,0,0,8,0,"F",1,87500,224
1262373,5,0,0,11,1,"F",1,250000,225
1262926,5,0,0,2,0,"F",1,62500,226
1263058,5,0,0,7,0,"F",0,137500,227
1263919,5,0,0,3,0,"M",0,30000,228
1264065,5,0,0,6,0,"F",1,187500,229
1264317,5,0,0,10,0,"F",1,187500,230
1264505,5,0,0,5,0,"F",1,87500,231
1264703,5,0,0,5,0,"F",0,30000,232
1265443,5,0,0,9,2,"F",0,20000,233
1265755,5,0,0,9,0,"F",1,112500,234
1265835,5,0,0,5,0,"F",1,112500,235
1265892,5,0,0,4,0,"F",0,187500,236
1266201,5,0,0,2.40229892730713,0,"F",1,187500,237
1268413,5,0,0,4,0,"F",1,62500,238
1269756,5,0,0,8,0,"F",1,62500,239
1269824,5,0,0,3,2,"M",0,30000,240
1273931,5,0,0,8,1,"F",1,20000,241
1275308,5,0,0,13,1,"M",1,87500,242
1275698,5,1,0,2,1,"F",1,87500,243
1275888,5,0,0,3,0,"F",1,137500,244
1276784,5,0,0,1,0,"F",0,20000,245
1277335,5,1,0,5,1,"F",1,42500,246
1279299,5,1,0,4,1,"M",1,87500,247
1279847,5,0,0,7,0,"F",1,42500,248
1280469,5,0,0,10,1,"F",0,7500,249
1281674,5,0,0,6,0,"F",0,137500,250
1285561,5,0,0,10,0,"F",1,250000,251
1286058,5,0,0,5,0,"F",1,250000,252
1286676,5,0,0,7,0,"M",1,225000,253
1287337,5,0,0,6,0,"F",0,62500,254
1288054,5,1,0,7,1,"F",1,42500,255
1288246,5,0,0,2,1,"F",0,62500,256
1288502,5,0,0,10,1,"M",0,137500,257
1288666,5,0,0,2,2,"F",1,62500,258
1288675,5,0,0,6,0,"F",1,20000,259
1288774,5,2,0,8,3,"F",1,187500,260
1288902,5,0,0,10,2,"F",1,87500,261
1289229,5,0,0,1,0,"F",0,112500,262
1290077,5,0,0,5,1,"F",1,87500,263
1290515,5,0,0,5,0,"F",0,87500,264
1290723,5,0,0,4,0,"F",0,30000,265
1291318,5,0,0,1,0,"F",1,42500,266
1291608,5,0,0,6,0,"F",0,30000,267
1292847,5,0,0,15,1,"F",1,42500,268
1293296,5,0,0,7,0,"F",1,30000,269
1293595,5,0,0,5,1,"F",1,62500,270
1293939,5,0,0,8,1,"F",1,250000,271
1294157,5,0,0,12,2,"F",1,62500,272
1294200,5,0,0,6,0,"F",1,62500,273
1294399,5,0,0,9,1,"F",0,30000,274
1294837,5,0,0,10,0,"F",0,62500,275
1297008,5,0,0,2,0,"F",0,7500,276
1297323,5,0,0,2,0,"F",0,7500,277
1297452,5,0,0,6,1,"M",1,87500,278
1297615,5,0,0,1,0,"F",0,20000,279
1297678,5,0,0,1,0,"M",1,62500,280
1298036,5,0,0,4,0,"F",0,7500,281
1298136,5,0,0,11,0,"M",0,30000,282
1298614,5,0,0,7,2,"F",1,62500,283
1300363,5,0,0,6,0,"M",1,42500,284
1300457,5,0,0,3,0,"M",1,42500,285
1301237,5,0,0,1,0,"F",1,20000,286
1301332,5,0,0,12,0,"M",1,42500,287
1301620,5,0,0,7,0,"F",1,87500,288
1302173,5,0,0,5,1,"F",1,225000,289
1302216,5,0,0,5,0,"F",1,62500,290
1302375,5,0,0,6,0,"F",1,87500,291
1303092,5,0,0,5,1,"F",1,62500,292
1303908,5,0,0,2,1,"M",1,87500,293
1304518,5,0,0,9,3,"F",1,87500,294
1304751,5,0,0,4,0,"F",0,30000,295
1306505,5,0,0,8,0,"F",0,62500,296
1307675,5,2,0,6,5,"F",1,62500,297
1307821,5,1,0,9,2,"M",1,42500,298
1310138,5,0,0,7,0,"F",1,62500,299
1310269,5,0,0,7,1,"F",0,112500,300
1311143,5,0,0,4,1,"M",0,62500,301
1311172,5,0,0,2,0,"M",1,137500,302
1311388,5,0,0,9,0,"M",0,20000,303
1312227,5,0,0,8,0,"F",0,62500,304
1313291,5,0,0,5,1,"F",1,162500,305
1313396,5,0,0,8,0,"F",0,30000,306
1313735,5,0,0,7,0,"F",1,20000,307
1313856,5,1,0,8,1,"F",0,20000,308
1314520,5,0,0,7,0,"F",1,62500,309
1314682,5,0,0,3,0,"F",0,20000,310
1314969,5,0,0,4,0,"F",0,87500,311
1315946,5,0,0,5,2,"F",0,62500,312
1317054,5,0,0,4,0,"F",0,7500,313
1317356,5,0,0,7,0,"F",1,62500,314
1318696,5,0,0,11,0,"F",0,62500,315
1318996,5,0,0,5,0,"F",1,62500,316
1319548,5,0,0,4,0,"F",0,20000,317
1319613,5,0,0,6,0,"F",0,137500,318
1319738,5,0,0,2,0,"F",1,137500,319
1320734,5,0,0,6,0,"F",1,20000,320
1320750,5,0,0,6,1,"F",0,7500,321
1322205,5,0,0,9,1,"F",1,62500,322
1322235,5,0,0,7,1,"F",0,62500,323
1322521,5,0,0,10,0,"M",1,42500,324
1322942,5,0,0,7,1,"F",1,87500,325
1323304,5,0,0,10,3,"F",1,162500,326
1323359,5,0,0,12,0,"M",0,187500,327
1323491,5,0,0,4,1,"F",1,250000,328
1323698,5,0,0,7,0,"M",0,250000,329
1323962,5,0,0,9,1,"M",1,62500,330
1324251,5,0,0,4,0,"F",0,20000,331
1324843,5,0,0,4,1,"F",1,87500,332
1325556,5,0,0,1,0,"F",0,20000,333
1327146,5,0,0,8,3,"F",1,162500,334
1328158,5,0,0,6,0,"F",1,62500,335
1328623,5,0,0,7,0,"M",1,30000,336
1328832,5,0,0,3,1,"F",1,187500,337
1329574,5,0,0,11,0,"F",0,42500,338
1330046,5,0,0,1,2,"F",1,112500,339
1330272,5,0,0,7,0,"F",1,137500,340
1330497,5,0,0,7,1,"F",1,162500,341
1331244,5,0,0,10,0,"F",0,30000,342
1331261,5,0,0,3,1,"F",0,7500,343
1331950,5,0,0,7,0,"F",1,62500,344
1333858,5,0,0,5,1,"F",1,112500,345
1335680,5,0,0,2.70103096961975,0,"F",1,62500,346
1335920,5,0,0,12,1,"F",1,42500,347
1335980,5,0,0,7,0,"F",0,20000,348
1336426,5,0,0,4,0,"F",0,20000,349
1336946,5,0,0,5,0,"M",1,20000,350
1338200,5,0,0,7,0,"F",1,162500,351
1338378,5,0,0,7,2,"F",1,225000,352
1339574,5,0,0,8,0,"F",1,42500,353
1339822,5,0,0,6,0,"F",1,112500,354
1340176,5,0,0,5,0,"M",1,42500,355
1340267,5,0,0,6,0,"F",0,42500,356
1341891,5,0,0,7,0,"F",0,62500,357
1342799,5,0,0,2,0,"F",0,62500,358
1343216,5,0,0,4,0,"F",0,187500,359
1344265,5,0,0,1,0,"F",0,87500,360
1344499,5,0,0,10,1,"F",1,87500,361
1344614,5,0,0,11,1,"M",1,225000,362
1345984,5,1,0,11,1,"F",1,112500,363
1346234,5,0,0,2.70476198196411,0,"F",0,162500,364
1347945,5,0,0,9,1,"F",0,112500,365
1348467,5,0,0,4,2,"F",0,87500,366
1348663,5,0,0,9,0,"F",1,62500,367
1348726,5,0,0,7,0,"F",1,62500,368
1349285,5,2,0,10,6,"F",0,42500,369
1349428,5,0,0,7,1,"F",1,87500,370
1349951,5,0,0,4,0,"F",1,20000,371
1350291,5,0,0,7,1,"M",1,87500,372
1350434,5,0,0,7,0,"F",1,162500,373
1351173,5,0,0,2,0,"F",0,87500,374
1351468,5,0,0,6,0,"F",1,7500,375
1351509,5,0,0,1,0,"F",1,62500,376
1351586,5,0,0,10,0,"F",1,162500,377
1351796,5,0,0,9,2,"F",1,7500,378
1352046,5,0,0,5,0,"F",1,87500,379
1352301,5,0,0,4,0,"F",1,42500,380
1352756,5,0,0,8,2,"F",1,62500,381
1352986,5,0,0,7,3,"F",1,42500,382
1353809,5,0,0,10,1,"F",1,112500,383
1353961,5,0,0,8,0,"F",0,20000,384
1354452,5,0,0,5,0,"F",1,62500,385
1354598,5,0,0,4,0,"F",0,42500,386
1354602,5,1,0,7,2,"M",1,62500,387
1354673,5,0,0,10,0,"F",0,7500,388
1355604,5,0,0,1,0,"M",1,7500,389
1356206,5,0,0,8,0,"F",1,62500,390
1358021,5,0,0,9,1,"F",1,112500,391
1358933,5,2,0,14,3,"F",0,112500,392
1361465,5,0,0,6,0,"F",0,137500,393
1362107,5,0,0,1,0,"M",1,162500,394
1363023,5,0,0,6,0,"F",1,30000,395
1363370,5,0,0,8,0,"M",1,62500,396
1364059,5,0,0,7,0,"M",1,112500,397
1366217,5,0,0,4,0,"M",0,112500,398
1366244,5,0,0,4,0,"F",0,112500,399
1367411,5,0,0,10,0,"F",1,20000,400
1367420,5,1,0,17,2,"F",1,162500,401
1368140,5,0,0,9,0,"F",1,62500,402
1368385,5,0,0,3,0,"M",1,162500,403
1369918,5,0,0,8,0,"F",1,87500,404
1372221,5,0,0,3,0,"F",1,7500,405
1372333,5,0,0,5,0,"F",1,62500,406
1374105,5,0,0,4,0,"F",0,7500,407
1374132,5,0,0,5,0,"M",1,62500,408
1374680,5,0,0,3,1,"F",1,62500,409
1375113,5,0,0,6,1,"F",1,87500,410
1376245,5,0,0,1,2,"F",0,62500,411
1377492,5,1,0,9,2,"F",1,137500,412
1377719,5,0,0,2,0,"F",1,137500,413
1378071,5,0,0,9,1,"F",0,62500,414
1378409,5,0,0,9,1,"F",1,62500,415
1380721,5,0,0,2,0,"F",1,42500,416
1381136,5,0,0,4,1,"F",1,62500,417
1381384,5,0,0,11,2,"F",1,162500,418
1381552,5,1,0,8,2,"M",1,87500,419
1381639,5,0,0,6,2,"F",1,225000,420
1381711,5,0,0,5,0,"F",1,87500,421
1382137,5,0,0,3,1,"F",1,112500,422
1382624,5,0,0,11,0,"F",1,62500,423
1382975,5,0,0,10,1,"F",1,112500,424
1384230,5,0,0,8,0,"F",1,137500,425
1384341,5,0,0,6,1,"F",0,137500,426
1385468,5,0,0,3,0,"F",1,250000,427
1385831,5,0,0,5,1,"F",1,42500,428
1386066,5,0,0,1.95789468288422,0,"F",1,112500,429
1386120,5,0,0,7,0,"F",1,42500,430
1387428,5,0,0,6,0,"F",0,62500,431
1387588,5,0,0,5,0,"F",1,42500,432
1388210,5,0,0,9,1,"M",1,62500,433
1388355,5,0,0,2,0,"F",1,62500,434
1388513,5,0,0,6,1,"F",1,162500,435
1388833,5,0,0,9,0,"F",0,42500,436
1389030,5,0,0,7,1,"F",1,62500,437
1389384,5,0,0,6,1,"F",0,42500,438
1389406,5,1,0,9,3,"F",1,87500,439
1389477,5,0,0,7,2,"F",1,62500,440
1390351,5,0,0,9,0,"M",1,162500,441
1392387,5,0,0,6,0,"F",0,87500,442
1393255,5,0,0,8,1,"F",1,87500,443
1393466,5,0,0,3,0,"M",1,87500,444
1393929,5,0,0,3,0,"F",1,225000,445
1394027,5,0,0,2,0,"F",1,162500,446
1395064,5,4,0,14,8,"F",1,162500,447
1395309,5,0,0,1,0,"F",0,42500,448
1395394,5,0,0,10,1,"F",0,7500,449
1396474,5,0,0,1,0,"F",1,62500,450
1396597,5,0,0,4,0,"F",1,87500,451
1396618,5,1,0,4,3,"F",1,87500,452
1396830,5,0,0,7,0,"F",1,87500,453
1397814,5,0,0,5,0,"M",1,137500,454
1398493,5,0,0,2,0,"F",1,87500,455
1398606,5,0,0,4,1,"M",1,20000,456
1399233,5,0,0,4,1,"F",0,42500,457
1399269,5,0,0,9,0,"F",1,62500,458
1399329,5,0,0,13,4,"F",1,112500,459
1401246,5,0,0,2.61764717102051,0,"F",1,42500,460
1401458,5,0,0,3,1,"F",1,62500,461
1403021,5,0,0,4,0,"F",1,112500,462
1403631,5,0,0,9,0,"F",1,62500,463
1403972,5,0,0,13,4,"F",1,162500,464
1404355,5,0,0,10,0,"F",1,87500,465
1404418,5,0,0,5,1,"F",1,42500,466
1404842,5,0,0,2,0,"M",1,112500,467
1405544,5,0,0,9,0,"F",0,20000,468
1406907,5,0,0,8,0,"F",1,87500,469
1408575,5,0,0,6,0,"M",0,30000,470
1410385,5,1,0,12,1,"F",1,162500,471
1411418,5,0,0,4,0,"M",1,87500,472
1412397,5,0,0,7,0,"M",1,42500,473
1412511,5,0,0,2.29411768913269,0,"F",1,42500,474
1412646,5,0,0,17,0,"F",1,162500,475
1413182,5,1,0,9,1,"F",1,112500,476
1413837,5,0,0,5,0,"F",1,225000,477
1413925,5,0,0,7,0,"F",0,62500,478
1414361,5,0,0,1,0,"F",1,112500,479
1414857,5,0,0,9,0,"M",1,162500,480
1414873,5,0,0,3,1,"F",1,112500,481
1415098,5,0,0,11,1,"F",0,87500,482
1415320,5,0,0,12,0,"F",1,162500,483
1416429,5,2,0,11,6,"F",1,87500,484
1416731,5,0,0,2,0,"F",1,162500,485
1416940,5,0,0,9,1,"F",0,137500,486
1417159,5,0,0,3,0,"M",0,20000,487
1417523,5,0,0,1,0,"F",1,187500,488
1418358,5,0,0,10,0,"F",0,112500,489
1418818,5,1,0,7,2,"F",1,87500,490
1419071,5,0,0,7,0,"M",1,87500,491
1419406,5,0,0,10,1,"F",1,62500,492
1419467,5,0,0,3,0,"F",1,162500,493
1419627,5,0,0,10,1,"M",1,87500,494
1419833,5,0,0,7,0,"F",1,225000,495
1420095,5,0,0,3,0,"M",1,187500,496
1420139,5,0,0,10,1,"F",1,112500,497
1420150,5,0,0,8,2,"F",0,7500,498
1420458,5,0,0,8,1,"M",1,20000,499
1420461,5,0,0,7,0,"F",1,62500,500
1420462,5,0,0,11,6,"F",1,162500,501
1420478,5,0,0,5,0,"F",1,42500,502
1420505,5,0,0,1,0,"F",0,7500,503
1420957,5,0,0,1,0,"F",1,225000,504
1420990,5,0,0,7,0,"F",0,87500,505
1421112,5,0,0,3,0,"F",0,87500,506
1421265,5,0,0,10,0,"F",0,137500,507
1421359,5,0,0,1,0,"F",0,7500,508
1422155,5,0,0,8,0,"F",1,187500,509
1422249,5,0,0,1,0,"M",0,62500,510
1424297,5,0,0,1,0,"M",1,20000,511
1424626,5,0,0,13,2,"F",0,112500,512
1425960,5,0,0,4,1,"F",0,20000,513
1426165,5,0,0,9,0,"F",0,112500,514
1426230,5,0,0,7,0,"F",0,7500,515
1426266,5,0,0,7,0,"F",1,112500,516
1426799,5,0,0,6,0,"F",1,87500,517
1427258,5,0,0,6,0,"F",0,62500,518
1427579,5,0,0,6,0,"F",1,87500,519
1427915,5,0,0,5,0,"F",0,62500,520
1428277,5,0,0,6,0,"M",1,112500,521
1429936,5,1,0,13,5,"F",1,187500,522
1430214,5,0,0,8,0,"M",0,112500,523
1430754,5,0,0,4,0,"M",1,187500,524
1431104,5,0,0,4,0,"F",0,250000,525
1431118,5,0,0,2,0,"F",1,62500,526
1431340,5,0,0,10,0,"F",0,87500,527
1431513,5,0,0,6,1,"F",1,62500,528
1431697,5,0,0,2,2,"F",1,87500,529
1431949,5,0,0,8,0,"F",1,42500,530
1432387,5,0,0,6,0,"F",0,162500,531
1432724,5,0,0,9,0,"F",1,20000,532
1432840,5,0,0,5,1,"F",1,20000,533
1432998,5,0,0,2,0,"F",1,62500,534
1433194,5,0,0,7,0,"F",1,42500,535
1433587,5,0,0,7,1,"M",1,87500,536
1434275,5,0,0,10,0,"F",1,20000,537
1434712,5,0,0,1.83333337306976,0,"F",1,42500,538
1435022,5,0,0,2.89423084259033,0,"F",1,187500,539
1435557,5,0,0,1,0,"M",1,62500,540
1435794,5,0,0,7,0,"F",0,87500,541
1435996,5,0,0,5,0,"F",1,112500,542
1436928,5,0,0,5,0,"F",1,112500,543
1437747,5,0,0,3,0,"F",1,137500,544
1437857,5,1,0,12,7,"M",1,62500,545
1437869,5,0,0,12,1,"F",1,187500,546
1437899,5,0,0,8,0,"F",1,137500,547
1438760,5,1,0,12,1,"F",1,137500,548
1438884,5,0,0,14,1,"M",1,87500,549
1439629,5,0,0,9,0,"F",1,7500,550
1439689,5,0,0,5,0,"F",1,112500,551
1439713,5,2,0,5,2,"F",1,62500,552
1440356,5,0,0,1,0,"M",1,250000,553
1441053,5,0,0,7,0,"M",1,30000,554
1441466,5,0,0,9,0,"F",1,250000,555
1442287,5,0,0,7,0,"F",0,187500,556
1442704,5,0,0,9,0,"F",1,87500,557
1443687,5,0,0,4,0,"F",0,87500,558
1443964,5,0,0,6,0,"F",1,250000,559
1444485,5,0,0,12,0,"F",1,112500,560
1445100,5,0,0,9,0,"F",1,87500,561
1446288,5,0,0,11,1,"F",0,62500,562
1447092,5,0,0,1,0,"M",1,42500,563
1447298,5,0,0,9,1,"F",1,62500,564
1448763,5,0,0,5,0,"F",0,62500,565
1448901,5,0,0,1,0,"F",0,62500,566
1449431,5,0,0,5,0,"F",1,137500,567
1450170,5,1,0,8,1,"F",0,62500,568
1450180,5,0,0,2,0,"M",1,62500,569
1450746,5,0,0,9,1,"F",1,7500,570
1450805,5,0,0,3,0,"M",1,225000,571
1450890,5,0,0,9,1,"F",1,225000,572
1451275,5,0,0,5,0,"M",1,62500,573
1451865,5,0,0,4,1,"F",1,225000,574
1452879,5,2,0,7,4,"F",1,137500,575
1454110,5,0,0,1,1,"F",1,62500,576
1454343,5,0,0,12,1,"M",0,30000,577
1454425,5,0,0,3,0,"F",1,112500,578
1454661,5,0,0,11,1,"F",1,87500,579
1455466,5,0,0,6,1,"F",1,87500,580
1455615,5,0,0,2,0,"F",1,7500,581
1455721,5,0,0,3,2,"M",1,87500,582
1455906,5,0,0,9,0,"F",1,250000,583
1456029,5,0,0,6,0,"F",1,42500,584
1456155,5,0,0,8,0,"F",1,250000,585
1456186,5,0,0,3,0,"F",1,20000,586
1456531,5,0,0,8,3,"F",1,187500,587
1456609,5,0,0,1,0,"F",1,62500,588
1456628,5,0,0,5,0,"F",1,250000,589
1456919,5,0,0,2,0,"F",1,30000,590
1457625,5,0,0,4,2,"F",1,112500,591
1457777,5,0,0,7,1,"F",1,62500,592
1457830,5,0,0,3,0,"F",1,112500,593
1457984,5,0,0,9,1,"F",1,112500,594
1458214,5,0,0,3,0,"F",1,225000,595
1460277,5,0,0,2,1,"F",1,62500,596
1460380,5,0,0,8,0,"F",0,42500,597
1460953,5,0,0,9,0,"F",0,250000,598
1461151,5,0,0,2.64948463439941,1,"F",1,87500,599
1461397,5,0,0,6,0,"F",1,137500,600
1462847,5,4,0,9,5,"F",1,162500,601
1462878,5,0,0,11,1,"F",1,7500,602
1463072,5,0,0,7,0,"F",1,87500,603
1464188,5,0,0,1.54166662693024,1,"F",1,137500,604
1464264,5,0,0,8,0,"M",1,112500,605
1464335,5,0,0,11,1,"F",1,187500,606
1464618,5,0,0,6,0,"F",1,112500,607
1465220,5,0,0,12,0,"F",1,137500,608
1466204,5,0,0,9,1,"F",1,87500,609
1466494,5,0,0,2,1,"M",1,20000,610
1466816,5,0,0,12,1,"F",1,137500,611
1466833,5,0,0,8,1,"F",1,87500,612
1466886,5,0,0,10,0,"F",1,137500,613
1466955,5,0,0,7,0,"F",1,250000,614
1467019,5,0,0,5,0,"F",0,137500,615
1467058,5,0,0,9,1,"F",0,20000,616
1467155,5,0,0,6,1,"M",0,62500,617
1467520,5,0,0,3,0,"F",1,250000,618
1467621,5,1,0,5,3,"F",1,62500,619
1468654,5,0,0,3,0,"F",1,87500,620
1468709,5,0,0,4,0,"F",1,30000,621
1468714,5,0,0,12,0,"F",0,112500,622
1468733,5,0,0,7,0,"F",1,62500,623
1468745,5,0,0,6,1,"M",1,62500,624
1469175,5,0,0,9,1,"F",0,87500,625
1469204,5,0,0,6,0,"F",1,112500,626
1469239,5,0,0,12,1,"F",1,112500,627
1469248,5,0,0,3,0,"F",1,112500,628
1469990,5,0,0,10,0,"M",1,187500,629
1470110,5,0,0,9,0,"F",0,62500,630
1470965,5,0,0,11,0,"F",0,62500,631
1471445,5,0,0,4,0,"F",1,162500,632
1471473,5,0,0,5,0,"M",1,62500,633
1471528,5,0,0,11,2,"F",1,112500,634
1471566,5,0,0,2,0,"F",1,30000,635
1471723,5,0,0,12,1,"F",1,187500,636
1471767,5,0,0,5,0,"M",1,87500,637
1471934,5,0,0,4,0,"F",0,112500,638
1472977,5,0,0,10,0,"F",1,87500,639
1474598,5,0,0,8,0,"M",1,87500,640
1475170,5,0,0,7,1,"M",0,87500,641
1477477,5,0,0,1.65277779102325,0,"M",0,112500,642
1478058,5,0,0,5,0,"F",1,87500,643
1478617,5,0,0,6,0,"F",1,225000,644
1479489,5,0,0,8,1,"F",1,62500,645
1480578,5,0,0,3,0,"F",0,62500,646
1481279,5,0,0,6,0,"F",0,162500,647
1481476,5,2,0,9,3,"F",1,7500,648
1482005,5,0,0,1,0,"M",1,62500,649
1482267,5,0,0,1,0,"F",1,225000,650
1482614,5,0,0,7,0,"F",0,87500,651
1482816,5,0,0,5,0,"F",1,62500,652
1483049,5,0,0,9,0,"F",0,20000,653
1484259,5,0,0,6,0,"F",0,7500,654
1484519,5,0,0,10,1,"F",1,42500,655
1484930,5,0,0,3,0,"F",1,162500,656
1486404,5,0,0,4,1,"F",0,42500,657
1487790,5,0,0,10,2,"M",1,187500,658
1488086,5,0,0,4,1,"F",1,112500,659
1489319,5,0,0,2,1,"F",0,42500,660
1490014,5,0,0,3,0,"M",1,62500,661
1491416,5,0,0,11,1,"F",0,112500,662
1491563,5,0,0,3,0,"M",1,162500,663
1492025,5,0,0,6,0,"F",1,62500,664
1492036,5,0,0,2,1,"F",1,87500,665
1493569,5,0,0,3,0,"F",1,112500,666
1498287,5,0,0,9,0,"F",1,162500,667
1498483,5,0,0,4.28846168518066,0,"F",1,62500,668
1498656,5,0,0,5,0,"M",1,137500,669
1501397,5,0,0,8,0,"M",1,112500,670
1501443,5,0,0,6,0,"F",0,7500,671
1501825,5,0,0,11,2,"F",1,225000,672
1501848,5,0,0,2,0,"F",1,112500,673
1501917,5,0,0,7,1,"F",1,137500,674
1502135,5,0,0,1,0,"F",1,87500,675
1502146,5,0,0,7,1,"F",1,62500,676
1502599,5,0,0,9,2,"F",1,187500,677
1504289,5,0,0,7,0,"F",1,137500,678
1507421,5,0,0,1.86138617992401,0,"F",0,20000,679
1509331,5,0,0,10,1,"M",1,62500,680
1509782,5,0,0,2,0,"F",1,62500,681
1509874,5,0,0,1,0,"F",1,42500,682
1511973,5,0,0,7,1,"M",0,7500,683
1512249,5,0,0,6,0,"F",1,187500,684
1512656,5,0,0,11,1,"F",1,187500,685
1513530,5,0,0,10,0,"F",1,62500,686
1513806,5,0,0,2,0,"F",1,62500,687
1514087,5,0,0,2,0,"F",0,112500,688
1514098,5,0,0,5,0,"F",1,187500,689
1514327,5,1,0,3,1,"F",0,87500,690
1514351,5,0,0,3,0,"M",1,187500,691
1514819,5,0,0,1,0,"F",1,30000,692
1516894,5,0,0,5,1,"M",1,250000,693
1518132,5,0,0,7,0,"F",0,62500,694
1518564,5,0,0,5,0,"F",1,112500,695
1519598,5,1,0,10,2,"F",1,187500,696
1520012,5,0,0,1,0,"F",1,187500,697
1520720,5,0,0,11,1,"F",1,62500,698
1522154,5,0,0,7,0,"F",1,137500,699
1522471,5,0,0,1,0,"M",1,162500,700
1523997,5,0,0,7,0,"F",1,225000,701
1524038,5,0,0,8,0,"F",1,250000,702
1524967,5,0,0,2,0,"F",1,250000,703
1525049,5,0,0,8,1,"F",1,187500,704
1525556,5,0,0,7,0,"M",1,162500,705
1526044,5,0,0,5,0,"M",1,87500,706
1526280,5,0,0,3,3,"M",1,20000,707
1526638,5,0,0,1,0,"F",1,225000,708
1527800,5,0,0,1,0,"F",1,137500,709
1527932,5,0,0,7,0,"F",1,187500,710
1527966,5,0,0,3,0,"F",1,250000,711
1528038,5,1,0,5,1,"M",1,225000,712
1528103,5,0,0,8,1,"F",1,225000,713
1528515,5,1,0,3,1,"F",0,225000,714
1529646,5,0,0,9,3,"F",1,225000,715
1530199,5,0,0,2,0,"M",1,62500,716
1530200,5,0,0,7,1,"F",1,137500,717
1530561,5,0,0,3,2,"F",1,42500,718
1530887,5,0,0,7,0,"F",1,87500,719
1531800,5,0,0,8,0,"F",0,62500,720
1531915,5,0,0,1,0,"F",1,250000,721
1531924,5,1,0,10,3,"F",0,225000,722
1531984,5,0,0,9,1,"F",0,42500,723
1532052,5,0,0,3,2,"M",1,87500,724
1532113,5,0,0,11,1,"F",1,87500,725
1532334,5,0,0,8,0,"F",1,225000,726
1532420,5,0,0,2,0,"F",1,30000,727
1532431,5,1,0,11,5,"F",0,20000,728
1532738,5,0,0,8,0,"F",1,225000,729
1532841,5,0,0,8,1,"F",1,42500,730
1533843,5,0,0,5,0,"F",1,42500,731
1533874,5,0,0,6,0,"F",1,137500,732
1533971,5,0,0,8,0,"F",1,137500,733
1534792,5,2,0,7,5,"F",1,187500,734
1535057,5,0,0,5,0,"F",1,137500,735
1535333,5,0,0,9,2,"M",1,87500,736
1535547,5,0,0,8,2,"F",1,187500,737
1535701,5,0,0,11,2,"M",1,62500,738
1535732,5,1,0,8,1,"F",1,187500,739
1535755,5,0,0,7,0,"F",1,112500,740
1536000,5,0,0,3,0,"F",1,187500,741
1536405,5,0,0,8,1,"F",1,62500,742
1536527,5,0,0,2,0,"F",1,225000,743
1536579,5,0,0,3,0,"F",1,187500,744
1537347,5,0,0,8,0,"F",1,225000,745
1537995,5,0,0,4,0,"F",0,62500,746
1538175,5,0,0,12,1,"F",1,250000,747
1538662,5,0,0,9,2,"F",1,112500,748
1538919,5,0,0,3,0,"F",1,250000,749
1539494,5,0,0,10,1,"F",1,250000,750
1539570,5,0,0,4,0,"F",1,87500,751
1540059,5,0,0,9,0,"M",1,87500,752
1540194,5,0,0,3,0,"F",1,187500,753
1540364,5,0,0,9,0,"F",1,7500,754
1540829,5,0,0,4,1,"F",1,187500,755
1540910,5,0,0,13,1,"F",1,137500,756
1540936,5,0,0,8,0,"F",1,62500,757
1541156,5,0,0,9,1,"F",1,7500,758
1541593,5,0,0,5,3,"F",1,250000,759
1541662,5,0,0,7,0,"F",1,112500,760
1541734,5,0,0,10,0,"F",1,137500,761
1541834,5,0,0,2.91262125968933,1,"F",1,250000,762
1541894,5,0,0,5,0,"F",0,42500,763
1542247,5,0,0,7,0,"F",1,225000,764
1542523,5,0,0,11,2,"F",1,187500,765
1542740,5,0,0,9,0,"F",0,30000,766
1543012,5,0,0,7,1,"M",1,112500,767
1543181,5,1,0,11,3,"M",1,250000,768
1543552,5,0,0,8,1,"F",0,112500,769
1543563,5,0,0,10,0,"F",1,250000,770
1543633,5,0,0,7,2,"F",1,112500,771
1544590,5,0,0,8,2,"F",0,187500,772
1544693,5,0,0,8,1,"F",1,250000,773
1545273,5,0,0,9,0,"F",0,137500,774
1545322,5,0,0,11,0,"M",1,250000,775
1546709,5,0,0,2,1,"F",1,250000,776
1546922,5,0,0,10,3,"M",1,137500,777
1546932,5,0,0,6,1,"F",0,112500,778
1546959,5,0,0,8,2,"F",1,187500,779
1546989,5,0,0,8,3,"M",1,225000,780
1547464,5,0,0,5,0,"F",1,87500,781
1547476,5,0,0,5,0,"F",0,225000,782
1547622,5,0,0,5,0,"F",1,187500,783
1547752,5,0,0,1,0,"F",1,112500,784
1547850,5,0,0,1,0,"F",1,20000,785
1548040,5,0,0,3,0,"F",0,112500,786
1548129,5,0,0,5,1,"F",1,112500,787
1548209,5,0,0,7,0,"F",1,20000,788
1548503,5,0,0,7,0,"F",1,62500,789
1548540,5,0,0,10,0,"F",1,87500,790
1548673,5,0,0,8,3,"F",1,112500,791
1549599,5,0,0,7,0,"M",1,187500,792
1550040,5,0,0,8,0,"M",1,20000,793
1550161,5,0,0,10,0,"F",1,62500,794
1550456,5,0,0,7,0,"F",1,225000,795
1550894,5,0,0,6,0,"F",1,87500,796
1551030,5,0,0,2,0,"F",1,225000,797
1551330,5,0,0,3.02857136726379,0,"M",1,87500,798
1551510,5,0,0,3,0,"F",1,162500,799
1551891,5,0,0,9,0,"F",1,187500,800
1552409,5,0,0,6,1,"M",1,137500,801
1552458,5,0,0,6,1,"F",1,62500,802
1552507,5,0,0,6,0,"F",1,137500,803
1552803,5,0,0,8,0,"F",1,225000,804
1552831,5,0,0,3,1,"M",1,112500,805
1553098,5,0,0,4,0,"F",1,87500,806
1553185,5,0,0,10,0,"F",1,187500,807
1553615,5,0,0,9,0,"F",1,187500,808
1553840,5,0,0,7,0,"M",1,20000,809
1553857,5,0,0,1,0,"M",1,87500,810
1553951,5,1,0,5,1,"F",1,225000,811
1554033,5,0,0,1,0,"F",1,62500,812
1554034,5,0,0,5,1,"F",1,162500,813
1554062,5,0,0,2.40000009536743,0,"F",1,87500,814
1554533,5,0,0,8,0,"F",1,62500,815
1554853,5,0,0,3,0,"M",1,42500,816
1554983,5,0,0,4,0,"M",1,87500,817
1555310,5,0,0,6,0,"F",1,187500,818
1555529,5,0,0,5,1,"M",1,225000,819
1555776,5,0,0,4,1,"F",1,20000,820
1555876,5,0,0,5,0,"F",0,112500,821
1556592,5,1,0,8,2,"F",1,62500,822
1556634,5,0,0,3,1,"M",0,87500,823
1556652,5,0,0,7,1,"F",1,42500,824
1557407,5,0,0,1,0,"F",1,162500,825
1557751,5,0,0,7,1,"F",1,162500,826
1558181,5,0,0,7,0,"F",0,62500,827
1558593,5,0,0,9,0,"F",1,137500,828
1559861,5,0,0,8,0,"F",0,20000,829
1560624,5,1,0,4,1,"F",1,62500,830
1561366,5,0,0,6,0,"F",1,62500,831
1561573,5,0,0,3,1,"F",1,137500,832
1563321,5,0,0,4,1,"F",1,187500,833
1563505,5,0,0,5,1,"M",0,62500,834
1563807,5,1,0,12,2,"F",0,112500,835
1564353,5,0,0,7,0,"F",1,137500,836
1564381,5,0,0,2,0,"F",1,42500,837
1564432,5,0,0,7,0,"F",1,20000,838
1564440,5,0,0,8,0,"F",1,62500,839
1564588,5,0,0,2.78723406791687,0,"F",1,162500,840
1565437,5,0,0,8,1,"F",1,87500,841
1565459,5,0,0,8,0,"F",1,162500,842
1565552,5,0,0,4,0,"F",1,187500,843
1565565,5,0,0,6,2,"M",0,112500,844
1565621,5,0,0,4,0,"F",1,42500,845
1566766,5,0,0,7,0,"F",1,62500,846
1566910,5,0,0,1,0,"M",0,42500,847
1567216,5,0,0,6,0,"F",1,112500,848
1567225,5,0,0,8,0,"F",1,42500,849
1567585,5,0,0,6,0,"M",0,87500,850
1568736,5,0,0,3.32075476646423,0,"F",1,137500,851
1569143,5,1,0,7,2,"F",1,87500,852
1569250,5,0,0,8,1,"M",0,7500,853
1570352,5,0,0,2,2,"F",1,62500,854
1570791,5,0,0,3,0,"F",1,112500,855
1571168,5,0,0,10,0,"F",1,42500,856
1571704,5,0,0,9,0,"F",1,42500,857
1572013,5,0,0,6,0,"F",1,87500,858
1572475,5,0,0,7,0,"F",1,87500,859
1572791,5,0,0,3,0,"F",0,137500,860
1572826,5,0,0,5,1,"F",1,87500,861
1572876,5,0,0,4,1,"M",0,20000,862
1573368,5,0,0,7,0,"M",0,62500,863
1573406,5,0,0,1,0,"F",1,87500,864
1573782,5,0,0,9,0,"F",1,112500,865
1573961,5,0,0,8,4,"M",1,62500,866
1574217,5,0,0,8,0,"M",1,187500,867
1574944,5,0,0,10,2,"F",1,87500,868
1575622,5,0,0,9,0,"F",1,137500,869
1575638,5,2,0,8,2,"F",1,87500,870
1575664,5,0,0,2,1,"F",0,20000,871
1576304,5,0,0,11,0,"M",1,250000,872
1576669,5,0,0,8,3,"F",1,112500,873
1576876,5,0,0,1,0,"F",1,137500,874
1576998,5,0,0,2,0,"F",1,250000,875
1577505,5,0,0,9,3,"M",0,20000,876
1577931,5,0,0,8,4,"F",0,112500,877
1580292,5,0,0,9,0,"F",1,250000,878
1580324,5,0,0,6,0,"M",1,87500,879
1580380,5,0,0,12,1,"F",1,187500,880
1580422,5,0,0,3,1,"M",1,225000,881
1580699,5,0,0,4,0,"M",1,30000,882
1581113,5,0,0,8,0,"F",0,112500,883
1581720,5,0,0,2,0,"F",1,250000,884
1582050,5,0,0,12,1,"F",1,137500,885
1582294,5,0,0,1,1,"F",1,250000,886
1582445,5,0,0,1,0,"F",1,137500,887
1582970,5,0,0,1,0,"F",1,187500,888
1583212,5,0,0,5,1,"F",1,250000,889
1583903,5,0,0,9,2,"F",1,250000,890
1583918,5,0,0,4,3,"F",0,162500,891
1584353,5,0,0,7,0,"F",0,87500,892
1584557,5,0,0,5,0,"F",1,62500,893
1584736,5,1,0,7,1,"F",0,87500,894
1584822,5,0,0,7,1,"F",1,62500,895
1585152,5,0,0,3,1,"F",1,30000,896
1586387,5,0,0,10,4,"F",1,187500,897
1586988,5,0,0,7,0,"F",1,87500,898
1587401,5,0,0,8,4,"F",1,87500,899
1587615,5,0,0,8,0,"F",1,30000,900
1587812,5,0,0,7,0,"F",1,225000,901
1588035,5,0,0,1,0,"F",1,112500,902
1588596,5,0,0,9,2,"M",1,137500,903
1588827,5,0,0,2.13541674613953,0,"M",1,137500,904
1588865,5,0,0,3.24271845817566,0,"M",1,112500,905
1589682,5,0,0,10,0,"F",1,250000,906
1589774,5,0,0,5,0,"M",1,62500,907
1590492,5,0,0,5,0,"M",1,250000,908
1590674,5,0,0,9,0,"F",1,20000,909
1590711,5,1,0,8,2,"F",1,187500,910
1590921,5,0,0,10,2,"F",1,250000,911
1590969,5,0,0,6,0,"F",0,42500,912
1591056,5,0,0,1,0,"F",1,225000,913
1591165,5,0,0,1.93617022037506,0,"F",1,250000,914
1591251,5,0,0,7,0,"F",0,87500,915
1591366,5,0,0,7,0,"M",1,250000,916
1591670,5,0,0,13,2,"M",1,137500,917
1591722,5,0,0,1,0,"F",0,62500,918
1591917,5,0,0,3,0,"F",1,187500,919
1591990,5,0,0,2.26373624801636,0,"M",0,42500,920
1592216,5,0,0,7,0,"F",1,62500,921
1592278,5,0,0,6,0,"F",1,187500,922
1592293,5,0,0,9,3,"F",1,112500,923
1592707,5,0,0,7,1,"F",1,250000,924
1592744,5,0,0,7,0,"F",0,112500,925
1592908,5,0,0,7,1,"F",1,87500,926
1593038,5,0,0,5,1,"F",1,112500,927
1593301,5,0,0,7,0,"M",1,62500,928
1593487,5,0,0,11,3,"M",1,87500,929
1593651,5,0,0,3,0,"F",1,42500,930
1593813,5,0,0,9,1,"F",0,20000,931
1594152,5,0,0,9,1,"F",1,87500,932
1594307,5,0,0,10,1,"F",0,87500,933
1594407,5,1,0,5,1,"F",1,187500,934
1594775,5,0,0,8,0,"F",1,42500,935
1596452,5,0,0,6,0,"F",1,112500,936
1596829,5,0,0,8,1,"M",1,112500,937
1597491,5,0,0,2,1,"F",1,42500,938
1598463,5,0,0,10,2,"F",1,62500,939
1598633,5,0,0,9,0,"F",1,112500,940
1598919,5,0,0,1,0,"F",0,62500,941
1599722,5,0,0,7,0,"M",1,42500,942
1599748,5,0,0,9,0,"F",0,7500,943
1601262,5,1,0,7,2,"F",1,62500,944
1601710,5,0,0,2,0,"F",1,87500,945
1601726,5,0,0,11,1,"F",1,87500,946
1602013,5,0,0,2,0,"F",0,42500,947
1602093,5,0,0,2,0,"M",1,42500,948
1602541,5,0,0,5,0,"M",1,112500,949
1603217,5,0,0,11,0,"F",1,62500,950
1603225,5,0,0,8,0,"F",0,225000,951
1603429,5,0,0,11,0,"F",1,62500,952
1604015,5,0,0,7,1,"F",1,62500,953
1604126,5,0,0,8,1,"F",1,112500,954
1604128,5,0,0,6,0,"F",0,187500,955
1604268,5,0,0,1,0,"F",1,62500,956
1604528,5,0,0,3,1,"F",1,112500,957
1605044,5,0,0,10,2,"F",1,225000,958
1605048,5,0,0,2,0,"F",1,187500,959
1605961,5,0,0,9,0,"F",0,112500,960
1608086,5,1,0,6,1,"F",0,112500,961
1608536,5,0,0,6,0,"M",1,87500,962
1608611,5,0,0,4,0,"F",1,62500,963
1608612,5,0,0,11,0,"F",0,20000,964
1608644,5,2,0,7,3,"F",0,250000,965
1609138,5,0,0,1.7922078371048,0,"F",1,112500,966
1609335,5,0,0,9,0,"F",1,87500,967
1609688,5,0,0,5,0,"F",0,42500,968
1609694,5,0,0,5,0,"M",1,42500,969
1609742,5,0,0,11,0,"F",1,20000,970
1610234,5,0,0,5,1,"F",1,42500,971
1610404,5,0,0,9,0,"M",0,62500,972
1611512,5,0,0,3,0,"F",1,30000,973
1611563,5,0,0,2,1,"F",1,250000,974
1612208,5,0,0,11,2,"M",1,187500,975
1612444,5,0,0,10,1,"F",1,250000,976
1612702,5,0,0,7,0,"F",1,137500,977
1612863,5,0,0,7,0,"F",0,42500,978
1612987,5,2,0,13,11,"F",0,187500,979
1613295,5,0,0,12,0,"F",1,7500,980
1613630,5,0,0,4,0,"F",1,137500,981
1613669,5,0,0,4,0,"F",1,225000,982
1613754,5,0,0,2,0,"F",1,250000,983
1613787,5,0,0,9,0,"M",1,187500,984
1614408,5,0,0,5,1,"F",1,225000,985
1614896,5,0,0,7,0,"F",0,112500,986
1614950,5,0,0,8,0,"F",1,62500,987
1614982,5,0,0,8,1,"M",0,62500,988
1615046,5,0,0,7,0,"F",0,42500,989
1615126,5,0,0,1,0,"M",1,112500,990
1616126,5,0,0,1,0,"F",1,112500,991
1616413,5,0,0,1,0,"F",1,42500,992
1617245,5,1,0,6,2,"F",0,30000,993
1617490,5,0,0,5,0,"F",1,187500,994
1617675,5,0,0,11,3,"F",0,87500,995
1617709,5,0,0,1,0,"F",1,62500,996
1618855,5,0,0,3.57281541824341,0,"F",0,62500,997
1619223,5,1,0,9,2,"F",1,20000,998
1620927,5,0,0,5,0,"M",0,112500,999
1620942,5,0,0,7,0,"F",1,20000,1000
117514,6,1,1,6,3,"F",0,42500,1
287398,6,0,0,3.20754718780518,0,"F",0,42500,2
469734,6,0,1,7,0,"F",1,250000,3
1054974,6,0,0,4,0,"F",1,137500,4
1060246,6,0,1,7,3,"F",1,62500,5
1061355,6,0,1,4,0,"F",1,87500,6
1061649,6,0,0,5,0,"M",1,225000,7
1062171,6,0,1,6,0,"F",1,250000,8
1063617,6,1,0,5,1,"F",1,250000,9
1068288,6,0,1,4,0,"F",0,30000,10
1071414,6,0,1,4,0,"F",1,62500,11
1077480,6,0,0,1,0,"F",0,62500,12
1081075,6,0,1,5,0,"F",1,250000,13
1081928,6,0,0,4,1,"F",1,62500,14
1082351,6,1,0,1,1,"F",0,30000,15
1087152,6,0,1,8,0,"F",1,187500,16
1089142,6,0,1,4,0,"F",1,87500,17
1091840,6,0,1,7,0,"F",1,30000,18
1094021,6,0,0,2.73000001907349,0,"F",1,87500,19
1094281,6,0,0,1,0,"F",1,62500,20
1100417,6,0,1,5,1,"F",1,62500,21
1100757,6,0,0,1,0,"F",0,112500,22
1102828,6,0,1,7,0,"F",0,62500,23
1103923,6,0,0,2,0,"F",1,225000,24
1107037,6,0,1,7,0,"F",1,112500,25
1108749,6,0,1,6,0,"F",0,87500,26
1108764,6,0,0,1,0,"F",0,62500,27
1111628,6,0,1,4,0,"F",1,137500,28
1111718,6,0,1,5,0,"F",1,112500,29
1114150,6,0,0,2,0,"F",0,30000,30
1117270,6,0,0,1,0,"M",1,20000,31
1120531,6,0,0,4,0,"F",1,62500,32
1122158,6,0,0,3,0,"F",0,62500,33
1128451,6,0,1,6,1,"F",1,42500,34
1136393,6,0,0,5,0,"F",0,112500,35
1136784,6,0,0,5,0,"M",0,225000,36
1139371,6,0,0,2,0,"F",0,42500,37
1139886,6,0,0,3,1,"F",1,112500,38
1144195,6,0,0,4,0,"M",1,250000,39
1144979,6,0,1,9,0,"F",1,112500,40
1145339,6,0,0,4,0,"F",1,62500,41
1145483,6,0,0,2.54368925094604,3,"F",0,7500,42
1146117,6,0,0,2,0,"M",0,87500,43
1147315,6,0,1,6,0,"F",1,187500,44
1148446,6,0,0,4,0,"F",0,20000,45
1149897,6,0,0,2.80612254142761,2,"M",0,30000,46
1149964,6,0,1,7,0,"F",1,42500,47
1150751,6,0,0,3,0,"M",0,7500,48
1150797,6,0,0,3,0,"F",1,162500,49
1151559,6,0,1,7,0,"F",1,112500,50
1151769,6,0,1,7,1,"F",0,112500,51
1152166,6,0,0,4,0,"M",1,137500,52
1152366,6,0,0,4.38461542129517,0,"F",1,87500,53
1153528,6,0,1,5,1,"M",1,62500,54
1153766,6,0,1,7,0,"F",1,162500,55
1155123,6,0,0,1.92708337306976,0,"F",1,112500,56
1156205,6,1,1,6,4,"F",0,112500,57
1156827,6,0,1,6,0,"F",0,7500,58
1157198,6,0,1,4,1,"F",1,20000,59
1165832,6,0,0,6,0,"F",0,62500,60
1166157,6,0,1,8,0,"F",0,137500,61
1167911,6,1,1,6,1,"F",1,87500,62
1168134,6,0,1,7,0,"F",0,162500,63
1168271,6,0,1,6,1,"F",1,112500,64
1171923,6,0,0,3,0,"F",0,62500,65
1172112,6,0,0,2,0,"F",0,20000,66
1174038,6,1,0,1,1,"M",1,112500,67
1174562,6,1,0,4,1,"F",1,62500,68
1174985,6,0,1,6,0,"F",1,62500,69
1176048,6,0,0,5,0,"F",1,62500,70
1179432,6,0,0,6,1,"F",1,87500,71
1179878,6,0,0,1,0,"M",1,62500,72
1180407,6,0,1,6,0,"F",0,62500,73
1180590,6,0,1,6,0,"F",0,112500,74
1180640,6,0,1,4,0,"F",1,62500,75
1181283,6,2,0,3,2,"F",1,62500,76
1181372,6,0,0,1.50793647766113,2,"M",1,62500,77
1181576,6,0,0,2,0,"F",1,87500,78
1182877,6,0,0,2,0,"M",1,62500,79
1184139,6,0,1,6,1,"F",1,20000,80
1184169,6,1,1,6,1,"F",1,112500,81
1184297,6,1,1,5,1,"M",1,112500,82
1184913,6,0,0,2,0,"F",1,87500,83
1185813,6,0,0,3.01980209350586,0,"M",1,87500,84
1185876,6,0,0,1.11764705181122,0,"F",1,137500,85
1186126,6,2,1,6,4,"F",1,62500,86
1187131,6,0,0,1.97826087474823,0,"M",0,42500,87
1187232,6,0,1,6,0,"F",0,62500,88
1187420,6,0,1,6,0,"F",1,87500,89
1187873,6,0,0,5,0,"M",1,112500,90
1187978,6,0,0,5,0,"F",1,62500,91
1188069,6,0,0,1,0,"F",1,162500,92
1188761,6,0,1,4,0,"F",1,162500,93
1188833,6,0,0,2,1,"F",1,62500,94
1189258,6,0,0,5,0,"F",1,225000,95
1189412,6,0,0,1,0,"F",1,20000,96
1189715,6,0,0,1,0,"M",1,162500,97
1189764,6,0,0,1,0,"F",1,137500,98
1190134,6,2,1,6,2,"F",0,20000,99
1190711,6,0,1,6,0,"F",1,162500,100
1191253,6,0,1,6,1,"F",0,62500,101
1191595,6,0,0,4,0,"F",1,62500,102
1191968,6,1,0,2,1,"F",1,112500,103
1192704,6,1,0,5,1,"F",1,62500,104
1192874,6,0,1,4,0,"F",1,62500,105
1193114,6,0,1,6,0,"F",1,162500,106
1193232,6,0,0,1,0,"M",1,112500,107
1193743,6,1,1,5,2,"F",1,20000,108
1193751,6,0,0,3,0,"F",0,42500,109
1193787,6,0,1,7,0,"F",1,62500,110
1194121,6,0,1,4,0,"F",0,42500,111
1194319,6,0,1,6,0,"F",0,62500,112
1194477,6,0,1,10,1,"F",1,112500,113
1195243,6,2,1,6,3,"F",1,62500,114
1195315,6,0,0,4,0,"M",1,112500,115
1195629,6,0,1,5,1,"M",1,62500,116
1196370,6,1,1,8,2,"F",0,137500,117
1196373,6,0,0,2,1,"F",1,87500,118
1196532,6,0,1,5,1,"F",1,112500,119
1196672,6,0,0,4,0,"F",0,62500,120
1196715,6,0,0,4,0,"F",1,62500,121
1196867,6,1,1,5,1,"F",1,62500,122
1197628,6,0,0,3,0,"M",0,137500,123
1198131,6,0,0,2,0,"F",0,42500,124
1198229,6,0,1,4,2,"F",1,62500,125
1198340,6,0,0,2.20731711387634,0,"F",1,112500,126
1198656,6,0,0,1,0,"F",0,42500,127
1198936,6,0,1,7,0,"M",0,162500,128
1199872,6,0,1,6,0,"F",0,87500,129
1202556,6,1,1,5,1,"F",1,62500,130
1204291,6,0,0,2.2826087474823,0,"F",0,20000,131
1204517,6,4,1,6,6,"F",1,62500,132
1204703,6,0,0,3,0,"F",0,87500,133
1205899,6,0,0,3,0,"F",1,162500,134
1207119,6,0,0,3,0,"F",1,62500,135
1208107,6,1,0,2,1,"F",1,112500,136
1208888,6,0,0,1.53030300140381,0,"F",0,20000,137
1209486,6,0,1,6,0,"F",1,62500,138
1209955,6,0,0,1,0,"M",1,225000,139
1210800,6,2,1,7,2,"F",1,250000,140
1211027,6,0,1,5,1,"F",1,112500,141
1211068,6,0,0,4,1,"F",0,250000,142
1211288,6,0,1,5,0,"F",0,7500,143
1211807,6,0,0,2,1,"F",1,42500,144
1212464,6,1,1,7,2,"F",0,42500,145
1213078,6,0,1,6,0,"F",1,250000,146
1213693,6,0,1,7,1,"F",1,162500,147
1216811,6,1,0,5,1,"F",1,162500,148
1217376,6,0,1,7,0,"F",1,137500,149
1217401,6,1,1,7,1,"F",0,62500,150
1221162,6,0,0,2,0,"F",1,62500,151
1222034,6,0,1,6,0,"M",1,87500,152
1222561,6,0,0,3,0,"F",1,62500,153
1224353,6,0,1,5,0,"F",1,87500,154
1224379,6,1,0,2,1,"F",1,162500,155
1225029,6,0,0,2,0,"F",1,62500,156
1225288,6,0,0,4,1,"F",1,112500,157
1225581,6,1,0,3,1,"F",1,30000,158
1226932,6,0,0,5,0,"F",1,87500,159
1226943,6,1,1,5,1,"F",1,162500,160
1227191,6,0,0,4,0,"F",1,112500,161
1227743,6,2,0,7,2,"F",0,62500,162
1228628,6,0,0,1,0,"F",1,62500,163
1228793,6,0,1,7,0,"F",0,87500,164
1229147,6,1,1,7,1,"F",1,87500,165
1229564,6,0,1,7,0,"F",1,62500,166
1229612,6,0,1,6,0,"M",1,187500,167
1229771,6,0,2,10,2,"F",1,87500,168
1229884,6,0,0,4,0,"F",1,112500,169
1230105,6,1,1,8,1,"F",1,137500,170
1230445,6,0,0,4,0,"F",1,62500,171
1230648,6,0,1,4,0,"F",1,87500,172
1230860,6,1,0,3,1,"F",1,62500,173
1231637,6,0,0,2,0,"F",1,112500,174
1233436,6,1,1,6,1,"F",0,162500,175
1233553,6,0,1,6,3,"F",1,112500,176
1234916,6,1,1,7,1,"M",1,62500,177
1237257,6,0,1,3,0,"F",1,62500,178
1237667,6,0,0,4,0,"F",1,87500,179
1238108,6,0,0,3,1,"F",1,42500,180
1238707,6,1,0,3,1,"F",1,62500,181
1238904,6,0,0,5,0,"M",1,87500,182
1239286,6,0,0,2,0,"F",1,250000,183
1239623,6,0,0,2,0,"F",0,42500,184
1239849,6,0,0,2,0,"F",1,112500,185
1239936,6,0,0,1.44736838340759,0,"F",0,7500,186
1240102,6,0,0,2,0,"F",0,62500,187
1241439,6,0,0,3,0,"F",1,112500,188
1241595,6,1,0,2,3,"F",1,62500,189
1241711,6,0,1,5,0,"F",1,87500,190
1242022,6,0,0,2,0,"F",1,62500,191
1242223,6,0,0,4,0,"M",1,137500,192
1242542,6,0,0,3,0,"M",1,137500,193
1243937,6,1,1,8,2,"F",1,87500,194
1244277,6,0,0,1.81818187236786,0,"F",0,112500,195
1245286,6,0,0,3,0,"F",1,62500,196
1246704,6,0,1,6,1,"F",1,87500,197
1247392,6,0,0,2,0,"F",1,87500,198
1248826,6,0,1,6,1,"F",1,87500,199
1249794,6,0,0,3,0,"F",0,137500,200
1250074,6,0,1,5,1,"F",0,87500,201
1250242,6,0,0,2,0,"F",0,250000,202
1250577,6,0,1,5,1,"F",1,62500,203
1250585,6,0,0,4,0,"F",1,187500,204
1250879,6,0,0,4,1,"F",1,137500,205
1250899,6,0,0,4,0,"M",1,112500,206
1251138,6,0,0,4,0,"M",1,137500,207
1251550,6,0,1,5,1,"F",1,62500,208
1251623,6,0,0,3,1,"F",1,7500,209
1251804,6,0,1,3,1,"F",0,137500,210
1251816,6,0,1,6,0,"F",1,137500,211
1252257,6,1,1,5,2,"F",0,87500,212
1252297,6,0,0,4,1,"M",1,62500,213
1252403,6,0,1,7,0,"M",1,62500,214
1252534,6,0,0,4,0,"F",1,187500,215
1252759,6,0,1,7,1,"F",1,137500,216
1252878,6,0,1,7,0,"F",1,137500,217
1254168,6,3,1,7,3,"F",1,62500,218
1254684,6,0,1,7,0,"M",1,112500,219
1258925,6,1,0,2,3,"F",1,42500,220
1259640,6,0,0,5,0,"M",1,87500,221
1259672,6,0,1,7,0,"F",1,62500,222
1259740,6,0,1,6,0,"F",1,30000,223
1262332,6,0,1,7,2,"F",1,87500,224
1262373,6,2,0,6,3,"F",1,250000,225
1262926,6,0,0,2,0,"F",1,62500,226
1263058,6,0,0,4,1,"F",0,137500,227
1263919,6,0,0,3,1,"M",0,30000,228
1264065,6,0,1,6,1,"F",1,187500,229
1264317,6,0,1,6,1,"F",1,187500,230
1264505,6,0,0,2,0,"F",1,87500,231
1264703,6,0,1,6,0,"F",0,30000,232
1265443,6,0,1,5,0,"F",0,20000,233
1265755,6,0,1,6,2,"F",1,112500,234
1265835,6,0,1,3,0,"F",1,112500,235
1265892,6,0,0,2,0,"F",0,187500,236
1266201,6,0,0,2.40229892730713,0,"F",1,187500,237
1268413,6,1,0,4,2,"F",1,62500,238
1269756,6,0,1,6,0,"F",1,62500,239
1269824,6,0,0,3,0,"M",0,30000,240
1273931,6,0,1,7,0,"F",1,20000,241
1275308,6,1,1,6,1,"M",1,87500,242
1275698,6,0,0,3,0,"F",1,87500,243
1275888,6,0,0,2,0,"F",1,137500,244
1276784,6,0,0,2,0,"F",0,20000,245
1277335,6,0,0,3,0,"F",1,42500,246
1279299,6,1,0,2,1,"M",1,87500,247
1279847,6,0,0,1,0,"F",1,42500,248
1280469,6,0,1,7,0,"F",0,7500,249
1281674,6,0,1,4,0,"F",0,137500,250
1285561,6,0,1,8,2,"F",1,250000,251
1286058,6,0,1,4,0,"F",1,250000,252
1286676,6,0,1,6,0,"M",1,225000,253
1287337,6,0,0,5,0,"F",0,62500,254
1288054,6,0,1,7,0,"F",1,42500,255
1288246,6,0,0,2,0,"F",0,62500,256
1288502,6,1,0,5,3,"M",0,137500,257
1288666,6,0,0,2,1,"F",1,62500,258
1288675,6,0,0,2,0,"F",1,20000,259
1288774,6,2,1,7,4,"F",1,187500,260
1288902,6,0,1,6,1,"F",1,87500,261
1289229,6,1,0,2,1,"F",0,112500,262
1290077,6,0,0,4,0,"F",1,87500,263
1290515,6,0,0,2,0,"F",0,87500,264
1290723,6,0,1,6,0,"F",0,30000,265
1291318,6,0,0,2,1,"F",1,42500,266
1291608,6,0,1,4,0,"F",0,30000,267
1292847,6,0,2,10,0,"F",1,42500,268
1293296,6,0,1,6,0,"F",1,30000,269
1293595,6,0,0,3,0,"F",1,62500,270
1293939,6,0,1,7,0,"F",1,250000,271
1294157,6,0,1,7,0,"F",1,62500,272
1294200,6,0,1,4,0,"F",1,62500,273
1294399,6,0,0,5,0,"F",0,30000,274
1294837,6,0,1,7,1,"F",0,62500,275
1297008,6,0,0,2,0,"F",0,7500,276
1297323,6,0,0,2,0,"F",0,7500,277
1297452,6,0,0,4,0,"M",1,87500,278
1297615,6,0,0,3,0,"F",0,20000,279
1297678,6,0,1,3,0,"M",1,62500,280
1298036,6,0,0,3,0,"F",0,7500,281
1298136,6,0,1,6,0,"M",0,30000,282
1298614,6,0,1,8,0,"F",1,62500,283
1300363,6,1,0,3,1,"M",1,42500,284
1300457,6,0,0,2,0,"M",1,42500,285
1301237,6,0,0,2,0,"F",1,20000,286
1301332,6,0,0,5,0,"M",1,42500,287
1301620,6,0,0,2,0,"F",1,87500,288
1302173,6,0,1,5,0,"F",1,225000,289
1302216,6,0,0,2,1,"F",1,62500,290
1302375,6,0,1,7,0,"F",1,87500,291
1303092,6,0,1,6,0,"F",1,62500,292
1303908,6,0,0,3,1,"M",1,87500,293
1304518,6,0,1,7,1,"F",1,87500,294
1304751,6,0,1,4,0,"F",0,30000,295
1306505,6,0,1,4,1,"F",0,62500,296
1307675,6,1,1,6,1,"F",1,62500,297
1307821,6,0,1,7,0,"M",1,42500,298
1310138,6,0,0,4,0,"F",1,62500,299
1310269,6,0,1,6,0,"F",0,112500,300
1311143,6,0,0,5,0,"M",0,62500,301
1311172,6,0,0,2,0,"M",1,137500,302
1311388,6,0,0,5,0,"M",0,20000,303
1312227,6,0,1,6,0,"F",0,62500,304
1313291,6,1,0,1,1,"F",1,162500,305
1313396,6,0,1,8,0,"F",0,30000,306
1313735,6,0,1,6,0,"F",1,20000,307
1313856,6,0,1,8,0,"F",0,20000,308
1314520,6,0,1,5,0,"F",1,62500,309
1314682,6,0,0,2,0,"F",0,20000,310
1314969,6,0,1,7,1,"F",0,87500,311
1315946,6,0,0,3,1,"F",0,62500,312
1317054,6,1,0,4,1,"F",0,7500,313
1317356,6,0,0,2,0,"F",1,62500,314
1318696,6,0,1,7,0,"F",0,62500,315
1318996,6,0,0,3,1,"F",1,62500,316
1319548,6,0,0,3,0,"F",0,20000,317
1319613,6,0,1,6,1,"F",0,137500,318
1319738,6,0,0,3,0,"F",1,137500,319
1320734,6,0,1,7,0,"F",1,20000,320
1320750,6,0,0,4,1,"F",0,7500,321
1322205,6,0,1,7,0,"F",1,62500,322
1322235,6,0,1,6,1,"F",0,62500,323
1322521,6,0,1,6,0,"M",1,42500,324
1322942,6,0,1,7,1,"F",1,87500,325
1323304,6,0,1,8,1,"F",1,162500,326
1323359,6,0,1,6,3,"M",0,187500,327
1323491,6,0,0,4,1,"F",1,250000,328
1323698,6,0,0,4,1,"M",0,250000,329
1323962,6,1,0,5,1,"M",1,62500,330
1324251,6,0,0,1,0,"F",0,20000,331
1324843,6,0,0,4,0,"F",1,87500,332
1325556,6,0,0,2,0,"F",0,20000,333
1327146,6,0,1,7,0,"F",1,162500,334
1328158,6,0,0,2,2,"F",1,62500,335
1328623,6,0,1,6,1,"M",1,30000,336
1328832,6,0,0,4,0,"F",1,187500,337
1329574,6,0,1,7,0,"F",0,42500,338
1330046,6,1,0,3,1,"F",1,112500,339
1330272,6,1,1,4,1,"F",1,137500,340
1330497,6,1,0,5,1,"F",1,162500,341
1331244,6,0,1,6,2,"F",0,30000,342
1331261,6,0,0,2,0,"F",0,7500,343
1331950,6,0,1,6,0,"F",1,62500,344
1333858,6,0,0,2,0,"F",1,112500,345
1335680,6,0,0,1,0,"F",1,62500,346
1335920,6,0,1,6,0,"F",1,42500,347
1335980,6,0,1,4,1,"F",0,20000,348
1336426,6,0,0,4,0,"F",0,20000,349
1336946,6,0,0,3,0,"M",1,20000,350
1338200,6,0,0,3,1,"F",1,162500,351
1338378,6,1,0,5,1,"F",1,225000,352
1339574,6,0,1,6,0,"F",1,42500,353
1339822,6,0,1,6,0,"F",1,112500,354
1340176,6,0,0,2,1,"M",1,42500,355
1340267,6,0,1,4,1,"F",0,42500,356
1341891,6,0,0,4,0,"F",0,62500,357
1342799,6,0,0,2,0,"F",0,62500,358
1343216,6,0,0,3,0,"F",0,187500,359
1344265,6,0,0,1,0,"F",0,87500,360
1344499,6,0,1,5,2,"F",1,87500,361
1344614,6,0,1,5,3,"M",1,225000,362
1345984,6,1,1,7,2,"F",1,112500,363
1346234,6,0,0,2,1,"F",0,162500,364
1347945,6,1,1,6,1,"F",0,112500,365
1348467,6,0,0,4,0,"F",0,87500,366
1348663,6,0,0,3,1,"F",1,62500,367
1348726,6,0,0,4,1,"F",1,62500,368
1349285,6,0,1,6,1,"F",0,42500,369
1349428,6,0,0,4,0,"F",1,87500,370
1349951,6,0,0,3,0,"F",1,20000,371
1350291,6,0,1,7,0,"M",1,87500,372
1350434,6,0,0,5,0,"F",1,162500,373
1351173,6,0,0,3,0,"F",0,87500,374
1351468,6,0,1,6,1,"F",1,7500,375
1351509,6,0,0,2,0,"F",1,62500,376
1351586,6,0,1,5,1,"F",1,162500,377
1351796,6,0,1,6,0,"F",1,7500,378
1352046,6,0,0,3,0,"F",1,87500,379
1352301,6,0,0,2,0,"F",1,42500,380
1352756,6,0,1,6,0,"F",1,62500,381
1352986,6,1,1,6,1,"F",1,42500,382
1353809,6,1,1,9,2,"F",1,112500,383
1353961,6,0,0,5,0,"F",0,20000,384
1354452,6,0,1,5,2,"F",1,62500,385
1354598,6,0,1,3,0,"F",0,42500,386
1354602,6,1,1,6,1,"M",1,62500,387
1354673,6,1,1,7,1,"F",0,7500,388
1355604,6,0,0,3,0,"M",1,7500,389
1356206,6,0,1,8,0,"F",1,62500,390
1358021,6,0,0,5,1,"F",1,112500,391
1358933,6,1,1,6,2,"F",0,112500,392
1361465,6,0,1,3,0,"F",0,137500,393
1362107,6,0,0,1,0,"M",1,162500,394
1363023,6,2,1,5,2,"F",1,30000,395
1363370,6,0,0,4,0,"M",1,62500,396
1364059,6,0,1,7,0,"M",1,112500,397
1366217,6,0,0,3,0,"M",0,112500,398
1366244,6,0,0,3,1,"F",0,112500,399
1367411,6,0,1,6,1,"F",1,20000,400
1367420,6,0,2,11,1,"F",1,162500,401
1368140,6,0,1,7,1,"F",1,62500,402
1368385,6,0,0,2,0,"M",1,162500,403
1369918,6,0,0,4,0,"F",1,87500,404
1372221,6,0,0,2,2,"F",1,7500,405
1372333,6,0,0,3,0,"F",1,62500,406
1374105,6,1,0,5,1,"F",0,7500,407
1374132,6,0,0,3,0,"M",1,62500,408
1374680,6,0,0,3,0,"F",1,62500,409
1375113,6,0,0,3,0,"F",1,87500,410
1376245,6,0,0,1.61538457870483,0,"F",0,62500,411
1377492,6,0,1,8,3,"F",1,137500,412
1377719,6,0,0,1,0,"F",1,137500,413
1378071,6,0,0,5,0,"F",0,62500,414
1378409,6,0,1,8,3,"F",1,62500,415
1380721,6,0,0,1,1,"F",1,42500,416
1381136,6,0,0,4,0,"F",1,62500,417
1381384,6,0,1,5,0,"F",1,162500,418
1381552,6,0,0,5,1,"M",1,87500,419
1381639,6,0,1,6,0,"F",1,225000,420
1381711,6,0,1,5,0,"F",1,87500,421
1382137,6,0,0,3,0,"F",1,112500,422
1382624,6,0,1,5,4,"F",1,62500,423
1382975,6,1,1,6,2,"F",1,112500,424
1384230,6,0,1,7,0,"F",1,137500,425
1384341,6,0,1,5,1,"F",0,137500,426
1385468,6,0,0,4.14285707473755,0,"F",1,250000,427
1385831,6,0,1,5,0,"F",1,42500,428
1386066,6,0,0,1,0,"F",1,112500,429
1386120,6,0,1,5,0,"F",1,42500,430
1387428,6,0,1,6,0,"F",0,62500,431
1387588,6,0,1,5,0,"F",1,42500,432
1388210,6,0,0,5,0,"M",1,62500,433
1388355,6,0,0,2,1,"F",1,62500,434
1388513,6,1,0,4,1,"F",1,162500,435
1388833,6,0,1,7,1,"F",0,42500,436
1389030,6,0,1,6,0,"F",1,62500,437
1389384,6,0,1,7,1,"F",0,42500,438
1389406,6,0,1,7,1,"F",1,87500,439
1389477,6,0,1,6,0,"F",1,62500,440
1390351,6,0,1,7,0,"M",1,162500,441
1392387,6,0,1,6,0,"F",0,87500,442
1393255,6,1,0,4,2,"F",1,87500,443
1393466,6,0,0,2,0,"M",1,87500,444
1393929,6,0,0,5,0,"F",1,225000,445
1394027,6,1,0,2,1,"F",1,162500,446
1395064,6,1,1,7,1,"F",1,162500,447
1395309,6,0,1,6,0,"F",0,42500,448
1395394,6,0,1,7,0,"F",0,7500,449
1396474,6,0,0,1,0,"F",1,62500,450
1396597,6,0,0,3,0,"F",1,87500,451
1396618,6,0,0,4,0,"F",1,87500,452
1396830,6,0,1,7,1,"F",1,87500,453
1397814,6,0,0,3,0,"M",1,137500,454
1398493,6,0,0,1,0,"F",1,87500,455
1398606,6,1,0,3,3,"M",1,20000,456
1399233,6,1,0,2,1,"F",0,42500,457
1399269,6,0,1,7,1,"F",1,62500,458
1399329,6,1,1,7,1,"F",1,112500,459
1401246,6,0,0,1,0,"F",1,42500,460
1401458,6,0,0,4,0,"F",1,62500,461
1403021,6,0,0,5,0,"F",1,112500,462
1403631,6,1,1,5,3,"F",1,62500,463
1403972,6,0,1,8,5,"F",1,162500,464
1404355,6,0,1,8,1,"F",1,87500,465
1404418,6,0,0,3,0,"F",1,42500,466
1404842,6,0,0,1,0,"M",1,112500,467
1405544,6,0,1,6,0,"F",0,20000,468
1406907,6,0,1,7,0,"F",1,87500,469
1408575,6,0,0,2,0,"M",0,30000,470
1410385,6,2,1,7,2,"F",1,162500,471
1411418,6,0,0,4,0,"M",1,87500,472
1412397,6,0,0,4,0,"M",1,42500,473
1412511,6,0,0,2.29411768913269,0,"F",1,42500,474
1412646,6,1,0,8,3,"F",1,162500,475
1413182,6,0,1,7,0,"F",1,112500,476
1413837,6,0,0,2,0,"F",1,225000,477
1413925,6,0,1,5,2,"F",0,62500,478
1414361,6,0,0,2,1,"F",1,112500,479
1414857,6,0,1,5,1,"M",1,162500,480
1414873,6,0,1,4,0,"F",1,112500,481
1415098,6,0,1,6,0,"F",0,87500,482
1415320,6,1,1,7,1,"F",1,162500,483
1416429,6,1,1,8,1,"F",1,87500,484
1416731,6,0,0,1,0,"F",1,162500,485
1416940,6,0,0,5,1,"F",0,137500,486
1417159,6,0,0,2,0,"M",0,20000,487
1417523,6,0,0,1,0,"F",1,187500,488
1418358,6,1,1,7,1,"F",0,112500,489
1418818,6,0,1,6,4,"F",1,87500,490
1419071,6,0,0,4,0,"M",1,87500,491
1419406,6,0,1,6,0,"F",1,62500,492
1419467,6,0,0,2,1,"F",1,162500,493
1419627,6,0,1,7,0,"M",1,87500,494
1419833,6,0,1,7,0,"F",1,225000,495
1420095,6,0,0,2,0,"M",1,187500,496
1420139,6,0,1,6,0,"F",1,112500,497
1420150,6,1,0,5,1,"F",0,7500,498
1420458,6,0,1,7,0,"M",1,20000,499
1420461,6,0,1,6,0,"F",1,62500,500
1420462,6,0,1,7,0,"F",1,162500,501
1420478,6,0,1,4,0,"F",1,42500,502
1420505,6,0,0,2,0,"F",0,7500,503
1420957,6,0,0,1,0,"F",1,225000,504
1420990,6,0,1,6,0,"F",0,87500,505
1421112,6,0,0,2,0,"F",0,87500,506
1421265,6,0,0,6,1,"F",0,137500,507
1421359,6,0,0,1,0,"F",0,7500,508
1422155,6,0,1,7,0,"F",1,187500,509
1422249,6,0,0,1,0,"M",0,62500,510
1424297,6,0,0,1,0,"M",1,20000,511
1424626,6,0,1,9,0,"F",0,112500,512
1425960,6,0,0,2,0,"F",0,20000,513
1426165,6,0,1,7,0,"F",0,112500,514
1426230,6,0,0,2,0,"F",0,7500,515
1426266,6,0,1,5,0,"F",1,112500,516
1426799,6,0,0,4,0,"F",1,87500,517
1427258,6,0,1,6,0,"F",0,62500,518
1427579,6,1,1,3,2,"F",1,87500,519
1427915,6,0,0,3,0,"F",0,62500,520
1428277,6,3,0,5,4,"M",1,112500,521
1429936,6,0,1,7,0,"F",1,187500,522
1430214,6,0,1,6,0,"M",0,112500,523
1430754,6,0,0,3,0,"M",1,187500,524
1431104,6,0,0,4,0,"F",0,250000,525
1431118,6,0,0,2,0,"F",1,62500,526
1431340,6,0,0,6,1,"F",0,87500,527
1431513,6,0,1,6,0,"F",1,62500,528
1431697,6,0,0,2,0,"F",1,87500,529
1431949,6,2,1,7,2,"F",1,42500,530
1432387,6,1,1,7,1,"F",0,162500,531
1432724,6,0,1,7,0,"F",1,20000,532
1432840,6,0,1,4,2,"F",1,20000,533
1432998,6,0,0,2,1,"F",1,62500,534
1433194,6,0,0,4,0,"F",1,42500,535
1433587,6,0,0,4,0,"M",1,87500,536
1434275,6,0,1,9,0,"F",1,20000,537
1434712,6,0,0,1.83333337306976,0,"F",1,42500,538
1435022,6,0,0,2,0,"F",1,187500,539
1435557,6,0,0,2.47000002861023,0,"M",1,62500,540
1435794,6,0,1,5,1,"F",0,87500,541
1435996,6,0,0,2,0,"F",1,112500,542
1436928,6,0,0,2,0,"F",1,112500,543
1437747,6,0,1,4,0,"F",1,137500,544
1437857,6,0,1,7,1,"M",1,62500,545
1437869,6,0,1,6,1,"F",1,187500,546
1437899,6,0,1,8,0,"F",1,137500,547
1438760,6,0,1,7,0,"F",1,137500,548
1438884,6,0,1,7,2,"M",1,87500,549
1439629,6,1,1,7,1,"F",1,7500,550
1439689,6,0,0,3,0,"F",1,112500,551
1439713,6,0,1,3,0,"F",1,62500,552
1440356,6,0,0,1,0,"M",1,250000,553
1441053,6,0,0,4,0,"M",1,30000,554
1441466,6,0,1,6,0,"F",1,250000,555
1442287,6,0,1,6,0,"F",0,187500,556
1442704,6,0,1,7,0,"F",1,87500,557
1443687,6,0,0,2,0,"F",0,87500,558
1443964,6,0,1,5,0,"F",1,250000,559
1444485,6,0,1,4,0,"F",1,112500,560
1445100,6,0,1,6,3,"F",1,87500,561
1446288,6,0,0,8,1,"F",0,62500,562
1447092,6,0,0,2,0,"M",1,42500,563
1447298,6,0,0,6,2,"F",1,62500,564
1448763,6,0,0,3,0,"F",0,62500,565
1448901,6,0,0,2,0,"F",0,62500,566
1449431,6,0,0,2,0,"F",1,137500,567
1450170,6,0,0,6,0,"F",0,62500,568
1450180,6,0,0,3,0,"M",1,62500,569
1450746,6,0,1,7,0,"F",1,7500,570
1450805,6,0,0,1,0,"M",1,225000,571
1450890,6,1,1,7,1,"F",1,225000,572
1451275,6,0,0,4,0,"M",1,62500,573
1451865,6,0,0,3,0,"F",1,225000,574
1452879,6,2,1,7,2,"F",1,137500,575
1454110,6,0,0,4,1,"F",1,62500,576
1454343,6,0,1,6,0,"M",0,30000,577
1454425,6,0,0,3,0,"F",1,112500,578
1454661,6,0,1,7,1,"F",1,87500,579
1455466,6,0,1,6,1,"F",1,87500,580
1455615,6,0,0,1,0,"F",1,7500,581
1455721,6,0,0,1.79999995231628,0,"M",1,87500,582
1455906,6,0,0,2,3,"F",1,250000,583
1456029,6,0,0,4,1,"F",1,42500,584
1456155,6,0,1,6,0,"F",1,250000,585
1456186,6,0,1,4,0,"F",1,20000,586
1456531,6,1,1,6,1,"F",1,187500,587
1456609,6,0,0,1,0,"F",1,62500,588
1456628,6,0,1,7,0,"F",1,250000,589
1456919,6,0,0,2,0,"F",1,30000,590
1457625,6,0,1,5,0,"F",1,112500,591
1457777,6,0,1,3,0,"F",1,62500,592
1457830,6,0,0,3,0,"F",1,112500,593
1457984,6,0,1,8,0,"F",1,112500,594
1458214,6,2,0,3,2,"F",1,225000,595
1460277,6,0,0,1,0,"F",1,62500,596
1460380,6,0,1,6,0,"F",0,42500,597
1460953,6,0,1,6,1,"F",0,250000,598
1461151,6,0,0,2.64948463439941,0,"F",1,87500,599
1461397,6,0,1,6,0,"F",1,137500,600
1462847,6,2,1,6,2,"F",1,162500,601
1462878,6,0,1,7,0,"F",1,7500,602
1463072,6,0,1,6,0,"F",1,87500,603
1464188,6,0,0,1.54166662693024,0,"F",1,137500,604
1464264,6,0,1,7,0,"M",1,112500,605
1464335,6,1,1,7,4,"F",1,187500,606
1464618,6,0,1,5,0,"F",1,112500,607
1465220,6,0,1,6,1,"F",1,137500,608
1466204,6,0,0,4,1,"F",1,87500,609
1466494,6,0,0,4,0,"M",1,20000,610
1466816,6,0,1,7,1,"F",1,137500,611
1466833,6,0,1,7,0,"F",1,87500,612
1466886,6,0,0,5,0,"F",1,137500,613
1466955,6,0,1,5,0,"F",1,250000,614
1467019,6,0,0,3,0,"F",0,137500,615
1467058,6,0,1,6,0,"F",0,20000,616
1467155,6,0,0,5,0,"M",0,62500,617
1467520,6,0,0,2,1,"F",1,250000,618
1467621,6,1,0,2,2,"F",1,62500,619
1468654,6,0,0,2,1,"F",1,87500,620
1468709,6,0,0,4,1,"F",1,30000,621
1468714,6,0,1,7,0,"F",0,112500,622
1468733,6,0,1,6,1,"F",1,62500,623
1468745,6,0,0,3,0,"M",1,62500,624
1469175,6,0,2,13,0,"F",0,87500,625
1469204,6,0,0,3,0,"F",1,112500,626
1469239,6,0,1,6,1,"F",1,112500,627
1469248,6,0,0,4,0,"F",1,112500,628
1469990,6,0,1,7,0,"M",1,187500,629
1470110,6,0,1,7,0,"F",0,62500,630
1470965,6,0,1,5,0,"F",0,62500,631
1471445,6,0,1,6,0,"F",1,162500,632
1471473,6,0,0,2,0,"M",1,62500,633
1471528,6,0,1,6,1,"F",1,112500,634
1471566,6,0,0,2,0,"F",1,30000,635
1471723,6,0,1,5,0,"F",1,187500,636
1471767,6,0,0,3,0,"M",1,87500,637
1471934,6,0,0,3,0,"F",0,112500,638
1472977,6,0,1,6,0,"F",1,87500,639
1474598,6,0,1,6,2,"M",1,87500,640
1475170,6,0,1,7,0,"M",0,87500,641
1477477,6,0,0,1.65277779102325,0,"M",0,112500,642
1478058,6,0,1,4,0,"F",1,87500,643
1478617,6,0,0,5,0,"F",1,225000,644
1479489,6,0,1,5,2,"F",1,62500,645
1480578,6,0,0,2,0,"F",0,62500,646
1481279,6,0,0,5,1,"F",0,162500,647
1481476,6,1,0,2,2,"F",1,7500,648
1482005,6,0,0,1,0,"M",1,62500,649
1482267,6,0,0,2,0,"F",1,225000,650
1482614,6,0,1,6,0,"F",0,87500,651
1482816,6,0,0,3,0,"F",1,62500,652
1483049,6,1,1,6,2,"F",0,20000,653
1484259,6,0,1,4,0,"F",0,7500,654
1484519,6,0,1,7,0,"F",1,42500,655
1484930,6,0,1,4,0,"F",1,162500,656
1486404,6,0,1,4,0,"F",0,42500,657
1487790,6,2,1,7,2,"M",1,187500,658
1488086,6,0,0,2,0,"F",1,112500,659
1489319,6,1,0,3,1,"F",0,42500,660
1490014,6,0,0,2,1,"M",1,62500,661
1491416,6,0,1,8,0,"F",0,112500,662
1491563,6,0,0,2,0,"M",1,162500,663
1492025,6,0,1,4,0,"F",1,62500,664
1492036,6,0,1,3,0,"F",1,87500,665
1493569,6,0,0,1,0,"F",1,112500,666
1498287,6,0,1,7,0,"F",1,162500,667
1498483,6,0,0,1,0,"F",1,62500,668
1498656,6,0,0,2,0,"M",1,137500,669
1501397,6,0,0,6,0,"M",1,112500,670
1501443,6,0,0,5,0,"F",0,7500,671
1501825,6,0,1,8,0,"F",1,225000,672
1501848,6,0,0,1,0,"F",1,112500,673
1501917,6,0,0,4,0,"F",1,137500,674
1502135,6,0,0,3,0,"F",1,87500,675
1502146,6,1,1,6,1,"F",1,62500,676
1502599,6,0,1,7,0,"F",1,187500,677
1504289,6,0,0,3,0,"F",1,137500,678
1507421,6,0,0,1.86138617992401,0,"F",0,20000,679
1509331,6,1,0,5,1,"M",1,62500,680
1509782,6,0,0,1,0,"F",1,62500,681
1509874,6,0,0,1.95402300357819,0,"F",1,42500,682
1511973,6,0,0,5,0,"M",0,7500,683
1512249,6,0,1,4,1,"F",1,187500,684
1512656,6,0,1,6,1,"F",1,187500,685
1513530,6,0,1,8,0,"F",1,62500,686
1513806,6,0,0,2,0,"F",1,62500,687
1514087,6,0,0,2,0,"F",0,112500,688
1514098,6,0,0,3,0,"F",1,187500,689
1514327,6,0,0,4,0,"F",0,87500,690
1514351,6,0,1,5,0,"M",1,187500,691
1514819,6,0,0,2,0,"F",1,30000,692
1516894,6,0,0,3,0,"M",1,250000,693
1518132,6,0,1,6,0,"F",0,62500,694
1518564,6,0,0,4.04854345321655,0,"F",1,112500,695
1519598,6,0,1,8,0,"F",1,187500,696
1520012,6,0,0,3.72380948066711,0,"F",1,187500,697
1520720,6,0,1,7,1,"F",1,62500,698
1522154,6,0,1,6,0,"F",1,137500,699
1522471,6,0,1,5,0,"M",1,162500,700
1523997,6,0,1,5,0,"F",1,225000,701
1524038,6,2,1,6,2,"F",1,250000,702
1524967,6,1,1,2,1,"F",1,250000,703
1525049,6,0,1,7,0,"F",1,187500,704
1525556,6,0,1,8,0,"M",1,162500,705
1526044,6,0,0,2,0,"M",1,87500,706
1526280,6,0,0,3,0,"M",1,20000,707
1526638,6,0,0,1,0,"F",1,225000,708
1527800,6,2,0,1,2,"F",1,137500,709
1527932,6,0,1,5,1,"F",1,187500,710
1527966,6,0,0,3,1,"F",1,250000,711
1528038,6,0,0,3,0,"M",1,225000,712
1528103,6,1,1,7,3,"F",1,225000,713
1528515,6,1,1,1,1,"F",0,225000,714
1529646,6,0,1,8,0,"F",1,225000,715
1530199,6,0,0,1,2,"M",1,62500,716
1530200,6,0,1,6,1,"F",1,137500,717
1530561,6,0,0,4,0,"F",1,42500,718
1530887,6,0,1,6,0,"F",1,87500,719
1531800,6,0,1,5,0,"F",0,62500,720
1531915,6,0,0,1,0,"F",1,250000,721
1531924,6,0,1,7,0,"F",0,225000,722
1531984,6,0,1,6,0,"F",0,42500,723
1532052,6,0,0,1,0,"M",1,87500,724
1532113,6,0,1,7,0,"F",1,87500,725
1532334,6,0,1,6,0,"F",1,225000,726
1532420,6,0,0,2,0,"F",1,30000,727
1532431,6,1,1,5,1,"F",0,20000,728
1532738,6,0,1,9,0,"F",1,225000,729
1532841,6,0,1,7,0,"F",1,42500,730
1533843,6,0,0,2,0,"F",1,42500,731
1533874,6,0,1,6,0,"F",1,137500,732
1533971,6,0,1,8,0,"F",1,137500,733
1534792,6,1,1,6,3,"F",1,187500,734
1535057,6,0,1,5,1,"F",1,137500,735
1535333,6,0,1,7,1,"M",1,87500,736
1535547,6,0,1,7,0,"F",1,187500,737
1535701,6,0,1,7,0,"M",1,62500,738
1535732,6,0,1,7,0,"F",1,187500,739
1535755,6,0,0,3,0,"F",1,112500,740
1536000,6,0,0,4,1,"F",1,187500,741
1536405,6,1,0,5,1,"F",1,62500,742
1536527,6,0,0,2,0,"F",1,225000,743
1536579,6,0,0,3,0,"F",1,187500,744
1537347,6,0,0,5,1,"F",1,225000,745
1537995,6,0,1,1,1,"F",0,62500,746
1538175,6,1,1,8,1,"F",1,250000,747
1538662,6,0,1,5,0,"F",1,112500,748
1538919,6,0,0,2,0,"F",1,250000,749
1539494,6,0,1,8,1,"F",1,250000,750
1539570,6,0,0,3,1,"F",1,87500,751
1540059,6,0,1,6,0,"M",1,87500,752
1540194,6,0,0,1.70422530174255,2,"F",1,187500,753
1540364,6,0,1,6,1,"F",1,7500,754
1540829,6,0,0,2,0,"F",1,187500,755
1540910,6,0,1,7,3,"F",1,137500,756
1540936,6,0,1,6,0,"F",1,62500,757
1541156,6,0,1,6,1,"F",1,7500,758
1541593,6,0,1,6,1,"F",1,250000,759
1541662,6,0,1,7,0,"F",1,112500,760
1541734,6,0,1,7,1,"F",1,137500,761
1541834,6,0,0,2,0,"F",1,250000,762
1541894,6,0,1,6,0,"F",0,42500,763
1542247,6,0,0,2,0,"F",1,225000,764
1542523,6,0,1,7,0,"F",1,187500,765
1542740,6,0,1,5,0,"F",0,30000,766
1543012,6,0,0,5,0,"M",1,112500,767
1543181,6,0,1,8,0,"M",1,250000,768
1543552,6,0,1,5,1,"F",0,112500,769
1543563,6,0,1,5,2,"F",1,250000,770
1543633,6,0,1,5,1,"F",1,112500,771
1544590,6,0,1,7,0,"F",0,187500,772
1544693,6,0,1,6,0,"F",1,250000,773
1545273,6,0,1,6,0,"F",0,137500,774
1545322,6,1,1,7,1,"M",1,250000,775
1546709,6,0,1,3,2,"F",1,250000,776
1546922,6,0,0,4,0,"M",1,137500,777
1546932,6,1,1,4,1,"F",0,112500,778
1546959,6,0,0,6,0,"F",1,187500,779
1546989,6,0,1,7,0,"M",1,225000,780
1547464,6,0,1,4,0,"F",1,87500,781
1547476,6,0,0,4,0,"F",0,225000,782
1547622,6,0,0,2,0,"F",1,187500,783
1547752,6,0,0,3.74757289886475,1,"F",1,112500,784
1547850,6,0,0,2,0,"F",1,20000,785
1548040,6,0,0,3,0,"F",0,112500,786
1548129,6,0,1,4,0,"F",1,112500,787
1548209,6,0,1,4,0,"F",1,20000,788
1548503,6,0,1,5,0,"F",1,62500,789
1548540,6,0,1,5,1,"F",1,87500,790
1548673,6,0,1,5,0,"F",1,112500,791
1549599,6,0,1,6,0,"M",1,187500,792
1550040,6,0,1,5,0,"M",1,20000,793
1550161,6,0,1,7,2,"F",1,62500,794
1550456,6,0,1,4,0,"F",1,225000,795
1550894,6,0,0,5,0,"F",1,87500,796
1551030,6,0,0,3,0,"F",1,225000,797
1551330,6,0,0,1,1,"M",1,87500,798
1551510,6,0,0,2,0,"F",1,162500,799
1551891,6,0,1,8,0,"F",1,187500,800
1552409,6,0,0,4,0,"M",1,137500,801
1552458,6,1,1,6,1,"F",1,62500,802
1552507,6,0,0,4,0,"F",1,137500,803
1552803,6,1,1,7,2,"F",1,225000,804
1552831,6,0,0,2,1,"M",1,112500,805
1553098,6,0,1,6,1,"F",1,87500,806
1553185,6,0,1,6,0,"F",1,187500,807
1553615,6,0,0,6,0,"F",1,187500,808
1553840,6,1,1,7,4,"M",1,20000,809
1553857,6,0,0,2.21875,0,"M",1,87500,810
1553951,6,0,1,7,0,"F",1,225000,811
1554033,6,0,0,2,0,"F",1,62500,812
1554034,6,1,1,3,2,"F",1,162500,813
1554062,6,0,0,1,0,"F",1,87500,814
1554533,6,0,1,6,0,"F",1,62500,815
1554853,6,0,0,1,0,"M",1,42500,816
1554983,6,2,0,2,2,"M",1,87500,817
1555310,6,0,1,4,0,"F",1,187500,818
1555529,6,1,1,5,1,"M",1,225000,819
1555776,6,0,0,3,1,"F",1,20000,820
1555876,6,0,0,2,0,"F",0,112500,821
1556592,6,2,0,4,2,"F",1,62500,822
1556634,6,0,0,4,0,"M",0,87500,823
1556652,6,0,1,6,1,"F",1,42500,824
1557407,6,0,0,1,0,"F",1,162500,825
1557751,6,0,1,5,0,"F",1,162500,826
1558181,6,0,1,6,0,"F",0,62500,827
1558593,6,0,1,6,0,"F",1,137500,828
1559861,6,0,1,4,0,"F",0,20000,829
1560624,6,0,1,4,0,"F",1,62500,830
1561366,6,0,1,5,2,"F",1,62500,831
1561573,6,0,0,2,0,"F",1,137500,832
1563321,6,0,0,4,0,"F",1,187500,833
1563505,6,1,0,2,1,"M",0,62500,834
1563807,6,0,1,7,0,"F",0,112500,835
1564353,6,1,1,6,1,"F",1,137500,836
1564381,6,0,1,4,0,"F",1,42500,837
1564432,6,0,1,5,1,"F",1,20000,838
1564440,6,0,1,4,0,"F",1,62500,839
1564588,6,0,0,2.78723406791687,0,"F",1,162500,840
1565437,6,0,1,7,0,"F",1,87500,841
1565459,6,0,1,6,2,"F",1,162500,842
1565552,6,0,0,4,0,"F",1,187500,843
1565565,6,0,1,4,0,"M",0,112500,844
1565621,6,0,1,3,0,"F",1,42500,845
1566766,6,0,1,6,0,"F",1,62500,846
1566910,6,0,0,3.34313726425171,0,"M",0,42500,847
1567216,6,0,1,4,1,"F",1,112500,848
1567225,6,0,1,7,0,"F",1,42500,849
1567585,6,0,0,5,1,"M",0,87500,850
1568736,6,0,0,3,0,"F",1,137500,851
1569143,6,0,1,7,0,"F",1,87500,852
1569250,6,1,0,5,2,"M",0,7500,853
1570352,6,0,0,2,0,"F",1,62500,854
1570791,6,0,0,3,0,"F",1,112500,855
1571168,6,1,0,3,1,"F",1,42500,856
1571704,6,0,1,6,1,"F",1,42500,857
1572013,6,0,1,5,0,"F",1,87500,858
1572475,6,0,1,6,0,"F",1,87500,859
1572791,6,0,0,2,0,"F",0,137500,860
1572826,6,1,1,7,1,"F",1,87500,861
1572876,6,0,0,2,0,"M",0,20000,862
1573368,6,0,0,5,1,"M",0,62500,863
1573406,6,0,0,2,0,"F",1,87500,864
1573782,6,0,0,2,0,"F",1,112500,865
1573961,6,1,1,6,3,"M",1,62500,866
1574217,6,0,0,5,1,"M",1,187500,867
1574944,6,0,1,7,0,"F",1,87500,868
1575622,6,1,1,6,1,"F",1,137500,869
1575638,6,0,1,7,0,"F",1,87500,870
1575664,6,0,0,2,0,"F",0,20000,871
1576304,6,0,1,6,1,"M",1,250000,872
1576669,6,1,1,5,2,"F",1,112500,873
1576876,6,0,0,1,0,"F",1,137500,874
1576998,6,0,0,1,0,"F",1,250000,875
1577505,6,1,0,4,2,"M",0,20000,876
1577931,6,0,1,6,3,"F",0,112500,877
1580292,6,2,1,7,3,"F",1,250000,878
1580324,6,0,1,7,0,"M",1,87500,879
1580380,6,3,1,7,5,"F",1,187500,880
1580422,6,0,1,1,0,"M",1,225000,881
1580699,6,0,0,3,0,"M",1,30000,882
1581113,6,0,1,6,1,"F",0,112500,883
1581720,6,0,0,3.93396234512329,0,"F",1,250000,884
1582050,6,1,0,5,2,"F",1,137500,885
1582294,6,0,0,2,1,"F",1,250000,886
1582445,6,0,0,2,0,"F",1,137500,887
1582970,6,0,0,1,1,"F",1,187500,888
1583212,6,0,0,3,0,"F",1,250000,889
1583903,6,0,1,6,0,"F",1,250000,890
1583918,6,0,0,5,0,"F",0,162500,891
1584353,6,0,1,7,4,"F",0,87500,892
1584557,6,0,0,2,0,"F",1,62500,893
1584736,6,0,1,7,2,"F",0,87500,894
1584822,6,0,1,7,0,"F",1,62500,895
1585152,6,2,1,5,2,"F",1,30000,896
1586387,6,0,1,7,0,"F",1,187500,897
1586988,6,0,1,3,0,"F",1,87500,898
1587401,6,1,1,7,1,"F",1,87500,899
1587615,6,1,0,4,1,"F",1,30000,900
1587812,6,0,0,3,0,"F",1,225000,901
1588035,6,0,0,1,1,"F",1,112500,902
1588596,6,0,0,5,1,"M",1,137500,903
1588827,6,1,0,1,1,"M",1,137500,904
1588865,6,0,0,2,1,"M",1,112500,905
1589682,6,0,1,8,0,"F",1,250000,906
1589774,6,0,0,2,0,"M",1,62500,907
1590492,6,0,1,6,0,"M",1,250000,908
1590674,6,0,1,7,0,"F",1,20000,909
1590711,6,0,1,7,1,"F",1,187500,910
1590921,6,0,1,7,2,"F",1,250000,911
1590969,6,0,1,5,0,"F",0,42500,912
1591056,6,0,0,2.09876537322998,0,"F",1,225000,913
1591165,6,0,0,1,1,"F",1,250000,914
1591251,6,0,1,6,1,"F",0,87500,915
1591366,6,0,1,6,0,"M",1,250000,916
1591670,6,0,0,4,0,"M",1,137500,917
1591722,6,0,0,2,0,"F",0,62500,918
1591917,6,1,1,4,1,"F",1,187500,919
1591990,6,0,0,2.26373624801636,0,"M",0,42500,920
1592216,6,0,1,7,0,"F",1,62500,921
1592278,6,1,0,4,1,"F",1,187500,922
1592293,6,0,1,5,5,"F",1,112500,923
1592707,6,0,1,7,1,"F",1,250000,924
1592744,6,0,1,5,1,"F",0,112500,925
1592908,6,0,1,5,0,"F",1,87500,926
1593038,6,1,1,6,2,"F",1,112500,927
1593301,6,3,0,4,4,"M",1,62500,928
1593487,6,0,1,7,1,"M",1,87500,929
1593651,6,0,0,2,0,"F",1,42500,930
1593813,6,0,1,6,0,"F",0,20000,931
1594152,6,0,1,5,0,"F",1,87500,932
1594307,6,0,0,4,2,"F",0,87500,933
1594407,6,1,1,5,1,"F",1,187500,934
1594775,6,0,1,7,1,"F",1,42500,935
1596452,6,0,0,2,1,"F",1,112500,936
1596829,6,0,0,4,0,"M",1,112500,937
1597491,6,0,0,2,0,"F",1,42500,938
1598463,6,0,1,6,1,"F",1,62500,939
1598633,6,0,1,6,0,"F",1,112500,940
1598919,6,0,0,1,0,"F",0,62500,941
1599722,6,1,1,5,1,"M",1,42500,942
1599748,6,0,1,6,0,"F",0,7500,943
1601262,6,0,1,4,2,"F",1,62500,944
1601710,6,0,0,2,0,"F",1,87500,945
1601726,6,1,1,7,1,"F",1,87500,946
1602013,6,0,0,1,0,"F",0,42500,947
1602093,6,0,0,1,0,"M",1,42500,948
1602541,6,0,0,2,0,"M",1,112500,949
1603217,6,0,1,7,0,"F",1,62500,950
1603225,6,0,1,6,0,"F",0,225000,951
1603429,6,0,1,6,0,"F",1,62500,952
1604015,6,0,0,3,0,"F",1,62500,953
1604126,6,0,0,4,0,"F",1,112500,954
1604128,6,0,0,4,0,"F",0,187500,955
1604268,6,0,0,2.06578946113586,0,"F",1,62500,956
1604528,6,0,1,4,0,"F",1,112500,957
1605044,6,0,1,7,1,"F",1,225000,958
1605048,6,0,0,1,0,"F",1,187500,959
1605961,6,1,0,5,2,"F",0,112500,960
1608086,6,0,1,4,0,"F",0,112500,961
1608536,6,0,1,5,0,"M",1,87500,962
1608611,6,0,1,4,0,"F",1,62500,963
1608612,6,0,1,8,1,"F",0,20000,964
1608644,6,0,0,5,0,"F",0,250000,965
1609138,6,0,0,1,0,"F",1,112500,966
1609335,6,1,0,4,2,"F",1,87500,967
1609688,6,0,1,4,0,"F",0,42500,968
1609694,6,0,0,4,0,"M",1,42500,969
1609742,6,0,1,7,1,"F",1,20000,970
1610234,6,0,1,6,1,"F",1,42500,971
1610404,6,1,0,6,1,"M",0,62500,972
1611512,6,0,0,1,0,"F",1,30000,973
1611563,6,0,0,4,0,"F",1,250000,974
1612208,6,1,1,6,2,"M",1,187500,975
1612444,6,0,0,5,0,"F",1,250000,976
1612702,6,0,0,3,2,"F",1,137500,977
1612863,6,0,1,3,0,"F",0,42500,978
1612987,6,1,1,7,3,"F",0,187500,979
1613295,6,1,1,8,2,"F",1,7500,980
1613630,6,0,0,2,0,"F",1,137500,981
1613669,6,0,0,4.62376260757446,0,"F",1,225000,982
1613754,6,0,0,4.20952367782593,0,"F",1,250000,983
1613787,6,0,1,6,1,"M",1,187500,984
1614408,6,0,1,5,0,"F",1,225000,985
1614896,6,1,1,4,1,"F",0,112500,986
1614950,6,1,1,5,3,"F",1,62500,987
1614982,6,0,1,6,0,"M",0,62500,988
1615046,6,0,0,2,0,"F",0,42500,989
1615126,6,0,0,2.67307686805725,0,"M",1,112500,990
1616126,6,0,0,2.47368431091309,0,"F",1,112500,991
1616413,6,0,0,2,0,"F",1,42500,992
1617245,6,1,1,5,5,"F",0,30000,993
1617490,6,1,0,3,2,"F",1,187500,994
1617675,6,2,1,7,3,"F",0,87500,995
1617709,6,0,0,1,0,"F",1,62500,996
1618855,6,0,0,2,0,"F",0,62500,997
1619223,6,0,0,4,0,"F",1,20000,998
1620927,6,0,0,5,1,"M",0,112500,999
1620942,6,0,1,6,0,"F",1,20000,1000
117514,7,1,0,6,4,"F",0,42500,1
287398,7,0,0,2,0,"F",0,42500,2
469734,7,0,0,7,1,"F",1,250000,3
1054974,7,0,0,6,1,"F",1,137500,4
1060246,7,0,0,7,2,"F",1,62500,5
1061355,7,0,0,5,1,"F",1,87500,6
1061649,7,0,0,4,1,"M",1,225000,7
1062171,7,0,0,7,0,"F",1,250000,8
1063617,7,0,1,6,0,"F",1,250000,9
1068288,7,0,0,8,2,"F",0,30000,10
1071414,7,0,0,5,0,"F",1,62500,11
1077480,7,0,0,2.8297872543335,0,"F",0,62500,12
1081075,7,0,0,6,0,"F",1,250000,13
1081928,7,0,0,5,1,"F",1,62500,14
1082351,7,0,0,3,1,"F",0,30000,15
1087152,7,0,0,6,1,"F",1,187500,16
1089142,7,0,0,5,1,"F",1,87500,17
1091840,7,0,0,6,0,"F",1,30000,18
1094021,7,0,0,2,0,"F",1,87500,19
1094281,7,0,0,1,0,"F",1,62500,20
1100417,7,0,0,4,1,"F",1,62500,21
1100757,7,0,0,2,0,"F",0,112500,22
1102828,7,0,0,6,1,"F",0,62500,23
1103923,7,0,0,3,0,"F",1,225000,24
1107037,7,0,0,6,0,"F",1,112500,25
1108749,7,0,0,6,1,"F",0,87500,26
1108764,7,0,0,3,0,"F",0,62500,27
1111628,7,0,0,6,0,"F",1,137500,28
1111718,7,0,0,6,0,"F",1,112500,29
1114150,7,0,0,3,0,"F",0,30000,30
1117270,7,0,0,2,0,"M",1,20000,31
1120531,7,0,0,4,0,"F",1,62500,32
1122158,7,0,0,5,0,"F",0,62500,33
1128451,7,0,0,8,0,"F",1,42500,34
1136393,7,0,0,4,0,"F",0,112500,35
1136784,7,0,0,6,0,"M",0,225000,36
1139371,7,0,0,2,0,"F",0,42500,37
1139886,7,0,0,5,0,"F",1,112500,38
1144195,7,0,0,6,0,"M",1,250000,39
1144979,7,0,0,8,0,"F",1,112500,40
1145339,7,0,0,7,1,"F",1,62500,41
1145483,7,0,0,2,0,"F",0,7500,42
1146117,7,0,0,2,0,"M",0,87500,43
1147315,7,0,0,6,1,"F",1,187500,44
1148446,7,0,0,7,0,"F",0,20000,45
1149897,7,0,0,3,0,"M",0,30000,46
1149964,7,0,0,5,0,"F",1,42500,47
1150751,7,1,0,5,1,"M",0,7500,48
1150797,7,0,0,6,0,"F",1,162500,49
1151559,7,0,0,7,0,"F",1,112500,50
1151769,7,0,1,6,1,"F",0,112500,51
1152166,7,0,0,5,2,"M",1,137500,52
1152366,7,0,0,1,0,"F",1,87500,53
1153528,7,0,0,6,0,"M",1,62500,54
1153766,7,0,0,6,0,"F",1,162500,55
1155123,7,0,0,1,0,"F",1,112500,56
1156205,7,0,0,7,2,"F",0,112500,57
1156827,7,0,0,6,0,"F",0,7500,58
1157198,7,0,0,5,0,"F",1,20000,59
1165832,7,0,0,6,0,"F",0,62500,60
1166157,7,1,0,11,2,"F",0,137500,61
1167911,7,1,0,7,2,"F",1,87500,62
1168134,7,0,0,6,0,"F",0,162500,63
1168271,7,0,0,6,1,"F",1,112500,64
1171923,7,0,0,3,0,"F",0,62500,65
1172112,7,0,0,5,0,"F",0,20000,66
1174038,7,0,0,1,1,"M",1,112500,67
1174562,7,0,0,6,1,"F",1,62500,68
1174985,7,0,0,8,0,"F",1,62500,69
1176048,7,0,0,5,0,"F",1,62500,70
1179432,7,0,0,5,0,"F",1,87500,71
1179878,7,0,0,1,0,"M",1,62500,72
1180407,7,0,0,6,0,"F",0,62500,73
1180590,7,0,0,7,1,"F",0,112500,74
1180640,7,0,0,4,0,"F",1,62500,75
1181283,7,0,0,4,1,"F",1,62500,76
1181372,7,0,0,3,1,"M",1,62500,77
1181576,7,0,0,3,0,"F",1,87500,78
1182877,7,0,0,3,2,"M",1,62500,79
1184139,7,0,0,7,1,"F",1,20000,80
1184169,7,0,0,8,1,"F",1,112500,81
1184297,7,0,0,6,0,"M",1,112500,82
1184913,7,0,0,6,1,"F",1,87500,83
1185813,7,0,0,2,0,"M",1,87500,84
1185876,7,0,0,1.11764705181122,0,"F",1,137500,85
1186126,7,0,0,5,0,"F",1,62500,86
1187131,7,0,0,1,0,"M",0,42500,87
1187232,7,0,0,6,0,"F",0,62500,88
1187420,7,0,0,7,1,"F",1,87500,89
1187873,7,2,0,5,2,"M",1,112500,90
1187978,7,0,0,4,0,"F",1,62500,91
1188069,7,0,0,5,0,"F",1,162500,92
1188761,7,0,0,6,1,"F",1,162500,93
1188833,7,0,0,7,0,"F",1,62500,94
1189258,7,0,0,5,0,"F",1,225000,95
1189412,7,0,0,2,1,"F",1,20000,96
1189715,7,0,0,2,0,"M",1,162500,97
1189764,7,0,0,2,0,"F",1,137500,98
1190134,7,0,0,7,1,"F",0,20000,99
1190711,7,0,0,7,1,"F",1,162500,100
1191253,7,0,0,6,0,"F",0,62500,101
1191595,7,0,0,5,0,"F",1,62500,102
1191968,7,0,0,1,0,"F",1,112500,103
1192704,7,0,0,6,1,"F",1,62500,104
1192874,7,0,0,5,0,"F",1,62500,105
1193114,7,0,0,6,1,"F",1,162500,106
1193232,7,0,0,1,0,"M",1,112500,107
1193743,7,0,0,7,0,"F",1,20000,108
1193751,7,1,0,3,1,"F",0,42500,109
1193787,7,0,0,6,1,"F",1,62500,110
1194121,7,0,0,6,1,"F",0,42500,111
1194319,7,0,0,7,2,"F",0,62500,112
1194477,7,0,0,9,1,"F",1,112500,113
1195243,7,0,0,8,1,"F",1,62500,114
1195315,7,0,0,5,0,"M",1,112500,115
1195629,7,0,0,6,0,"M",1,62500,116
1196370,7,0,0,7,0,"F",0,137500,117
1196373,7,0,0,4,0,"F",1,87500,118
1196532,7,0,0,8,3,"F",1,112500,119
1196672,7,1,0,5,2,"F",0,62500,120
1196715,7,0,0,6,0,"F",1,62500,121
1196867,7,0,0,7,0,"F",1,62500,122
1197628,7,0,0,2,0,"M",0,137500,123
1198131,7,0,0,3,1,"F",0,42500,124
1198229,7,0,0,7,1,"F",1,62500,125
1198340,7,0,0,2.20731711387634,0,"F",1,112500,126
1198656,7,0,0,1,0,"F",0,42500,127
1198936,7,1,0,6,1,"M",0,162500,128
1199872,7,0,0,7,0,"F",0,87500,129
1202556,7,0,0,7,0,"F",1,62500,130
1204291,7,0,0,2,0,"F",0,20000,131
1204517,7,1,0,8,3,"F",1,62500,132
1204703,7,0,0,5,0,"F",0,87500,133
1205899,7,0,0,4,0,"F",1,162500,134
1207119,7,0,0,4,0,"F",1,62500,135
1208107,7,0,0,1,0,"F",1,112500,136
1208888,7,0,0,1,0,"F",0,20000,137
1209486,7,0,0,6,0,"F",1,62500,138
1209955,7,0,0,2,1,"M",1,225000,139
1210800,7,0,0,7,1,"F",1,250000,140
1211027,7,0,0,5,0,"F",1,112500,141
1211068,7,0,0,8,1,"F",0,250000,142
1211288,7,0,0,7,1,"F",0,7500,143
1211807,7,0,0,1,0,"F",1,42500,144
1212464,7,0,0,6,2,"F",0,42500,145
1213078,7,0,0,6,0,"F",1,250000,146
1213693,7,0,0,7,1,"F",1,162500,147
1216811,7,0,0,5,1,"F",1,162500,148
1217376,7,1,0,8,1,"F",1,137500,149
1217401,7,0,0,7,0,"F",0,62500,150
1221162,7,0,0,4,1,"F",1,62500,151
1222034,7,0,0,7,0,"M",1,87500,152
1222561,7,0,0,3,0,"F",1,62500,153
1224353,7,0,0,6,0,"F",1,87500,154
1224379,7,0,0,5,0,"F",1,162500,155
1225029,7,0,0,4,0,"F",1,62500,156
1225288,7,0,0,4,0,"F",1,112500,157
1225581,7,0,0,4,0,"F",1,30000,158
1226932,7,1,0,5,1,"F",1,87500,159
1226943,7,0,0,7,0,"F",1,162500,160
1227191,7,0,0,6,0,"F",1,112500,161
1227743,7,0,0,9,1,"F",0,62500,162
1228628,7,0,0,2,0,"F",1,62500,163
1228793,7,0,0,7,0,"F",0,87500,164
1229147,7,1,0,6,1,"F",1,87500,165
1229564,7,0,0,6,1,"F",1,62500,166
1229612,7,0,0,6,0,"M",1,187500,167
1229771,7,1,0,11,1,"F",1,87500,168
1229884,7,0,0,5,0,"F",1,112500,169
1230105,7,0,0,7,1,"F",1,137500,170
1230445,7,0,0,3,1,"F",1,62500,171
1230648,7,0,0,7,1,"F",1,87500,172
1230860,7,0,0,3,0,"F",1,62500,173
1231637,7,0,0,3,0,"F",1,112500,174
1233436,7,0,0,6,0,"F",0,162500,175
1233553,7,0,0,7,0,"F",1,112500,176
1234916,7,0,0,7,0,"M",1,62500,177
1237257,7,0,0,6,1,"F",1,62500,178
1237667,7,0,0,6,0,"F",1,87500,179
1238108,7,0,0,4,1,"F",1,42500,180
1238707,7,0,0,3,0,"F",1,62500,181
1238904,7,0,0,5,0,"M",1,87500,182
1239286,7,0,0,2,0,"F",1,250000,183
1239623,7,0,0,6,2,"F",0,42500,184
1239849,7,0,0,6,0,"F",1,112500,185
1239936,7,0,0,1,1,"F",0,7500,186
1240102,7,0,0,2,0,"F",0,62500,187
1241439,7,0,0,2,0,"F",1,112500,188
1241595,7,1,0,4,1,"F",1,62500,189
1241711,7,0,0,7,2,"F",1,87500,190
1242022,7,0,0,3,0,"F",1,62500,191
1242223,7,0,0,5,0,"M",1,137500,192
1242542,7,0,0,1,0,"M",1,137500,193
1243937,7,0,0,8,1,"F",1,87500,194
1244277,7,0,0,3,0,"F",0,112500,195
1245286,7,0,0,3,0,"F",1,62500,196
1246704,7,0,0,6,0,"F",1,87500,197
1247392,7,0,0,5,0,"F",1,87500,198
1248826,7,0,0,7,4,"F",1,87500,199
1249794,7,1,0,4,1,"F",0,137500,200
1250074,7,0,0,6,0,"F",0,87500,201
1250242,7,0,0,5,0,"F",0,250000,202
1250577,7,0,0,6,0,"F",1,62500,203
1250585,7,0,0,6,3,"F",1,187500,204
1250879,7,0,0,5,0,"F",1,137500,205
1250899,7,0,0,4,0,"M",1,112500,206
1251138,7,0,0,7,0,"M",1,137500,207
1251550,7,0,0,6,0,"F",1,62500,208
1251623,7,0,0,2,3,"F",1,7500,209
1251804,7,0,0,5,0,"F",0,137500,210
1251816,7,0,0,6,0,"F",1,137500,211
1252257,7,0,0,7,2,"F",0,87500,212
1252297,7,0,0,5,0,"M",1,62500,213
1252403,7,0,0,6,0,"M",1,62500,214
1252534,7,0,0,6,0,"F",1,187500,215
1252759,7,0,0,6,0,"F",1,137500,216
1252878,7,0,0,7,0,"F",1,137500,217
1254168,7,0,0,6,0,"F",1,62500,218
1254684,7,0,0,8,1,"M",1,112500,219
1258925,7,0,0,6,0,"F",1,42500,220
1259640,7,0,0,6,0,"M",1,87500,221
1259672,7,0,0,6,0,"F",1,62500,222
1259740,7,0,0,6,0,"F",1,30000,223
1262332,7,0,0,6,0,"F",1,87500,224
1262373,7,0,0,6,0,"F",1,250000,225
1262926,7,0,0,5,0,"F",1,62500,226
1263058,7,0,0,4,0,"F",0,137500,227
1263919,7,0,0,4,1,"M",0,30000,228
1264065,7,0,0,6,0,"F",1,187500,229
1264317,7,0,0,6,1,"F",1,187500,230
1264505,7,0,0,4,0,"F",1,87500,231
1264703,7,0,0,6,0,"F",0,30000,232
1265443,7,0,0,6,0,"F",0,20000,233
1265755,7,0,0,6,0,"F",1,112500,234
1265835,7,0,0,4,0,"F",1,112500,235
1265892,7,0,0,4,0,"F",0,187500,236
1266201,7,0,0,2,1,"F",1,187500,237
1268413,7,0,0,5,1,"F",1,62500,238
1269756,7,0,0,6,0,"F",1,62500,239
1269824,7,0,0,3,0,"M",0,30000,240
1273931,7,0,0,8,1,"F",1,20000,241
1275308,7,0,0,5,0,"M",1,87500,242
1275698,7,1,0,3,3,"F",1,87500,243
1275888,7,0,0,2,0,"F",1,137500,244
1276784,7,0,0,3,1,"F",0,20000,245
1277335,7,0,0,4,0,"F",1,42500,246
1279299,7,0,0,3,0,"M",1,87500,247
1279847,7,0,0,5,0,"F",1,42500,248
1280469,7,0,0,5,0,"F",0,7500,249
1281674,7,0,0,6,0,"F",0,137500,250
1285561,7,0,0,7,0,"F",1,250000,251
1286058,7,0,0,7,1,"F",1,250000,252
1286676,7,0,0,6,0,"M",1,225000,253
1287337,7,1,0,6,2,"F",0,62500,254
1288054,7,0,0,8,0,"F",1,42500,255
1288246,7,0,0,2,0,"F",0,62500,256
1288502,7,0,0,6,5,"M",0,137500,257
1288666,7,0,0,7,0,"F",1,62500,258
1288675,7,0,0,3,0,"F",1,20000,259
1288774,7,1,0,6,1,"F",1,187500,260
1288902,7,0,0,7,0,"F",1,87500,261
1289229,7,0,0,1,0,"F",0,112500,262
1290077,7,0,0,4,1,"F",1,87500,263
1290515,7,0,0,3,0,"F",0,87500,264
1290723,7,0,0,7,0,"F",0,30000,265
1291318,7,0,0,1,0,"F",1,42500,266
1291608,7,0,0,6,1,"F",0,30000,267
1292847,7,1,0,14,2,"F",1,42500,268
1293296,7,0,0,7,0,"F",1,30000,269
1293595,7,0,0,6,1,"F",1,62500,270
1293939,7,0,0,8,0,"F",1,250000,271
1294157,7,0,0,6,2,"F",1,62500,272
1294200,7,0,0,6,0,"F",1,62500,273
1294399,7,0,0,4,0,"F",0,30000,274
1294837,7,0,0,8,0,"F",0,62500,275
1297008,7,0,0,4,0,"F",0,7500,276
1297323,7,0,0,4,0,"F",0,7500,277
1297452,7,1,0,7,2,"M",1,87500,278
1297615,7,0,0,4,1,"F",0,20000,279
1297678,7,0,0,3,0,"M",1,62500,280
1298036,7,0,0,6,0,"F",0,7500,281
1298136,7,0,0,6,0,"M",0,30000,282
1298614,7,0,0,7,0,"F",1,62500,283
1300363,7,0,0,3,0,"M",1,42500,284
1300457,7,0,0,1,1,"M",1,42500,285
1301237,7,0,0,2,0,"F",1,20000,286
1301332,7,0,0,7,1,"M",1,42500,287
1301620,7,0,0,4,0,"F",1,87500,288
1302173,7,0,0,6,0,"F",1,225000,289
1302216,7,0,0,3,0,"F",1,62500,290
1302375,7,0,0,6,0,"F",1,87500,291
1303092,7,0,0,6,0,"F",1,62500,292
1303908,7,0,0,6,0,"M",1,87500,293
1304518,7,0,0,6,0,"F",1,87500,294
1304751,7,0,0,6,0,"F",0,30000,295
1306505,7,0,0,6,1,"F",0,62500,296
1307675,7,0,0,9,0,"F",1,62500,297
1307821,7,0,0,6,0,"M",1,42500,298
1310138,7,0,0,5,1,"F",1,62500,299
1310269,7,0,0,7,1,"F",0,112500,300
1311143,7,0,0,4,0,"M",0,62500,301
1311172,7,0,0,4,0,"M",1,137500,302
1311388,7,0,0,7,1,"M",0,20000,303
1312227,7,0,0,5,0,"F",0,62500,304
1313291,7,0,0,1,1,"F",1,162500,305
1313396,7,1,0,11,2,"F",0,30000,306
1313735,7,0,0,6,0,"F",1,20000,307
1313856,7,0,0,9,0,"F",0,20000,308
1314520,7,0,0,6,0,"F",1,62500,309
1314682,7,0,0,2,0,"F",0,20000,310
1314969,7,0,0,5,0,"F",0,87500,311
1315946,7,0,0,5,0,"F",0,62500,312
1317054,7,0,0,7,1,"F",0,7500,313
1317356,7,0,0,4,0,"F",1,62500,314
1318696,7,0,0,7,0,"F",0,62500,315
1318996,7,0,0,6,1,"F",1,62500,316
1319548,7,0,0,4,0,"F",0,20000,317
1319613,7,0,0,10,3,"F",0,137500,318
1319738,7,0,0,4,0,"F",1,137500,319
1320734,7,0,0,7,1,"F",1,20000,320
1320750,7,0,0,6,1,"F",0,7500,321
1322205,7,0,0,8,0,"F",1,62500,322
1322235,7,0,0,6,1,"F",0,62500,323
1322521,7,0,0,5,0,"M",1,42500,324
1322942,7,0,0,6,0,"F",1,87500,325
1323304,7,1,0,8,5,"F",1,162500,326
1323359,7,0,0,9,2,"M",0,187500,327
1323491,7,0,0,5,0,"F",1,250000,328
1323698,7,0,0,4,0,"M",0,250000,329
1323962,7,0,0,5,0,"M",1,62500,330
1324251,7,0,0,5,0,"F",0,20000,331
1324843,7,0,0,6,0,"F",1,87500,332
1325556,7,0,0,2,0,"F",0,20000,333
1327146,7,0,0,6,0,"F",1,162500,334
1328158,7,0,0,4,1,"F",1,62500,335
1328623,7,1,0,7,1,"M",1,30000,336
1328832,7,0,0,4,0,"F",1,187500,337
1329574,7,0,0,6,1,"F",0,42500,338
1330046,7,0,0,5,1,"F",1,112500,339
1330272,7,0,0,6,0,"F",1,137500,340
1330497,7,0,0,5,0,"F",1,162500,341
1331244,7,0,0,8,0,"F",0,30000,342
1331261,7,0,0,5,0,"F",0,7500,343
1331950,7,0,0,6,0,"F",1,62500,344
1333858,7,0,0,6,0,"F",1,112500,345
1335680,7,0,0,3,0,"F",1,62500,346
1335920,7,0,0,8,0,"F",1,42500,347
1335980,7,0,0,5,0,"F",0,20000,348
1336426,7,0,0,5,0,"F",0,20000,349
1336946,7,0,0,5,1,"M",1,20000,350
1338200,7,0,0,4,1,"F",1,162500,351
1338378,7,0,0,10,0,"F",1,225000,352
1339574,7,0,0,5,0,"F",1,42500,353
1339822,7,0,0,6,0,"F",1,112500,354
1340176,7,1,0,6,1,"M",1,42500,355
1340267,7,0,0,6,0,"F",0,42500,356
1341891,7,0,0,5,0,"F",0,62500,357
1342799,7,1,0,5,2,"F",0,62500,358
1343216,7,0,0,3,0,"F",0,187500,359
1344265,7,0,0,3,0,"F",0,87500,360
1344499,7,0,0,6,1,"F",1,87500,361
1344614,7,0,0,8,5,"M",1,225000,362
1345984,7,1,0,9,2,"F",1,112500,363
1346234,7,0,0,3,0,"F",0,162500,364
1347945,7,0,0,7,0,"F",0,112500,365
1348467,7,0,0,8,0,"F",0,87500,366
1348663,7,3,0,8,4,"F",1,62500,367
1348726,7,0,0,5,0,"F",1,62500,368
1349285,7,0,0,7,1,"F",0,42500,369
1349428,7,0,0,6,0,"F",1,87500,370
1349951,7,0,0,4,0,"F",1,20000,371
1350291,7,0,0,6,0,"M",1,87500,372
1350434,7,0,0,5,1,"F",1,162500,373
1351173,7,0,0,3,0,"F",0,87500,374
1351468,7,0,0,6,0,"F",1,7500,375
1351509,7,0,0,1,0,"F",1,62500,376
1351586,7,0,0,6,0,"F",1,162500,377
1351796,7,0,0,6,2,"F",1,7500,378
1352046,7,0,0,3,0,"F",1,87500,379
1352301,7,0,0,3,1,"F",1,42500,380
1352756,7,0,0,6,0,"F",1,62500,381
1352986,7,0,0,7,0,"F",1,42500,382
1353809,7,1,0,9,2,"F",1,112500,383
1353961,7,1,0,7,1,"F",0,20000,384
1354452,7,1,0,7,1,"F",1,62500,385
1354598,7,0,0,5,0,"F",0,42500,386
1354602,7,0,0,7,0,"M",1,62500,387
1354673,7,0,0,7,1,"F",0,7500,388
1355604,7,0,0,3,0,"M",1,7500,389
1356206,7,0,0,6,0,"F",1,62500,390
1358021,7,0,0,6,0,"F",1,112500,391
1358933,7,0,0,7,0,"F",0,112500,392
1361465,7,0,0,5,0,"F",0,137500,393
1362107,7,0,0,1,0,"M",1,162500,394
1363023,7,1,0,5,1,"F",1,30000,395
1363370,7,0,0,4,0,"M",1,62500,396
1364059,7,0,0,9,3,"M",1,112500,397
1366217,7,0,0,3,0,"M",0,112500,398
1366244,7,0,0,6,1,"F",0,112500,399
1367411,7,1,0,5,1,"F",1,20000,400
1367420,7,0,0,13,0,"F",1,162500,401
1368140,7,0,0,8,0,"F",1,62500,402
1368385,7,0,0,5,0,"M",1,162500,403
1369918,7,0,0,5,0,"F",1,87500,404
1372221,7,0,0,1,0,"F",1,7500,405
1372333,7,0,0,4,0,"F",1,62500,406
1374105,7,0,0,4,0,"F",0,7500,407
1374132,7,0,0,5,0,"M",1,62500,408
1374680,7,0,0,4,0,"F",1,62500,409
1375113,7,0,0,3,0,"F",1,87500,410
1376245,7,0,0,2,0,"F",0,62500,411
1377492,7,1,0,6,1,"F",1,137500,412
1377719,7,0,0,2,0,"F",1,137500,413
1378071,7,0,0,8,1,"F",0,62500,414
1378409,7,0,0,7,1,"F",1,62500,415
1380721,7,0,0,2,1,"F",1,42500,416
1381136,7,0,0,4,0,"F",1,62500,417
1381384,7,0,0,6,0,"F",1,162500,418
1381552,7,0,0,5,0,"M",1,87500,419
1381639,7,0,0,7,0,"F",1,225000,420
1381711,7,0,0,6,0,"F",1,87500,421
1382137,7,0,0,5,0,"F",1,112500,422
1382624,7,0,0,6,1,"F",1,62500,423
1382975,7,0,0,8,0,"F",1,112500,424
1384230,7,0,0,6,0,"F",1,137500,425
1384341,7,0,0,6,0,"F",0,137500,426
1385468,7,0,0,3,1,"F",1,250000,427
1385831,7,0,0,6,1,"F",1,42500,428
1386066,7,0,0,4,0,"F",1,112500,429
1386120,7,0,0,6,0,"F",1,42500,430
1387428,7,0,0,7,0,"F",0,62500,431
1387588,7,0,0,7,1,"F",1,42500,432
1388210,7,0,0,4,1,"M",1,62500,433
1388355,7,0,0,2,0,"F",1,62500,434
1388513,7,0,0,5,0,"F",1,162500,435
1388833,7,0,0,6,0,"F",0,42500,436
1389030,7,0,0,6,0,"F",1,62500,437
1389384,7,1,0,6,1,"F",0,42500,438
1389406,7,1,0,6,1,"F",1,87500,439
1389477,7,0,0,7,0,"F",1,62500,440
1390351,7,0,0,7,2,"M",1,162500,441
1392387,7,0,0,6,0,"F",0,87500,442
1393255,7,0,0,5,0,"F",1,87500,443
1393466,7,0,0,3,0,"M",1,87500,444
1393929,7,0,0,7,0,"F",1,225000,445
1394027,7,0,0,3,0,"F",1,162500,446
1395064,7,2,0,6,3,"F",1,162500,447
1395309,7,0,0,6,0,"F",0,42500,448
1395394,7,1,0,7,4,"F",0,7500,449
1396474,7,0,0,1,0,"F",1,62500,450
1396597,7,0,0,3,1,"F",1,87500,451
1396618,7,0,0,7,0,"F",1,87500,452
1396830,7,0,0,6,0,"F",1,87500,453
1397814,7,0,0,5,0,"M",1,137500,454
1398493,7,0,0,2,0,"F",1,87500,455
1398606,7,0,0,3,0,"M",1,20000,456
1399233,7,2,0,5,2,"F",0,42500,457
1399269,7,0,0,6,0,"F",1,62500,458
1399329,7,0,0,7,2,"F",1,112500,459
1401246,7,0,0,3,0,"F",1,42500,460
1401458,7,0,0,4,0,"F",1,62500,461
1403021,7,0,0,5,1,"F",1,112500,462
1403631,7,0,0,6,0,"F",1,62500,463
1403972,7,0,0,7,1,"F",1,162500,464
1404355,7,0,0,6,0,"F",1,87500,465
1404418,7,0,0,5,0,"F",1,42500,466
1404842,7,0,0,2,1,"M",1,112500,467
1405544,7,0,0,7,3,"F",0,20000,468
1406907,7,0,0,6,0,"F",1,87500,469
1408575,7,0,0,4,0,"M",0,30000,470
1410385,7,0,0,7,0,"F",1,162500,471
1411418,7,0,0,2,0,"M",1,87500,472
1412397,7,0,0,5,1,"M",1,42500,473
1412511,7,0,0,1,0,"F",1,42500,474
1412646,7,0,0,8,0,"F",1,162500,475
1413182,7,0,0,6,0,"F",1,112500,476
1413837,7,1,0,5,2,"F",1,225000,477
1413925,7,0,0,6,0,"F",0,62500,478
1414361,7,0,0,1,0,"F",1,112500,479
1414857,7,0,0,6,0,"M",1,162500,480
1414873,7,0,0,5,0,"F",1,112500,481
1415098,7,1,0,7,2,"F",0,87500,482
1415320,7,0,0,6,0,"F",1,162500,483
1416429,7,0,0,6,0,"F",1,87500,484
1416731,7,0,0,3,0,"F",1,162500,485
1416940,7,0,0,6,0,"F",0,137500,486
1417159,7,0,0,3,0,"M",0,20000,487
1417523,7,0,0,2,0,"F",1,187500,488
1418358,7,0,0,6,0,"F",0,112500,489
1418818,7,0,0,6,0,"F",1,87500,490
1419071,7,0,0,6,2,"M",1,87500,491
1419406,7,0,0,6,0,"F",1,62500,492
1419467,7,0,0,5,0,"F",1,162500,493
1419627,7,0,0,7,2,"M",1,87500,494
1419833,7,0,0,6,0,"F",1,225000,495
1420095,7,0,0,4,3,"M",1,187500,496
1420139,7,0,0,6,1,"F",1,112500,497
1420150,7,0,0,5,0,"F",0,7500,498
1420458,7,0,0,6,0,"M",1,20000,499
1420461,7,0,0,6,0,"F",1,62500,500
1420462,7,0,0,7,0,"F",1,162500,501
1420478,7,0,0,4,0,"F",1,42500,502
1420505,7,0,0,2,0,"F",0,7500,503
1420957,7,0,0,2,0,"F",1,225000,504
1420990,7,1,0,7,2,"F",0,87500,505
1421112,7,0,0,4,0,"F",0,87500,506
1421265,7,0,0,9,0,"F",0,137500,507
1421359,7,0,0,3,0,"F",0,7500,508
1422155,7,0,0,7,0,"F",1,187500,509
1422249,7,0,0,1,0,"M",0,62500,510
1424297,7,0,0,2,0,"M",1,20000,511
1424626,7,0,0,7,2,"F",0,112500,512
1425960,7,0,0,4,0,"F",0,20000,513
1426165,7,0,0,7,0,"F",0,112500,514
1426230,7,0,0,4,0,"F",0,7500,515
1426266,7,0,0,6,2,"F",1,112500,516
1426799,7,0,0,4,0,"F",1,87500,517
1427258,7,0,0,6,0,"F",0,62500,518
1427579,7,0,0,3,0,"F",1,87500,519
1427915,7,0,0,3,0,"F",0,62500,520
1428277,7,0,0,8,1,"M",1,112500,521
1429936,7,0,0,6,1,"F",1,187500,522
1430214,7,0,0,7,0,"M",0,112500,523
1430754,7,0,0,3,0,"M",1,187500,524
1431104,7,0,0,4,0,"F",0,250000,525
1431118,7,0,0,3,0,"F",1,62500,526
1431340,7,0,0,5,0,"F",0,87500,527
1431513,7,0,0,6,0,"F",1,62500,528
1431697,7,0,0,3,1,"F",1,87500,529
1431949,7,0,0,7,0,"F",1,42500,530
1432387,7,0,0,6,0,"F",0,162500,531
1432724,7,0,0,6,1,"F",1,20000,532
1432840,7,0,0,7,0,"F",1,20000,533
1432998,7,0,0,3,0,"F",1,62500,534
1433194,7,1,0,7,1,"F",1,42500,535
1433587,7,0,0,5,0,"M",1,87500,536
1434275,7,0,0,8,0,"F",1,20000,537
1434712,7,0,0,1,0,"F",1,42500,538
1435022,7,0,0,2,0,"F",1,187500,539
1435557,7,0,0,1,0,"M",1,62500,540
1435794,7,0,0,6,0,"F",0,87500,541
1435996,7,0,0,5,1,"F",1,112500,542
1436928,7,0,0,4,0,"F",1,112500,543
1437747,7,0,0,5,0,"F",1,137500,544
1437857,7,0,0,7,0,"M",1,62500,545
1437869,7,0,0,7,1,"F",1,187500,546
1437899,7,0,0,6,0,"F",1,137500,547
1438760,7,0,0,6,0,"F",1,137500,548
1438884,7,0,0,7,0,"M",1,87500,549
1439629,7,0,0,7,1,"F",1,7500,550
1439689,7,0,0,3,0,"F",1,112500,551
1439713,7,0,0,6,0,"F",1,62500,552
1440356,7,0,0,2,0,"M",1,250000,553
1441053,7,0,0,5,0,"M",1,30000,554
1441466,7,0,0,7,0,"F",1,250000,555
1442287,7,1,0,8,4,"F",0,187500,556
1442704,7,0,0,7,1,"F",1,87500,557
1443687,7,0,0,6,0,"F",0,87500,558
1443964,7,0,0,5,0,"F",1,250000,559
1444485,7,2,0,7,8,"F",1,112500,560
1445100,7,0,0,7,0,"F",1,87500,561
1446288,7,1,0,8,3,"F",0,62500,562
1447092,7,0,0,3,0,"M",1,42500,563
1447298,7,0,0,5,1,"F",1,62500,564
1448763,7,0,0,3,0,"F",0,62500,565
1448901,7,0,0,3,0,"F",0,62500,566
1449431,7,0,0,3,0,"F",1,137500,567
1450170,7,0,0,5,0,"F",0,62500,568
1450180,7,0,0,3,0,"M",1,62500,569
1450746,7,1,0,7,4,"F",1,7500,570
1450805,7,0,0,3,1,"M",1,225000,571
1450890,7,0,0,6,3,"F",1,225000,572
1451275,7,0,0,3,0,"M",1,62500,573
1451865,7,0,0,5,0,"F",1,225000,574
1452879,7,2,0,8,2,"F",1,137500,575
1454110,7,0,0,6,1,"F",1,62500,576
1454343,7,1,0,7,1,"M",0,30000,577
1454425,7,0,0,5,0,"F",1,112500,578
1454661,7,0,0,6,1,"F",1,87500,579
1455466,7,2,0,6,2,"F",1,87500,580
1455615,7,0,0,3,0,"F",1,7500,581
1455721,7,0,0,3,2,"M",1,87500,582
1455906,7,0,0,6,0,"F",1,250000,583
1456029,7,1,0,5,4,"F",1,42500,584
1456155,7,0,0,6,0,"F",1,250000,585
1456186,7,0,0,6,0,"F",1,20000,586
1456531,7,1,0,6,4,"F",1,187500,587
1456609,7,0,0,3,2,"F",1,62500,588
1456628,7,0,0,6,1,"F",1,250000,589
1456919,7,0,0,3,0,"F",1,30000,590
1457625,7,0,0,6,1,"F",1,112500,591
1457777,7,2,0,6,2,"F",1,62500,592
1457830,7,0,0,4,0,"F",1,112500,593
1457984,7,0,0,6,0,"F",1,112500,594
1458214,7,0,0,5,0,"F",1,225000,595
1460277,7,0,0,4,2,"F",1,62500,596
1460380,7,0,0,7,0,"F",0,42500,597
1460953,7,0,0,7,1,"F",0,250000,598
1461151,7,0,0,1,0,"F",1,87500,599
1461397,7,0,0,6,0,"F",1,137500,600
1462847,7,0,0,5,0,"F",1,162500,601
1462878,7,0,0,7,0,"F",1,7500,602
1463072,7,0,0,5,0,"F",1,87500,603
1464188,7,0,0,1.54166662693024,0,"F",1,137500,604
1464264,7,0,0,6,0,"M",1,112500,605
1464335,7,1,0,8,3,"F",1,187500,606
1464618,7,0,0,6,0,"F",1,112500,607
1465220,7,0,0,6,0,"F",1,137500,608
1466204,7,0,0,6,0,"F",1,87500,609
1466494,7,0,0,3,0,"M",1,20000,610
1466816,7,1,0,10,2,"F",1,137500,611
1466833,7,0,0,6,1,"F",1,87500,612
1466886,7,0,0,5,2,"F",1,137500,613
1466955,7,0,0,7,1,"F",1,250000,614
1467019,7,0,0,5,0,"F",0,137500,615
1467058,7,0,0,6,0,"F",0,20000,616
1467155,7,0,0,6,0,"M",0,62500,617
1467520,7,1,0,3,1,"F",1,250000,618
1467621,7,0,0,6,1,"F",1,62500,619
1468654,7,0,0,2,1,"F",1,87500,620
1468709,7,0,0,4,1,"F",1,30000,621
1468714,7,0,0,8,1,"F",0,112500,622
1468733,7,0,0,6,0,"F",1,62500,623
1468745,7,0,0,6,2,"M",1,62500,624
1469175,7,0,0,12,0,"F",0,87500,625
1469204,7,0,0,4,0,"F",1,112500,626
1469239,7,0,0,6,1,"F",1,112500,627
1469248,7,0,0,4,0,"F",1,112500,628
1469990,7,0,0,7,1,"M",1,187500,629
1470110,7,0,0,7,2,"F",0,62500,630
1470965,7,2,0,8,3,"F",0,62500,631
1471445,7,0,0,6,1,"F",1,162500,632
1471473,7,0,0,3,1,"M",1,62500,633
1471528,7,0,0,6,0,"F",1,112500,634
1471566,7,0,0,3,0,"F",1,30000,635
1471723,7,0,0,6,1,"F",1,187500,636
1471767,7,0,0,3,0,"M",1,87500,637
1471934,7,0,0,3,0,"F",0,112500,638
1472977,7,0,0,6,0,"F",1,87500,639
1474598,7,0,0,7,1,"M",1,87500,640
1475170,7,0,0,9,0,"M",0,87500,641
1477477,7,0,0,1.65277779102325,0,"M",0,112500,642
1478058,7,1,0,5,1,"F",1,87500,643
1478617,7,1,0,6,1,"F",1,225000,644
1479489,7,0,0,6,0,"F",1,62500,645
1480578,7,0,0,3,0,"F",0,62500,646
1481279,7,0,0,4,0,"F",0,162500,647
1481476,7,1,0,3,2,"F",1,7500,648
1482005,7,0,0,3,0,"M",1,62500,649
1482267,7,0,0,4,1,"F",1,225000,650
1482614,7,0,0,6,0,"F",0,87500,651
1482816,7,0,0,4,0,"F",1,62500,652
1483049,7,0,0,6,1,"F",0,20000,653
1484259,7,0,0,9,3,"F",0,7500,654
1484519,7,0,0,6,0,"F",1,42500,655
1484930,7,0,0,6,0,"F",1,162500,656
1486404,7,0,0,7,0,"F",0,42500,657
1487790,7,0,0,6,0,"M",1,187500,658
1488086,7,0,0,5,0,"F",1,112500,659
1489319,7,0,0,4,0,"F",0,42500,660
1490014,7,0,0,2,0,"M",1,62500,661
1491416,7,0,0,7,0,"F",0,112500,662
1491563,7,0,0,3,0,"M",1,162500,663
1492025,7,1,0,7,2,"F",1,62500,664
1492036,7,0,0,6,0,"F",1,87500,665
1493569,7,0,0,3,0,"F",1,112500,666
1498287,7,0,1,6,0,"F",1,162500,667
1498483,7,0,0,1,0,"F",1,62500,668
1498656,7,0,0,2,0,"M",1,137500,669
1501397,7,0,0,5,1,"M",1,112500,670
1501443,7,0,0,5,0,"F",0,7500,671
1501825,7,0,0,6,2,"F",1,225000,672
1501848,7,0,0,2,0,"F",1,112500,673
1501917,7,0,0,5,0,"F",1,137500,674
1502135,7,0,0,4,0,"F",1,87500,675
1502146,7,0,0,7,1,"F",1,62500,676
1502599,7,0,0,7,1,"F",1,187500,677
1504289,7,0,0,5,3,"F",1,137500,678
1507421,7,0,0,1,0,"F",0,20000,679
1509331,7,0,0,6,1,"M",1,62500,680
1509782,7,0,0,3,0,"F",1,62500,681
1509874,7,0,0,1,0,"F",1,42500,682
1511973,7,0,0,4,0,"M",0,7500,683
1512249,7,0,0,7,1,"F",1,187500,684
1512656,7,0,0,6,1,"F",1,187500,685
1513530,7,0,0,6,0,"F",1,62500,686
1513806,7,0,0,2,0,"F",1,62500,687
1514087,7,0,0,1,0,"F",0,112500,688
1514098,7,0,0,6,1,"F",1,187500,689
1514327,7,0,0,4,0,"F",0,87500,690
1514351,7,0,0,5,0,"M",1,187500,691
1514819,7,0,0,4,1,"F",1,30000,692
1516894,7,0,0,6,0,"M",1,250000,693
1518132,7,0,0,7,0,"F",0,62500,694
1518564,7,0,0,4.04854345321655,2,"F",1,112500,695
1519598,7,0,0,6,0,"F",1,187500,696
1520012,7,0,0,3,0,"F",1,187500,697
1520720,7,0,0,7,1,"F",1,62500,698
1522154,7,0,0,7,1,"F",1,137500,699
1522471,7,0,0,6,0,"M",1,162500,700
1523997,7,0,0,6,0,"F",1,225000,701
1524038,7,0,0,6,0,"F",1,250000,702
1524967,7,0,0,3,0,"F",1,250000,703
1525049,7,0,0,6,0,"F",1,187500,704
1525556,7,0,0,7,1,"M",1,162500,705
1526044,7,0,0,2,1,"M",1,87500,706
1526280,7,0,0,6,1,"M",1,20000,707
1526638,7,0,0,3,0,"F",1,225000,708
1527800,7,0,0,2,0,"F",1,137500,709
1527932,7,0,0,7,1,"F",1,187500,710
1527966,7,0,0,4,0,"F",1,250000,711
1528038,7,0,0,5,0,"M",1,225000,712
1528103,7,1,0,7,1,"F",1,225000,713
1528515,7,0,0,5,2,"F",0,225000,714
1529646,7,0,1,7,0,"F",1,225000,715
1530199,7,0,0,2,0,"M",1,62500,716
1530200,7,0,0,7,0,"F",1,137500,717
1530561,7,0,0,6,0,"F",1,42500,718
1530887,7,1,0,7,1,"F",1,87500,719
1531800,7,0,0,7,2,"F",0,62500,720
1531915,7,0,0,2,1,"F",1,250000,721
1531924,7,0,0,7,0,"F",0,225000,722
1531984,7,0,0,6,0,"F",0,42500,723
1532052,7,0,0,3,0,"M",1,87500,724
1532113,7,0,0,7,1,"F",1,87500,725
1532334,7,0,0,6,0,"F",1,225000,726
1532420,7,0,0,3,0,"F",1,30000,727
1532431,7,0,0,7,0,"F",0,20000,728
1532738,7,0,0,8,0,"F",1,225000,729
1532841,7,0,0,7,0,"F",1,42500,730
1533843,7,0,0,4,1,"F",1,42500,731
1533874,7,0,0,6,0,"F",1,137500,732
1533971,7,0,0,9,1,"F",1,137500,733
1534792,7,0,0,6,0,"F",1,187500,734
1535057,7,0,0,5,1,"F",1,137500,735
1535333,7,0,0,9,2,"M",1,87500,736
1535547,7,0,0,6,0,"F",1,187500,737
1535701,7,1,0,8,1,"M",1,62500,738
1535732,7,0,0,8,1,"F",1,187500,739
1535755,7,0,0,5,1,"F",1,112500,740
1536000,7,0,0,5,0,"F",1,187500,741
1536405,7,0,0,5,0,"F",1,62500,742
1536527,7,0,0,2,0,"F",1,225000,743
1536579,7,0,0,4,0,"F",1,187500,744
1537347,7,0,0,6,0,"F",1,225000,745
1537995,7,0,0,3,1,"F",0,62500,746
1538175,7,1,0,7,2,"F",1,250000,747
1538662,7,0,0,6,0,"F",1,112500,748
1538919,7,1,0,3,1,"F",1,250000,749
1539494,7,0,0,7,1,"F",1,250000,750
1539570,7,0,0,5,1,"F",1,87500,751
1540059,7,0,0,6,0,"M",1,87500,752
1540194,7,0,0,2,1,"F",1,187500,753
1540364,7,0,0,6,0,"F",1,7500,754
1540829,7,0,0,4,0,"F",1,187500,755
1540910,7,0,0,8,3,"F",1,137500,756
1540936,7,0,0,5,0,"F",1,62500,757
1541156,7,0,0,6,0,"F",1,7500,758
1541593,7,0,0,6,1,"F",1,250000,759
1541662,7,0,0,7,0,"F",1,112500,760
1541734,7,0,0,6,0,"F",1,137500,761
1541834,7,0,0,3,0,"F",1,250000,762
1541894,7,0,0,6,0,"F",0,42500,763
1542247,7,0,0,7,0,"F",1,225000,764
1542523,7,0,0,7,0,"F",1,187500,765
1542740,7,0,0,7,1,"F",0,30000,766
1543012,7,0,0,5,2,"M",1,112500,767
1543181,7,0,0,9,0,"M",1,250000,768
1543552,7,0,0,6,0,"F",0,112500,769
1543563,7,0,0,7,0,"F",1,250000,770
1543633,7,0,0,6,0,"F",1,112500,771
1544590,7,0,0,7,1,"F",0,187500,772
1544693,7,1,0,7,1,"F",1,250000,773
1545273,7,0,0,7,1,"F",0,137500,774
1545322,7,1,0,6,1,"M",1,250000,775
1546709,7,0,0,7,0,"F",1,250000,776
1546922,7,1,0,6,1,"M",1,137500,777
1546932,7,0,0,6,0,"F",0,112500,778
1546959,7,0,0,5,0,"F",1,187500,779
1546989,7,0,0,7,0,"M",1,225000,780
1547464,7,0,0,6,0,"F",1,87500,781
1547476,7,0,0,4,2,"F",0,225000,782
1547622,7,0,0,4,0,"F",1,187500,783
1547752,7,0,0,1,0,"F",1,112500,784
1547850,7,0,0,3,0,"F",1,20000,785
1548040,7,0,0,3,1,"F",0,112500,786
1548129,7,0,0,7,3,"F",1,112500,787
1548209,7,0,0,5,0,"F",1,20000,788
1548503,7,0,0,6,1,"F",1,62500,789
1548540,7,0,0,6,2,"F",1,87500,790
1548673,7,0,0,5,0,"F",1,112500,791
1549599,7,0,0,6,0,"M",1,187500,792
1550040,7,0,0,6,0,"M",1,20000,793
1550161,7,0,0,8,1,"F",1,62500,794
1550456,7,0,0,6,1,"F",1,225000,795
1550894,7,0,0,5,0,"F",1,87500,796
1551030,7,0,0,5,0,"F",1,225000,797
1551330,7,0,0,2,0,"M",1,87500,798
1551510,7,0,0,3,0,"F",1,162500,799
1551891,7,0,0,7,0,"F",1,187500,800
1552409,7,0,0,6,0,"M",1,137500,801
1552458,7,1,0,6,1,"F",1,62500,802
1552507,7,0,0,6,0,"F",1,137500,803
1552803,7,1,0,7,1,"F",1,225000,804
1552831,7,0,0,5,2,"M",1,112500,805
1553098,7,0,0,6,0,"F",1,87500,806
1553185,7,0,0,6,0,"F",1,187500,807
1553615,7,0,0,5,0,"F",1,187500,808
1553840,7,0,0,6,0,"M",1,20000,809
1553857,7,0,0,1,1,"M",1,87500,810
1553951,7,0,0,6,1,"F",1,225000,811
1554033,7,0,0,5,0,"F",1,62500,812
1554034,7,0,0,7,1,"F",1,162500,813
1554062,7,0,0,1,0,"F",1,87500,814
1554533,7,0,0,7,0,"F",1,62500,815
1554853,7,0,0,2,0,"M",1,42500,816
1554983,7,0,0,4,0,"M",1,87500,817
1555310,7,0,0,8,0,"F",1,187500,818
1555529,7,0,0,8,0,"M",1,225000,819
1555776,7,0,0,3,0,"F",1,20000,820
1555876,7,0,0,7,0,"F",0,112500,821
1556592,7,0,0,4,0,"F",1,62500,822
1556634,7,0,0,3.0238094329834,0,"M",0,87500,823
1556652,7,0,0,6,1,"F",1,42500,824
1557407,7,0,0,2,0,"F",1,162500,825
1557751,7,0,0,7,2,"F",1,162500,826
1558181,7,1,0,7,2,"F",0,62500,827
1558593,7,1,0,6,2,"F",1,137500,828
1559861,7,0,0,6,0,"F",0,20000,829
1560624,7,0,0,5,0,"F",1,62500,830
1561366,7,0,0,6,0,"F",1,62500,831
1561573,7,0,0,5,1,"F",1,137500,832
1563321,7,0,0,4,1,"F",1,187500,833
1563505,7,0,0,4,0,"M",0,62500,834
1563807,7,0,0,9,0,"F",0,112500,835
1564353,7,0,0,8,2,"F",1,137500,836
1564381,7,0,0,5,0,"F",1,42500,837
1564432,7,0,0,6,2,"F",1,20000,838
1564440,7,0,0,6,0,"F",1,62500,839
1564588,7,0,0,1,0,"F",1,162500,840
1565437,7,0,0,6,0,"F",1,87500,841
1565459,7,0,0,7,0,"F",1,162500,842
1565552,7,0,0,4,0,"F",1,187500,843
1565565,7,0,0,6,0,"M",0,112500,844
1565621,7,0,0,6,0,"F",1,42500,845
1566766,7,0,0,7,0,"F",1,62500,846
1566910,7,0,0,1,0,"M",0,42500,847
1567216,7,0,0,6,0,"F",1,112500,848
1567225,7,0,0,6,1,"F",1,42500,849
1567585,7,0,0,5,0,"M",0,87500,850
1568736,7,0,0,3,0,"F",1,137500,851
1569143,7,0,0,6,0,"F",1,87500,852
1569250,7,0,0,4,0,"M",0,7500,853
1570352,7,0,0,5,1,"F",1,62500,854
1570791,7,0,0,3,0,"F",1,112500,855
1571168,7,0,0,4,0,"F",1,42500,856
1571704,7,0,0,8,0,"F",1,42500,857
1572013,7,0,0,5,1,"F",1,87500,858
1572475,7,0,0,6,1,"F",1,87500,859
1572791,7,0,0,3,0,"F",0,137500,860
1572826,7,0,0,7,0,"F",1,87500,861
1572876,7,0,0,2,0,"M",0,20000,862
1573368,7,0,0,4,0,"M",0,62500,863
1573406,7,0,0,3,0,"F",1,87500,864
1573782,7,0,0,6,0,"F",1,112500,865
1573961,7,0,0,7,2,"M",1,62500,866
1574217,7,0,0,5,0,"M",1,187500,867
1574944,7,0,0,7,0,"F",1,87500,868
1575622,7,0,0,8,1,"F",1,137500,869
1575638,7,0,0,6,0,"F",1,87500,870
1575664,7,0,0,4,0,"F",0,20000,871
1576304,7,0,0,6,0,"M",1,250000,872
1576669,7,1,0,7,3,"F",1,112500,873
1576876,7,0,0,2,0,"F",1,137500,874
1576998,7,0,0,2,0,"F",1,250000,875
1577505,7,0,0,5,0,"M",0,20000,876
1577931,7,0,0,7,2,"F",0,112500,877
1580292,7,0,0,6,2,"F",1,250000,878
1580324,7,0,0,6,0,"M",1,87500,879
1580380,7,0,0,8,2,"F",1,187500,880
1580422,7,0,0,3,0,"M",1,225000,881
1580699,7,0,0,5,0,"M",1,30000,882
1581113,7,0,0,5,0,"F",0,112500,883
1581720,7,0,0,2,0,"F",1,250000,884
1582050,7,0,0,5,0,"F",1,137500,885
1582294,7,0,0,3,0,"F",1,250000,886
1582445,7,1,0,3,2,"F",1,137500,887
1582970,7,0,0,1,0,"F",1,187500,888
1583212,7,0,0,6,2,"F",1,250000,889
1583903,7,0,0,5,0,"F",1,250000,890
1583918,7,0,0,6,0,"F",0,162500,891
1584353,7,0,0,6,0,"F",0,87500,892
1584557,7,0,0,4,0,"F",1,62500,893
1584736,7,0,0,6,0,"F",0,87500,894
1584822,7,1,0,7,2,"F",1,62500,895
1585152,7,1,0,9,4,"F",1,30000,896
1586387,7,0,0,6,0,"F",1,187500,897
1586988,7,0,0,7,1,"F",1,87500,898
1587401,7,0,0,6,1,"F",1,87500,899
1587615,7,0,0,7,0,"F",1,30000,900
1587812,7,1,0,5,1,"F",1,225000,901
1588035,7,0,0,2,0,"F",1,112500,902
1588596,7,0,0,5,0,"M",1,137500,903
1588827,7,0,0,1,0,"M",1,137500,904
1588865,7,0,0,3,4,"M",1,112500,905
1589682,7,0,0,8,0,"F",1,250000,906
1589774,7,0,0,6,0,"M",1,62500,907
1590492,7,0,0,5,0,"M",1,250000,908
1590674,7,0,0,7,1,"F",1,20000,909
1590711,7,0,0,7,0,"F",1,187500,910
1590921,7,0,0,8,0,"F",1,250000,911
1590969,7,0,0,8,0,"F",0,42500,912
1591056,7,0,0,3,1,"F",1,225000,913
1591165,7,0,0,2,0,"F",1,250000,914
1591251,7,0,0,6,0,"F",0,87500,915
1591366,7,0,0,5,0,"M",1,250000,916
1591670,7,0,0,5,0,"M",1,137500,917
1591722,7,0,0,4,1,"F",0,62500,918
1591917,7,0,0,6,0,"F",1,187500,919
1591990,7,0,0,2.26373624801636,0,"M",0,42500,920
1592216,7,0,0,7,0,"F",1,62500,921
1592278,7,1,0,7,2,"F",1,187500,922
1592293,7,1,0,8,1,"F",1,112500,923
1592707,7,0,0,7,1,"F",1,250000,924
1592744,7,0,0,7,2,"F",0,112500,925
1592908,7,0,0,9,0,"F",1,87500,926
1593038,7,0,0,6,0,"F",1,112500,927
1593301,7,0,0,5,0,"M",1,62500,928
1593487,7,0,0,8,0,"M",1,87500,929
1593651,7,0,0,3,0,"F",1,42500,930
1593813,7,0,0,6,0,"F",0,20000,931
1594152,7,0,0,6,0,"F",1,87500,932
1594307,7,0,0,5,0,"F",0,87500,933
1594407,7,0,0,6,0,"F",1,187500,934
1594775,7,0,0,7,0,"F",1,42500,935
1596452,7,0,0,4,0,"F",1,112500,936
1596829,7,1,0,4,1,"M",1,112500,937
1597491,7,0,0,5,0,"F",1,42500,938
1598463,7,0,0,6,1,"F",1,62500,939
1598633,7,0,0,6,0,"F",1,112500,940
1598919,7,0,0,1,0,"F",0,62500,941
1599722,7,0,0,6,0,"M",1,42500,942
1599748,7,0,0,6,1,"F",0,7500,943
1601262,7,0,0,6,0,"F",1,62500,944
1601710,7,0,0,4,0,"F",1,87500,945
1601726,7,0,0,6,0,"F",1,87500,946
1602013,7,0,0,3,0,"F",0,42500,947
1602093,7,0,0,1,1,"M",1,42500,948
1602541,7,0,0,3,0,"M",1,112500,949
1603217,7,0,0,6,0,"F",1,62500,950
1603225,7,0,0,7,1,"F",0,225000,951
1603429,7,0,0,6,0,"F",1,62500,952
1604015,7,0,0,7,0,"F",1,62500,953
1604126,7,0,0,7,0,"F",1,112500,954
1604128,7,0,0,5,5,"F",0,187500,955
1604268,7,0,0,1,0,"F",1,62500,956
1604528,7,0,0,6,0,"F",1,112500,957
1605044,7,0,0,6,0,"F",1,225000,958
1605048,7,0,0,3,0,"F",1,187500,959
1605961,7,0,0,4,1,"F",0,112500,960
1608086,7,0,0,6,1,"F",0,112500,961
1608536,7,0,0,6,0,"M",1,87500,962
1608611,7,0,0,6,0,"F",1,62500,963
1608612,7,0,0,9,2,"F",0,20000,964
1608644,7,1,0,11,2,"F",0,250000,965
1609138,7,0,0,1,0,"F",1,112500,966
1609335,7,1,0,7,1,"F",1,87500,967
1609688,7,0,0,5,0,"F",0,42500,968
1609694,7,1,0,5,2,"M",1,42500,969
1609742,7,0,0,6,2,"F",1,20000,970
1610234,7,0,0,6,0,"F",1,42500,971
1610404,7,0,0,6,0,"M",0,62500,972
1611512,7,0,0,3,0,"F",1,30000,973
1611563,7,0,0,5,0,"F",1,250000,974
1612208,7,1,0,7,3,"M",1,187500,975
1612444,7,0,0,6,1,"F",1,250000,976
1612702,7,0,0,4,1,"F",1,137500,977
1612863,7,0,0,6,0,"F",0,42500,978
1612987,7,0,0,9,2,"F",0,187500,979
1613295,7,0,0,10,0,"F",1,7500,980
1613630,7,0,0,6,0,"F",1,137500,981
1613669,7,0,0,4.62376260757446,0,"F",1,225000,982
1613754,7,0,0,3,0,"F",1,250000,983
1613787,7,2,0,8,3,"M",1,187500,984
1614408,7,0,0,6,0,"F",1,225000,985
1614896,7,1,0,7,2,"F",0,112500,986
1614950,7,0,0,6,0,"F",1,62500,987
1614982,7,0,0,7,0,"M",0,62500,988
1615046,7,1,0,5,1,"F",0,42500,989
1615126,7,0,0,5,0,"M",1,112500,990
1616126,7,0,0,3,0,"F",1,112500,991
1616413,7,0,0,3,0,"F",1,42500,992
1617245,7,0,0,7,0,"F",0,30000,993
1617490,7,0,0,8,1,"F",1,187500,994
1617675,7,1,0,6,1,"F",0,87500,995
1617709,7,0,0,2,0,"F",1,62500,996
1618855,7,1,0,3,2,"F",0,62500,997
1619223,7,0,0,7,0,"F",1,20000,998
1620927,7,0,0,5,0,"M",0,112500,999
1620942,7,0,0,6,0,"F",1,20000,1000
117514,8,0,0,12,0,"F",0,42500,1
287398,8,0,0,2,0,"F",0,42500,2
469734,8,0,0,11,1,"F",1,250000,3
1054974,8,0,0,9,0,"F",1,137500,4
1060246,8,0,0,10,0,"F",1,62500,5
1061355,8,0,0,7,0,"F",1,87500,6
1061649,8,0,0,10,0,"M",1,225000,7
1062171,8,0,0,10,1,"F",1,250000,8
1063617,8,0,0,10,0,"F",1,250000,9
1068288,8,0,0,9,0,"F",0,30000,10
1071414,8,0,0,6,0,"F",1,62500,11
1077480,8,0,0,2.8297872543335,0,"F",0,62500,12
1081075,8,0,0,8,0,"F",1,250000,13
1081928,8,0,0,11,0,"F",1,62500,14
1082351,8,0,0,5,1,"F",0,30000,15
1087152,8,0,0,11,0,"F",1,187500,16
1089142,8,0,0,5,0,"F",1,87500,17
1091840,8,0,0,7,0,"F",1,30000,18
1094021,8,0,0,1,0,"F",1,87500,19
1094281,8,0,0,2,0,"F",1,62500,20
1100417,8,0,0,9,0,"F",1,62500,21
1100757,8,0,0,6,0,"F",0,112500,22
1102828,8,0,0,11,1,"F",0,62500,23
1103923,8,0,0,2,0,"F",1,225000,24
1107037,8,0,0,8,1,"F",1,112500,25
1108749,8,0,0,11,0,"F",0,87500,26
1108764,8,0,0,2,0,"F",0,62500,27
1111628,8,0,0,9,0,"F",1,137500,28
1111718,8,0,0,7,0,"F",1,112500,29
1114150,8,0,0,6,0,"F",0,30000,30
1117270,8,0,0,1.95698928833008,1,"M",1,20000,31
1120531,8,0,0,9,0,"F",1,62500,32
1122158,8,0,0,10,0,"F",0,62500,33
1128451,8,0,0,9,2,"F",1,42500,34
1136393,8,0,0,6,1,"F",0,112500,35
1136784,8,0,0,10,2,"M",0,225000,36
1139371,8,0,0,4,0,"F",0,42500,37
1139886,8,0,0,8,0,"F",1,112500,38
1144195,8,0,0,7,0,"M",1,250000,39
1144979,8,0,0,15,0,"F",1,112500,40
1145339,8,0,0,3,0,"F",1,62500,41
1145483,8,0,0,2,0,"F",0,7500,42
1146117,8,0,0,8,0,"M",0,87500,43
1147315,8,0,0,11,0,"F",1,187500,44
1148446,8,0,0,8,0,"F",0,20000,45
1149897,8,0,0,1,0,"M",0,30000,46
1149964,8,0,0,10,0,"F",1,42500,47
1150751,8,0,0,7,1,"M",0,7500,48
1150797,8,1,0,11,2,"F",1,162500,49
1151559,8,0,0,11,2,"F",1,112500,50
1151769,8,0,0,9,0,"F",0,112500,51
1152166,8,0,0,9,0,"M",1,137500,52
1152366,8,0,0,4.38461542129517,0,"F",1,87500,53
1153528,8,0,0,11,0,"M",1,62500,54
1153766,8,0,0,10,0,"F",1,162500,55
1155123,8,0,0,1,0,"F",1,112500,56
1156205,8,0,0,12,0,"F",0,112500,57
1156827,8,0,0,9,0,"F",0,7500,58
1157198,8,0,0,8,1,"F",1,20000,59
1165832,8,0,0,10,0,"F",0,62500,60
1166157,8,0,0,16,1,"F",0,137500,61
1167911,8,0,0,11,2,"F",1,87500,62
1168134,8,0,0,9,1,"F",0,162500,63
1168271,8,0,0,10,0,"F",1,112500,64
1171923,8,0,0,7,0,"F",0,62500,65
1172112,8,0,0,5,0,"F",0,20000,66
1174038,8,0,0,1,0,"M",1,112500,67
1174562,8,0,0,9,1,"F",1,62500,68
1174985,8,0,0,12,3,"F",1,62500,69
1176048,8,0,0,10,1,"F",1,62500,70
1179432,8,1,0,10,1,"F",1,87500,71
1179878,8,0,0,1,0,"M",1,62500,72
1180407,8,0,0,10,0,"F",0,62500,73
1180590,8,0,0,7,1,"F",0,112500,74
1180640,8,0,0,3,0,"F",1,62500,75
1181283,8,0,0,3,1,"F",1,62500,76
1181372,8,1,0,1.50793647766113,1,"M",1,62500,77
1181576,8,0,0,6,0,"F",1,87500,78
1182877,8,0,0,6,0,"M",1,62500,79
1184139,8,0,0,10,0,"F",1,20000,80
1184169,8,0,0,10,1,"F",1,112500,81
1184297,8,1,0,7,1,"M",1,112500,82
1184913,8,0,0,9,0,"F",1,87500,83
1185813,8,0,0,3.01980209350586,2,"M",1,87500,84
1185876,8,0,0,1.11764705181122,0,"F",1,137500,85
1186126,8,0,0,9,1,"F",1,62500,86
1187131,8,0,0,1.97826087474823,1,"M",0,42500,87
1187232,8,0,0,9,0,"F",0,62500,88
1187420,8,0,0,10,1,"F",1,87500,89
1187873,8,0,0,10,1,"M",1,112500,90
1187978,8,0,0,8,0,"F",1,62500,91
1188069,8,0,0,4,0,"F",1,162500,92
1188761,8,0,0,6,1,"F",1,162500,93
1188833,8,0,0,8,2,"F",1,62500,94
1189258,8,0,0,11,1,"F",1,225000,95
1189412,8,0,0,2.08641982078552,0,"F",1,20000,96
1189715,8,0,0,6,0,"M",1,162500,97
1189764,8,0,0,1,0,"F",1,137500,98
1190134,8,0,0,11,0,"F",0,20000,99
1190711,8,0,0,10,1,"F",1,162500,100
1191253,8,0,0,10,0,"F",0,62500,101
1191595,8,0,0,8,2,"F",1,62500,102
1191968,8,0,0,3,0,"F",1,112500,103
1192704,8,0,0,10,0,"F",1,62500,104
1192874,8,0,0,8,0,"F",1,62500,105
1193114,8,0,0,9,0,"F",1,162500,106
1193232,8,0,0,2,0,"M",1,112500,107
1193743,8,0,0,11,0,"F",1,20000,108
1193751,8,0,0,6,0,"F",0,42500,109
1193787,8,0,0,10,0,"F",1,62500,110
1194121,8,0,0,4,0,"F",0,42500,111
1194319,8,0,0,10,1,"F",0,62500,112
1194477,8,0,0,12,3,"F",1,112500,113
1195243,8,4,0,12,4,"F",1,62500,114
1195315,8,0,0,9,0,"M",1,112500,115
1195629,8,0,0,9,0,"M",1,62500,116
1196370,8,0,0,13,1,"F",0,137500,117
1196373,8,1,0,6,1,"F",1,87500,118
1196532,8,0,0,10,1,"F",1,112500,119
1196672,8,1,0,6,1,"F",0,62500,120
1196715,8,0,0,9,1,"F",1,62500,121
1196867,8,0,0,10,1,"F",1,62500,122
1197628,8,0,0,3,0,"M",0,137500,123
1198131,8,0,0,2,0,"F",0,42500,124
1198229,8,0,0,9,1,"F",1,62500,125
1198340,8,0,0,2.20731711387634,0,"F",1,112500,126
1198656,8,0,0,2.75728154182434,0,"F",0,42500,127
1198936,8,0,0,12,0,"M",0,162500,128
1199872,8,0,0,10,2,"F",0,87500,129
1202556,8,0,0,8,3,"F",1,62500,130
1204291,8,0,0,1,0,"F",0,20000,131
1204517,8,1,0,12,2,"F",1,62500,132
1204703,8,0,0,8,0,"F",0,87500,133
1205899,8,0,0,2,1,"F",1,162500,134
1207119,8,0,0,5,0,"F",1,62500,135
1208107,8,0,0,3,0,"F",1,112500,136
1208888,8,0,0,1.53030300140381,0,"F",0,20000,137
1209486,8,0,0,9,0,"F",1,62500,138
1209955,8,0,0,1,1,"M",1,225000,139
1210800,8,1,0,8,2,"F",1,250000,140
1211027,8,0,0,7,0,"F",1,112500,141
1211068,8,0,0,5,0,"F",0,250000,142
1211288,8,0,0,10,0,"F",0,7500,143
1211807,8,0,0,2,0,"F",1,42500,144
1212464,8,0,0,8,0,"F",0,42500,145
1213078,8,0,0,10,0,"F",1,250000,146
1213693,8,0,0,11,2,"F",1,162500,147
1216811,8,1,0,9,2,"F",1,162500,148
1217376,8,0,0,11,3,"F",1,137500,149
1217401,8,0,0,10,2,"F",0,62500,150
1221162,8,0,0,7,1,"F",1,62500,151
1222034,8,1,0,10,2,"M",1,87500,152
1222561,8,0,0,4,0,"F",1,62500,153
1224353,8,0,0,9,0,"F",1,87500,154
1224379,8,0,0,7,0,"F",1,162500,155
1225029,8,0,0,4,2,"F",1,62500,156
1225288,8,0,0,7,0,"F",1,112500,157
1225581,8,0,0,6,0,"F",1,30000,158
1226932,8,0,0,10,0,"F",1,87500,159
1226943,8,0,0,11,2,"F",1,162500,160
1227191,8,2,0,9,3,"F",1,112500,161
1227743,8,1,0,13,1,"F",0,62500,162
1228628,8,0,0,2,1,"F",1,62500,163
1228793,8,0,0,11,1,"F",0,87500,164
1229147,8,0,0,11,1,"F",1,87500,165
1229564,8,0,0,11,2,"F",1,62500,166
1229612,8,0,0,10,1,"M",1,187500,167
1229771,8,0,0,15,0,"F",1,87500,168
1229884,8,0,0,6,0,"F",1,112500,169
1230105,8,0,0,11,0,"F",1,137500,170
1230445,8,0,0,5,0,"F",1,62500,171
1230648,8,0,0,8,0,"F",1,87500,172
1230860,8,0,0,8,1,"F",1,62500,173
1231637,8,0,0,5,0,"F",1,112500,174
1233436,8,0,0,9,0,"F",0,162500,175
1233553,8,0,0,12,1,"F",1,112500,176
1234916,8,0,0,11,2,"M",1,62500,177
1237257,8,0,0,6,0,"F",1,62500,178
1237667,8,0,0,9,1,"F",1,87500,179
1238108,8,0,0,6,0,"F",1,42500,180
1238707,8,0,0,6,0,"F",1,62500,181
1238904,8,0,0,8,1,"M",1,87500,182
1239286,8,0,0,3,0,"F",1,250000,183
1239623,8,0,0,6,0,"F",0,42500,184
1239849,8,0,0,6,2,"F",1,112500,185
1239936,8,0,0,1.44736838340759,0,"F",0,7500,186
1240102,8,0,0,2,0,"F",0,62500,187
1241439,8,0,0,5,0,"F",1,112500,188
1241595,8,0,0,10,0,"F",1,62500,189
1241711,8,1,0,9,2,"F",1,87500,190
1242022,8,0,0,6,0,"F",1,62500,191
1242223,8,0,0,12,0,"M",1,137500,192
1242542,8,0,0,2,0,"M",1,137500,193
1243937,8,1,0,11,2,"F",1,87500,194
1244277,8,0,0,4,1,"F",0,112500,195
1245286,8,0,0,5,0,"F",1,62500,196
1246704,8,0,0,11,0,"F",1,87500,197
1247392,8,0,0,7,0,"F",1,87500,198
1248826,8,0,0,9,5,"F",1,87500,199
1249794,8,0,0,7,0,"F",0,137500,200
1250074,8,0,0,9,0,"F",0,87500,201
1250242,8,0,0,7,0,"F",0,250000,202
1250577,8,0,0,8,0,"F",1,62500,203
1250585,8,0,0,9,0,"F",1,187500,204
1250879,8,0,0,6,1,"F",1,137500,205
1250899,8,0,0,6,0,"M",1,112500,206
1251138,8,0,0,9,1,"M",1,137500,207
1251550,8,0,0,11,1,"F",1,62500,208
1251623,8,0,0,7,0,"F",1,7500,209
1251804,8,0,1,2,1,"F",0,137500,210
1251816,8,0,0,8,0,"F",1,137500,211
1252257,8,0,0,7,2,"F",0,87500,212
1252297,8,0,0,11,0,"M",1,62500,213
1252403,8,0,0,14,0,"M",1,62500,214
1252534,8,0,0,8,0,"F",1,187500,215
1252759,8,0,0,10,0,"F",1,137500,216
1252878,8,1,0,9,1,"F",1,137500,217
1254168,8,0,0,13,0,"F",1,62500,218
1254684,8,0,0,10,1,"M",1,112500,219
1258925,8,0,0,10,2,"F",1,42500,220
1259640,8,0,0,10,0,"M",1,87500,221
1259672,8,0,0,10,1,"F",1,62500,222
1259740,8,0,0,10,1,"F",1,30000,223
1262332,8,0,0,9,0,"F",1,87500,224
1262373,8,0,0,11,0,"F",1,250000,225
1262926,8,0,0,6,1,"F",1,62500,226
1263058,8,0,0,8,0,"F",0,137500,227
1263919,8,0,0,7,0,"M",0,30000,228
1264065,8,0,0,9,1,"F",1,187500,229
1264317,8,0,0,10,0,"F",1,187500,230
1264505,8,0,0,3,0,"F",1,87500,231
1264703,8,0,0,8,0,"F",0,30000,232
1265443,8,0,0,11,0,"F",0,20000,233
1265755,8,0,0,7,0,"F",1,112500,234
1265835,8,0,0,3,0,"F",1,112500,235
1265892,8,0,0,7,0,"F",0,187500,236
1266201,8,0,0,2.40229892730713,0,"F",1,187500,237
1268413,8,1,0,8,2,"F",1,62500,238
1269756,8,0,0,9,0,"F",1,62500,239
1269824,8,0,0,5,0,"M",0,30000,240
1273931,8,1,0,10,1,"F",1,20000,241
1275308,8,0,0,11,0,"M",1,87500,242
1275698,8,0,0,7,0,"F",1,87500,243
1275888,8,0,0,5,0,"F",1,137500,244
1276784,8,0,0,6,2,"F",0,20000,245
1277335,8,0,0,6,0,"F",1,42500,246
1279299,8,1,0,7,1,"M",1,87500,247
1279847,8,0,0,8,0,"F",1,42500,248
1280469,8,0,0,9,1,"F",0,7500,249
1281674,8,0,0,6,1,"F",0,137500,250
1285561,8,0,0,11,1,"F",1,250000,251
1286058,8,1,0,7,1,"F",1,250000,252
1286676,8,0,0,11,0,"M",1,225000,253
1287337,8,0,0,8,0,"F",0,62500,254
1288054,8,1,0,9,1,"F",1,42500,255
1288246,8,0,0,2,0,"F",0,62500,256
1288502,8,0,0,10,0,"M",0,137500,257
1288666,8,1,0,9,1,"F",1,62500,258
1288675,8,0,0,7,0,"F",1,20000,259
1288774,8,0,0,11,0,"F",1,187500,260
1288902,8,0,0,10,1,"F",1,87500,261
1289229,8,0,0,5,0,"F",0,112500,262
1290077,8,0,0,8,0,"F",1,87500,263
1290515,8,0,0,3,0,"F",0,87500,264
1290723,8,0,0,8,2,"F",0,30000,265
1291318,8,0,0,3,0,"F",1,42500,266
1291608,8,0,0,8,0,"F",0,30000,267
1292847,8,0,0,18,1,"F",1,42500,268
1293296,8,0,0,9,1,"F",1,30000,269
1293595,8,0,0,7,1,"F",1,62500,270
1293939,8,1,0,11,3,"F",1,250000,271
1294157,8,0,0,10,0,"F",1,62500,272
1294200,8,0,0,7,0,"F",1,62500,273
1294399,8,0,0,10,0,"F",0,30000,274
1294837,8,0,0,8,2,"F",0,62500,275
1297008,8,0,0,2,0,"F",0,7500,276
1297323,8,0,0,4,0,"F",0,7500,277
1297452,8,0,0,8,0,"M",1,87500,278
1297615,8,0,0,5,2,"F",0,20000,279
1297678,8,0,0,9,1,"M",1,62500,280
1298036,8,0,0,4,1,"F",0,7500,281
1298136,8,0,0,11,1,"M",0,30000,282
1298614,8,0,0,10,1,"F",1,62500,283
1300363,8,0,0,8,1,"M",1,42500,284
1300457,8,0,0,3,0,"M",1,42500,285
1301237,8,0,0,1,0,"F",1,20000,286
1301332,8,0,0,11,0,"M",1,42500,287
1301620,8,0,0,6,0,"F",1,87500,288
1302173,8,0,0,9,0,"F",1,225000,289
1302216,8,0,0,3,0,"F",1,62500,290
1302375,8,0,0,10,0,"F",1,87500,291
1303092,8,0,0,10,0,"F",1,62500,292
1303908,8,0,0,11,1,"M",1,87500,293
1304518,8,0,0,11,0,"F",1,87500,294
1304751,8,0,0,5,0,"F",0,30000,295
1306505,8,0,0,9,0,"F",0,62500,296
1307675,8,1,0,16,2,"F",1,62500,297
1307821,8,0,0,10,0,"M",1,42500,298
1310138,8,0,0,6,1,"F",1,62500,299
1310269,8,0,0,9,0,"F",0,112500,300
1311143,8,0,0,8,0,"M",0,62500,301
1311172,8,0,0,4,1,"M",1,137500,302
1311388,8,0,0,11,2,"M",0,20000,303
1312227,8,0,0,11,0,"F",0,62500,304
1313291,8,0,0,3,0,"F",1,162500,305
1313396,8,1,0,15,1,"F",0,30000,306
1313735,8,0,0,8,0,"F",1,20000,307
1313856,8,0,0,11,2,"F",0,20000,308
1314520,8,0,0,9,0,"F",1,62500,309
1314682,8,0,0,1,0,"F",0,20000,310
1314969,8,0,0,8,0,"F",0,87500,311
1315946,8,0,0,9,0,"F",0,62500,312
1317054,8,0,0,9,0,"F",0,7500,313
1317356,8,0,0,6,0,"F",1,62500,314
1318696,8,0,0,11,1,"F",0,62500,315
1318996,8,0,0,9,0,"F",1,62500,316
1319548,8,0,0,7,0,"F",0,20000,317
1319613,8,1,0,8,2,"F",0,137500,318
1319738,8,0,0,7,0,"F",1,137500,319
1320734,8,0,0,10,2,"F",1,20000,320
1320750,8,0,0,9,0,"F",0,7500,321
1322205,8,0,0,12,0,"F",1,62500,322
1322235,8,0,0,7,1,"F",0,62500,323
1322521,8,0,0,9,0,"M",1,42500,324
1322942,8,0,0,11,0,"F",1,87500,325
1323304,8,0,0,11,3,"F",1,162500,326
1323359,8,0,0,12,5,"M",0,187500,327
1323491,8,0,0,8,0,"F",1,250000,328
1323698,8,0,0,9,0,"M",0,250000,329
1323962,8,1,0,10,1,"M",1,62500,330
1324251,8,0,0,5,1,"F",0,20000,331
1324843,8,0,0,9,0,"F",1,87500,332
1325556,8,0,0,1,0,"F",0,20000,333
1327146,8,0,0,10,0,"F",1,162500,334
1328158,8,0,0,6,0,"F",1,62500,335
1328623,8,0,0,11,0,"M",1,30000,336
1328832,8,0,0,6,0,"F",1,187500,337
1329574,8,0,0,9,0,"F",0,42500,338
1330046,8,0,0,6,0,"F",1,112500,339
1330272,8,0,0,8,0,"F",1,137500,340
1330497,8,0,0,9,0,"F",1,162500,341
1331244,8,0,0,8,2,"F",0,30000,342
1331261,8,0,0,5,0,"F",0,7500,343
1331950,8,0,0,12,0,"F",1,62500,344
1333858,8,0,0,7,0,"F",1,112500,345
1335680,8,0,0,2,1,"F",1,62500,346
1335920,8,1,0,10,2,"F",1,42500,347
1335980,8,0,0,10,0,"F",0,20000,348
1336426,8,0,0,10,0,"F",0,20000,349
1336946,8,0,0,9,0,"M",1,20000,350
1338200,8,0,0,10,0,"F",1,162500,351
1338378,8,0,0,12,1,"F",1,225000,352
1339574,8,0,0,10,0,"F",1,42500,353
1339822,8,0,0,8,0,"F",1,112500,354
1340176,8,1,0,7,2,"M",1,42500,355
1340267,8,0,0,7,0,"F",0,42500,356
1341891,8,0,0,10,1,"F",0,62500,357
1342799,8,0,0,5,0,"F",0,62500,358
1343216,8,0,0,4,0,"F",0,187500,359
1344265,8,0,0,5,0,"F",0,87500,360
1344499,8,0,0,10,0,"F",1,87500,361
1344614,8,0,0,11,1,"M",1,225000,362
1345984,8,2,0,11,3,"F",1,112500,363
1346234,8,0,0,4,0,"F",0,162500,364
1347945,8,0,0,8,1,"F",0,112500,365
1348467,8,0,0,5,0,"F",0,87500,366
1348663,8,0,0,7,0,"F",1,62500,367
1348726,8,0,0,9,1,"F",1,62500,368
1349285,8,1,0,11,1,"F",0,42500,369
1349428,8,0,0,9,0,"F",1,87500,370
1349951,8,0,0,8,1,"F",1,20000,371
1350291,8,0,0,11,0,"M",1,87500,372
1350434,8,0,0,8,0,"F",1,162500,373
1351173,8,0,0,2,0,"F",0,87500,374
1351468,8,0,0,8,0,"F",1,7500,375
1351509,8,0,0,2,0,"F",1,62500,376
1351586,8,0,0,9,1,"F",1,162500,377
1351796,8,0,0,9,0,"F",1,7500,378
1352046,8,0,0,5,0,"F",1,87500,379
1352301,8,0,0,4,0,"F",1,42500,380
1352756,8,0,0,10,0,"F",1,62500,381
1352986,8,0,0,10,1,"F",1,42500,382
1353809,8,0,0,12,0,"F",1,112500,383
1353961,8,0,0,10,0,"F",0,20000,384
1354452,8,0,0,9,0,"F",1,62500,385
1354598,8,0,0,8,0,"F",0,42500,386
1354602,8,0,0,12,1,"M",1,62500,387
1354673,8,0,0,11,0,"F",0,7500,388
1355604,8,0,0,3,0,"M",1,7500,389
1356206,8,0,0,10,0,"F",1,62500,390
1358021,8,0,0,9,0,"F",1,112500,391
1358933,8,0,0,9,3,"F",0,112500,392
1361465,8,0,0,7,1,"F",0,137500,393
1362107,8,0,0,2,0,"M",1,162500,394
1363023,8,0,0,9,0,"F",1,30000,395
1363370,8,0,0,7,1,"M",1,62500,396
1364059,8,0,0,10,1,"M",1,112500,397
1366217,8,0,0,4,0,"M",0,112500,398
1366244,8,0,0,9,0,"F",0,112500,399
1367411,8,0,0,12,0,"F",1,20000,400
1367420,8,0,0,18,1,"F",1,162500,401
1368140,8,2,0,12,3,"F",1,62500,402
1368385,8,0,0,6,1,"M",1,162500,403
1369918,8,0,0,8,0,"F",1,87500,404
1372221,8,0,0,1,0,"F",1,7500,405
1372333,8,0,0,6,0,"F",1,62500,406
1374105,8,0,0,10,0,"F",0,7500,407
1374132,8,0,0,9,0,"M",1,62500,408
1374680,8,0,0,7,0,"F",1,62500,409
1375113,8,0,0,8,0,"F",1,87500,410
1376245,8,0,0,1.61538457870483,1,"F",0,62500,411
1377492,8,0,0,11,1,"F",1,137500,412
1377719,8,0,0,1,0,"F",1,137500,413
1378071,8,0,0,10,2,"F",0,62500,414
1378409,8,0,0,11,1,"F",1,62500,415
1380721,8,0,0,3.36190485954285,0,"F",1,42500,416
1381136,8,0,0,8,0,"F",1,62500,417
1381384,8,0,0,10,0,"F",1,162500,418
1381552,8,0,0,9,1,"M",1,87500,419
1381639,8,0,0,9,1,"F",1,225000,420
1381711,8,0,0,8,1,"F",1,87500,421
1382137,8,0,0,7,1,"F",1,112500,422
1382624,8,0,0,9,0,"F",1,62500,423
1382975,8,1,0,13,2,"F",1,112500,424
1384230,8,0,0,10,0,"F",1,137500,425
1384341,8,0,0,9,1,"F",0,137500,426
1385468,8,0,0,2,0,"F",1,250000,427
1385831,8,0,0,8,0,"F",1,42500,428
1386066,8,0,0,2,0,"F",1,112500,429
1386120,8,0,0,8,0,"F",1,42500,430
1387428,8,0,0,9,1,"F",0,62500,431
1387588,8,1,0,7,1,"F",1,42500,432
1388210,8,0,0,9,1,"M",1,62500,433
1388355,8,0,0,1,0,"F",1,62500,434
1388513,8,0,0,10,0,"F",1,162500,435
1388833,8,0,0,11,0,"F",0,42500,436
1389030,8,0,0,10,0,"F",1,62500,437
1389384,8,0,0,9,0,"F",0,42500,438
1389406,8,0,0,10,0,"F",1,87500,439
1389477,8,1,0,12,1,"F",1,62500,440
1390351,8,0,0,9,0,"M",1,162500,441
1392387,8,0,0,7,0,"F",0,87500,442
1393255,8,0,0,8,0,"F",1,87500,443
1393466,8,0,0,5,0,"M",1,87500,444
1393929,8,0,0,12,0,"F",1,225000,445
1394027,8,0,0,6,0,"F",1,162500,446
1395064,8,0,0,11,0,"F",1,162500,447
1395309,8,0,0,7,1,"F",0,42500,448
1395394,8,0,0,11,0,"F",0,7500,449
1396474,8,0,0,1.76344084739685,0,"F",1,62500,450
1396597,8,0,0,5,0,"F",1,87500,451
1396618,8,1,0,8,1,"F",1,87500,452
1396830,8,0,0,10,0,"F",1,87500,453
1397814,8,1,0,8,1,"M",1,137500,454
1398493,8,0,0,4,0,"F",1,87500,455
1398606,8,1,0,6,1,"M",1,20000,456
1399233,8,1,0,6,2,"F",0,42500,457
1399269,8,0,0,11,0,"F",1,62500,458
1399329,8,0,0,12,2,"F",1,112500,459
1401246,8,0,0,3,0,"F",1,42500,460
1401458,8,0,0,8,0,"F",1,62500,461
1403021,8,0,0,7,0,"F",1,112500,462
1403631,8,0,0,10,1,"F",1,62500,463
1403972,8,0,0,11,3,"F",1,162500,464
1404355,8,0,0,11,1,"F",1,87500,465
1404418,8,0,0,8,0,"F",1,42500,466
1404842,8,0,0,2,0,"M",1,112500,467
1405544,8,0,0,13,1,"F",0,20000,468
1406907,8,0,0,9,0,"F",1,87500,469
1408575,8,0,0,8,0,"M",0,30000,470
1410385,8,1,0,10,1,"F",1,162500,471
1411418,8,0,0,8,0,"M",1,87500,472
1412397,8,0,0,9,1,"M",1,42500,473
1412511,8,0,0,2.29411768913269,0,"F",1,42500,474
1412646,8,0,0,17,4,"F",1,162500,475
1413182,8,0,0,11,0,"F",1,112500,476
1413837,8,0,0,4,0,"F",1,225000,477
1413925,8,0,0,10,1,"F",0,62500,478
1414361,8,0,0,4,0,"F",1,112500,479
1414857,8,0,0,10,0,"M",1,162500,480
1414873,8,0,0,7,1,"F",1,112500,481
1415098,8,1,0,11,1,"F",0,87500,482
1415320,8,0,0,11,0,"F",1,162500,483
1416429,8,0,0,12,0,"F",1,87500,484
1416731,8,0,0,2,2,"F",1,162500,485
1416940,8,0,0,10,0,"F",0,137500,486
1417159,8,0,0,3,0,"M",0,20000,487
1417523,8,0,0,2,0,"F",1,187500,488
1418358,8,0,0,12,0,"F",0,112500,489
1418818,8,0,0,12,2,"F",1,87500,490
1419071,8,0,0,11,0,"M",1,87500,491
1419406,8,0,0,10,0,"F",1,62500,492
1419467,8,0,0,7,1,"F",1,162500,493
1419627,8,0,0,10,0,"M",1,87500,494
1419833,8,0,0,9,0,"F",1,225000,495
1420095,8,0,0,3,0,"M",1,187500,496
1420139,8,0,0,11,1,"F",1,112500,497
1420150,8,0,0,9,0,"F",0,7500,498
1420458,8,0,0,13,0,"M",1,20000,499
1420461,8,0,0,9,1,"F",1,62500,500
1420462,8,1,0,10,2,"F",1,162500,501
1420478,8,0,0,3,1,"F",1,42500,502
1420505,8,0,0,4,0,"F",0,7500,503
1420957,8,0,0,1,0,"F",1,225000,504
1420990,8,0,0,9,0,"F",0,87500,505
1421112,8,0,0,6,1,"F",0,87500,506
1421265,8,0,0,14,1,"F",0,137500,507
1421359,8,0,0,1,3,"F",0,7500,508
1422155,8,0,0,10,2,"F",1,187500,509
1422249,8,0,0,1,0,"M",0,62500,510
1424297,8,0,0,2.05154633522034,0,"M",1,20000,511
1424626,8,0,0,12,0,"F",0,112500,512
1425960,8,0,0,5,0,"F",0,20000,513
1426165,8,0,0,11,1,"F",0,112500,514
1426230,8,0,0,6,0,"F",0,7500,515
1426266,8,0,0,12,2,"F",1,112500,516
1426799,8,0,0,8,0,"F",1,87500,517
1427258,8,0,0,5,0,"F",0,62500,518
1427579,8,0,0,4,0,"F",1,87500,519
1427915,8,0,0,5,0,"F",0,62500,520
1428277,8,0,0,11,2,"M",1,112500,521
1429936,8,0,0,12,0,"F",1,187500,522
1430214,8,0,0,9,1,"M",0,112500,523
1430754,8,0,0,7,0,"M",1,187500,524
1431104,8,0,0,2,1,"F",0,250000,525
1431118,8,0,0,2,3,"F",1,62500,526
1431340,8,0,0,10,0,"F",0,87500,527
1431513,8,0,0,9,0,"F",1,62500,528
1431697,8,0,0,3,0,"F",1,87500,529
1431949,8,0,0,10,0,"F",1,42500,530
1432387,8,0,0,10,0,"F",0,162500,531
1432724,8,0,0,9,0,"F",1,20000,532
1432840,8,0,0,8,1,"F",1,20000,533
1432998,8,0,0,7,1,"F",1,62500,534
1433194,8,0,0,10,0,"F",1,42500,535
1433587,8,0,0,9,0,"M",1,87500,536
1434275,8,0,0,12,0,"F",1,20000,537
1434712,8,0,0,1.83333337306976,0,"F",1,42500,538
1435022,8,0,0,2,0,"F",1,187500,539
1435557,8,0,0,2.47000002861023,0,"M",1,62500,540
1435794,8,0,0,6,0,"F",0,87500,541
1435996,8,0,0,5,1,"F",1,112500,542
1436928,8,0,0,7,1,"F",1,112500,543
1437747,8,0,0,7,1,"F",1,137500,544
1437857,8,0,0,13,2,"M",1,62500,545
1437869,8,0,0,10,2,"F",1,187500,546
1437899,8,0,0,12,1,"F",1,137500,547
1438760,8,0,0,14,2,"F",1,137500,548
1438884,8,0,0,10,1,"M",1,87500,549
1439629,8,1,0,11,1,"F",1,7500,550
1439689,8,0,0,4,0,"F",1,112500,551
1439713,8,0,0,6,0,"F",1,62500,552
1440356,8,0,0,2,0,"M",1,250000,553
1441053,8,0,0,10,1,"M",1,30000,554
1441466,8,0,0,9,1,"F",1,250000,555
1442287,8,0,0,10,1,"F",0,187500,556
1442704,8,0,0,10,2,"F",1,87500,557
1443687,8,0,0,7,1,"F",0,87500,558
1443964,8,0,0,6,0,"F",1,250000,559
1444485,8,0,0,7,1,"F",1,112500,560
1445100,8,0,0,12,1,"F",1,87500,561
1446288,8,0,0,15,0,"F",0,62500,562
1447092,8,1,0,5,1,"M",1,42500,563
1447298,8,0,0,11,0,"F",1,62500,564
1448763,8,0,0,4,0,"F",0,62500,565
1448901,8,0,0,5,0,"F",0,62500,566
1449431,8,0,0,5,0,"F",1,137500,567
1450170,8,0,0,13,0,"F",0,62500,568
1450180,8,0,0,6,0,"M",1,62500,569
1450746,8,0,0,9,1,"F",1,7500,570
1450805,8,0,0,5,0,"M",1,225000,571
1450890,8,0,0,9,0,"F",1,225000,572
1451275,8,0,0,7,0,"M",1,62500,573
1451865,8,0,0,6,0,"F",1,225000,574
1452879,8,0,0,10,2,"F",1,137500,575
1454110,8,0,0,9,0,"F",1,62500,576
1454343,8,0,0,11,0,"M",0,30000,577
1454425,8,1,0,6,3,"F",1,112500,578
1454661,8,0,0,12,0,"F",1,87500,579
1455466,8,0,0,10,1,"F",1,87500,580
1455615,8,0,0,2,0,"F",1,7500,581
1455721,8,0,0,2,0,"M",1,87500,582
1455906,8,0,0,10,1,"F",1,250000,583
1456029,8,0,0,7,2,"F",1,42500,584
1456155,8,0,0,8,0,"F",1,250000,585
1456186,8,0,0,6,0,"F",1,20000,586
1456531,8,0,0,9,0,"F",1,187500,587
1456609,8,0,0,2,0,"F",1,62500,588
1456628,8,0,0,10,0,"F",1,250000,589
1456919,8,0,0,7,1,"F",1,30000,590
1457625,8,0,0,8,0,"F",1,112500,591
1457777,8,0,0,7,1,"F",1,62500,592
1457830,8,0,0,5,1,"F",1,112500,593
1457984,8,0,0,12,1,"F",1,112500,594
1458214,8,0,0,10,0,"F",1,225000,595
1460277,8,0,0,5,1,"F",1,62500,596
1460380,8,0,0,11,1,"F",0,42500,597
1460953,8,0,0,10,0,"F",0,250000,598
1461151,8,0,0,2,0,"F",1,87500,599
1461397,8,0,0,12,1,"F",1,137500,600
1462847,8,0,0,9,0,"F",1,162500,601
1462878,8,0,0,11,1,"F",1,7500,602
1463072,8,0,0,8,0,"F",1,87500,603
1464188,8,0,0,1.54166662693024,0,"F",1,137500,604
1464264,8,0,0,10,0,"M",1,112500,605
1464335,8,1,0,11,3,"F",1,187500,606
1464618,8,0,0,9,0,"F",1,112500,607
1465220,8,0,0,11,1,"F",1,137500,608
1466204,8,0,0,12,0,"F",1,87500,609
1466494,8,0,0,5,0,"M",1,20000,610
1466816,8,0,0,12,6,"F",1,137500,611
1466833,8,0,0,11,1,"F",1,87500,612
1466886,8,0,0,7,2,"F",1,137500,613
1466955,8,0,0,6,0,"F",1,250000,614
1467019,8,0,0,8,0,"F",0,137500,615
1467058,8,0,0,9,0,"F",0,20000,616
1467155,8,0,0,9,2,"M",0,62500,617
1467520,8,0,0,5,0,"F",1,250000,618
1467621,8,0,0,9,1,"F",1,62500,619
1468654,8,0,0,6,0,"F",1,87500,620
1468709,8,0,0,6,0,"F",1,30000,621
1468714,8,0,0,11,3,"F",0,112500,622
1468733,8,0,0,11,0,"F",1,62500,623
1468745,8,0,0,9,0,"M",1,62500,624
1469175,8,0,0,21,0,"F",0,87500,625
1469204,8,0,0,6,0,"F",1,112500,626
1469239,8,1,0,11,3,"F",1,112500,627
1469248,8,0,0,3,1,"F",1,112500,628
1469990,8,1,0,11,1,"M",1,187500,629
1470110,8,0,0,9,1,"F",0,62500,630
1470965,8,2,0,10,2,"F",0,62500,631
1471445,8,0,0,9,0,"F",1,162500,632
1471473,8,0,0,5,0,"M",1,62500,633
1471528,8,0,0,10,0,"F",1,112500,634
1471566,8,0,0,1,1,"F",1,30000,635
1471723,8,0,0,11,0,"F",1,187500,636
1471767,8,0,0,7,0,"M",1,87500,637
1471934,8,0,0,4,0,"F",0,112500,638
1472977,8,0,0,10,0,"F",1,87500,639
1474598,8,0,0,14,2,"M",1,87500,640
1475170,8,0,0,10,3,"M",0,87500,641
1477477,8,0,0,1.65277779102325,0,"M",0,112500,642
1478058,8,0,0,7,0,"F",1,87500,643
1478617,8,0,0,10,1,"F",1,225000,644
1479489,8,0,0,9,0,"F",1,62500,645
1480578,8,0,0,5,0,"F",0,62500,646
1481279,8,0,0,7,0,"F",0,162500,647
1481476,8,0,0,8,0,"F",1,7500,648
1482005,8,0,0,4,1,"M",1,62500,649
1482267,8,0,0,3,1,"F",1,225000,650
1482614,8,0,0,8,0,"F",0,87500,651
1482816,8,0,0,6,0,"F",1,62500,652
1483049,8,0,0,12,1,"F",0,20000,653
1484259,8,2,0,8,3,"F",0,7500,654
1484519,8,0,0,11,0,"F",1,42500,655
1484930,8,0,0,7,0,"F",1,162500,656
1486404,8,0,0,6,2,"F",0,42500,657
1487790,8,0,0,11,0,"M",1,187500,658
1488086,8,0,0,4,0,"F",1,112500,659
1489319,8,0,0,6,0,"F",0,42500,660
1490014,8,0,0,6,0,"M",1,62500,661
1491416,8,0,0,9,1,"F",0,112500,662
1491563,8,0,0,4,0,"M",1,162500,663
1492025,8,0,0,9,0,"F",1,62500,664
1492036,8,0,0,9,0,"F",1,87500,665
1493569,8,0,0,1,0,"F",1,112500,666
1498287,8,0,0,10,0,"F",1,162500,667
1498483,8,0,0,4.28846168518066,3,"F",1,62500,668
1498656,8,0,0,3,0,"M",1,137500,669
1501397,8,0,0,10,1,"M",1,112500,670
1501443,8,0,0,9,1,"F",0,7500,671
1501825,8,1,0,10,2,"F",1,225000,672
1501848,8,0,0,3,0,"F",1,112500,673
1501917,8,0,0,8,1,"F",1,137500,674
1502135,8,0,0,5,0,"F",1,87500,675
1502146,8,0,0,10,0,"F",1,62500,676
1502599,8,0,0,12,0,"F",1,187500,677
1504289,8,0,0,9,0,"F",1,137500,678
1507421,8,0,0,1,0,"F",0,20000,679
1509331,8,0,0,10,1,"M",1,62500,680
1509782,8,0,0,2,0,"F",1,62500,681
1509874,8,0,0,1.95402300357819,0,"F",1,42500,682
1511973,8,0,0,8,0,"M",0,7500,683
1512249,8,0,0,6,0,"F",1,187500,684
1512656,8,0,0,11,1,"F",1,187500,685
1513530,8,0,0,11,0,"F",1,62500,686
1513806,8,0,0,2,0,"F",1,62500,687
1514087,8,0,0,2,0,"F",0,112500,688
1514098,8,0,0,8,1,"F",1,187500,689
1514327,8,0,0,6,0,"F",0,87500,690
1514351,8,0,0,8,0,"M",1,187500,691
1514819,8,0,0,6,1,"F",1,30000,692
1516894,8,1,0,7,1,"M",1,250000,693
1518132,8,0,0,7,1,"F",0,62500,694
1518564,8,0,0,2,0,"F",1,112500,695
1519598,8,0,0,11,0,"F",1,187500,696
1520012,8,0,0,1,1,"F",1,187500,697
1520720,8,0,0,10,5,"F",1,62500,698
1522154,8,0,0,8,0,"F",1,137500,699
1522471,8,0,0,7,0,"M",1,162500,700
1523997,8,0,0,8,0,"F",1,225000,701
1524038,8,0,0,10,0,"F",1,250000,702
1524967,8,0,0,1,1,"F",1,250000,703
1525049,8,0,0,11,0,"F",1,187500,704
1525556,8,0,0,12,0,"M",1,162500,705
1526044,8,0,0,7,0,"M",1,87500,706
1526280,8,0,0,5,1,"M",1,20000,707
1526638,8,0,0,5,1,"F",1,225000,708
1527800,8,0,0,4,2,"F",1,137500,709
1527932,8,0,0,11,1,"F",1,187500,710
1527966,8,0,0,7,1,"F",1,250000,711
1528038,8,0,0,10,0,"M",1,225000,712
1528103,8,0,0,13,2,"F",1,225000,713
1528515,8,0,0,1,0,"F",0,225000,714
1529646,8,0,0,11,2,"F",1,225000,715
1530199,8,0,0,3,0,"M",1,62500,716
1530200,8,0,0,11,2,"F",1,137500,717
1530561,8,0,0,10,0,"F",1,42500,718
1530887,8,0,0,8,0,"F",1,87500,719
1531800,8,0,0,11,0,"F",0,62500,720
1531915,8,0,0,2,1,"F",1,250000,721
1531924,8,0,0,12,1,"F",0,225000,722
1531984,8,0,0,9,0,"F",0,42500,723
1532052,8,0,0,6,1,"M",1,87500,724
1532113,8,0,0,11,0,"F",1,87500,725
1532334,8,0,0,8,0,"F",1,225000,726
1532420,8,0,0,1,0,"F",1,30000,727
1532431,8,1,0,10,1,"F",0,20000,728
1532738,8,0,0,9,1,"F",1,225000,729
1532841,8,1,0,9,1,"F",1,42500,730
1533843,8,0,0,7,0,"F",1,42500,731
1533874,8,0,0,9,0,"F",1,137500,732
1533971,8,0,0,9,4,"F",1,137500,733
1534792,8,0,0,8,0,"F",1,187500,734
1535057,8,0,0,10,0,"F",1,137500,735
1535333,8,0,0,12,3,"M",1,87500,736
1535547,8,0,0,10,0,"F",1,187500,737
1535701,8,2,0,10,2,"M",1,62500,738
1535732,8,2,0,10,3,"F",1,187500,739
1535755,8,0,0,8,0,"F",1,112500,740
1536000,8,0,0,9,0,"F",1,187500,741
1536405,8,0,0,9,0,"F",1,62500,742
1536527,8,0,0,3,0,"F",1,225000,743
1536579,8,0,0,2,1,"F",1,187500,744
1537347,8,0,0,11,0,"F",1,225000,745
1537995,8,0,0,1,0,"F",0,62500,746
1538175,8,0,0,10,2,"F",1,250000,747
1538662,8,0,0,9,0,"F",1,112500,748
1538919,8,0,0,7,0,"F",1,250000,749
1539494,8,0,0,13,1,"F",1,250000,750
1539570,8,0,0,3,1,"F",1,87500,751
1540059,8,0,0,9,0,"M",1,87500,752
1540194,8,0,0,1,0,"F",1,187500,753
1540364,8,0,0,11,0,"F",1,7500,754
1540829,8,0,0,5,0,"F",1,187500,755
1540910,8,1,0,11,2,"F",1,137500,756
1540936,8,0,0,10,0,"F",1,62500,757
1541156,8,0,0,11,0,"F",1,7500,758
1541593,8,0,0,11,0,"F",1,250000,759
1541662,8,0,0,12,3,"F",1,112500,760
1541734,8,0,0,11,0,"F",1,137500,761
1541834,8,0,0,4,0,"F",1,250000,762
1541894,8,0,0,8,0,"F",0,42500,763
1542247,8,0,0,7,1,"F",1,225000,764
1542523,8,0,0,10,1,"F",1,187500,765
1542740,8,0,0,10,2,"F",0,30000,766
1543012,8,0,0,10,0,"M",1,112500,767
1543181,8,0,0,13,4,"M",1,250000,768
1543552,8,0,0,10,0,"F",0,112500,769
1543563,8,0,0,10,1,"F",1,250000,770
1543633,8,0,0,11,0,"F",1,112500,771
1544590,8,0,0,10,2,"F",0,187500,772
1544693,8,1,0,11,1,"F",1,250000,773
1545273,8,0,0,11,2,"F",0,137500,774
1545322,8,0,0,11,0,"M",1,250000,775
1546709,8,0,0,8,1,"F",1,250000,776
1546922,8,1,0,10,2,"M",1,137500,777
1546932,8,0,0,8,0,"F",0,112500,778
1546959,8,0,0,11,2,"F",1,187500,779
1546989,8,0,0,10,1,"M",1,225000,780
1547464,8,0,0,7,0,"F",1,87500,781
1547476,8,0,0,9,1,"F",0,225000,782
1547622,8,0,0,8,0,"F",1,187500,783
1547752,8,0,0,2,0,"F",1,112500,784
1547850,8,0,0,6,0,"F",1,20000,785
1548040,8,0,0,5,0,"F",0,112500,786
1548129,8,0,0,6,0,"F",1,112500,787
1548209,8,0,0,9,1,"F",1,20000,788
1548503,8,0,0,8,0,"F",1,62500,789
1548540,8,0,0,10,0,"F",1,87500,790
1548673,8,0,0,9,0,"F",1,112500,791
1549599,8,0,0,10,0,"M",1,187500,792
1550040,8,0,0,11,0,"M",1,20000,793
1550161,8,0,0,11,3,"F",1,62500,794
1550456,8,0,0,9,0,"F",1,225000,795
1550894,8,0,0,8,0,"F",1,87500,796
1551030,8,0,0,6,0,"F",1,225000,797
1551330,8,1,0,2,1,"M",1,87500,798
1551510,8,0,0,3,0,"F",1,162500,799
1551891,8,0,0,10,1,"F",1,187500,800
1552409,8,0,0,9,0,"M",1,137500,801
1552458,8,0,0,10,0,"F",1,62500,802
1552507,8,1,0,6,1,"F",1,137500,803
1552803,8,0,0,8,1,"F",1,225000,804
1552831,8,0,0,8,0,"M",1,112500,805
1553098,8,0,0,10,0,"F",1,87500,806
1553185,8,0,0,8,0,"F",1,187500,807
1553615,8,0,0,8,0,"F",1,187500,808
1553840,8,0,0,11,0,"M",1,20000,809
1553857,8,0,0,1,0,"M",1,87500,810
1553951,8,0,0,8,0,"F",1,225000,811
1554033,8,0,0,6,0,"F",1,62500,812
1554034,8,0,0,9,0,"F",1,162500,813
1554062,8,0,0,2.40000009536743,0,"F",1,87500,814
1554533,8,1,0,8,1,"F",1,62500,815
1554853,8,0,0,1,0,"M",1,42500,816
1554983,8,0,0,8,0,"M",1,87500,817
1555310,8,0,0,10,0,"F",1,187500,818
1555529,8,0,0,8,2,"M",1,225000,819
1555776,8,0,0,7,0,"F",1,20000,820
1555876,8,0,0,4,1,"F",0,112500,821
1556592,8,0,0,9,0,"F",1,62500,822
1556634,8,0,0,3.0238094329834,0,"M",0,87500,823
1556652,8,0,0,9,0,"F",1,42500,824
1557407,8,0,0,1,0,"F",1,162500,825
1557751,8,0,0,8,1,"F",1,162500,826
1558181,8,0,0,9,0,"F",0,62500,827
1558593,8,0,0,11,0,"F",1,137500,828
1559861,8,0,0,4,0,"F",0,20000,829
1560624,8,1,0,4,2,"F",1,62500,830
1561366,8,0,0,9,0,"F",1,62500,831
1561573,8,0,0,6,0,"F",1,137500,832
1563321,8,0,0,8,0,"F",1,187500,833
1563505,8,0,0,7,0,"M",0,62500,834
1563807,8,2,0,12,3,"F",0,112500,835
1564353,8,2,0,8,3,"F",1,137500,836
1564381,8,0,0,8,0,"F",1,42500,837
1564432,8,0,0,10,0,"F",1,20000,838
1564440,8,0,0,8,0,"F",1,62500,839
1564588,8,0,0,2.78723406791687,0,"F",1,162500,840
1565437,8,0,0,10,0,"F",1,87500,841
1565459,8,0,0,11,1,"F",1,162500,842
1565552,8,0,0,3,0,"F",1,187500,843
1565565,8,0,0,8,0,"M",0,112500,844
1565621,8,0,0,7,0,"F",1,42500,845
1566766,8,0,0,10,1,"F",1,62500,846
1566910,8,0,0,3.34313726425171,0,"M",0,42500,847
1567216,8,0,0,9,2,"F",1,112500,848
1567225,8,0,0,10,0,"F",1,42500,849
1567585,8,0,0,10,0,"M",0,87500,850
1568736,8,0,0,6,1,"F",1,137500,851
1569143,8,0,0,12,1,"F",1,87500,852
1569250,8,0,0,9,1,"M",0,7500,853
1570352,8,0,0,6,0,"F",1,62500,854
1570791,8,0,0,4,0,"F",1,112500,855
1571168,8,0,0,9,0,"F",1,42500,856
1571704,8,0,0,10,0,"F",1,42500,857
1572013,8,0,0,7,0,"F",1,87500,858
1572475,8,0,0,11,1,"F",1,87500,859
1572791,8,0,0,3,0,"F",0,137500,860
1572826,8,0,0,10,1,"F",1,87500,861
1572876,8,0,0,5,0,"M",0,20000,862
1573368,8,0,0,9,0,"M",0,62500,863
1573406,8,0,0,3,1,"F",1,87500,864
1573782,8,0,0,8,0,"F",1,112500,865
1573961,8,0,0,10,0,"M",1,62500,866
1574217,8,0,0,8,1,"M",1,187500,867
1574944,8,0,0,11,1,"F",1,87500,868
1575622,8,2,0,8,4,"F",1,137500,869
1575638,8,0,0,11,0,"F",1,87500,870
1575664,8,0,0,8,1,"F",0,20000,871
1576304,8,0,0,11,0,"M",1,250000,872
1576669,8,0,0,11,0,"F",1,112500,873
1576876,8,0,0,1,0,"F",1,137500,874
1576998,8,0,0,3,0,"F",1,250000,875
1577505,8,0,0,9,1,"M",0,20000,876
1577931,8,0,0,10,2,"F",0,112500,877
1580292,8,0,0,10,0,"F",1,250000,878
1580324,8,0,0,10,0,"M",1,87500,879
1580380,8,1,0,12,2,"F",1,187500,880
1580422,8,0,0,1,0,"M",1,225000,881
1580699,8,0,0,8,0,"M",1,30000,882
1581113,8,0,0,9,0,"F",0,112500,883
1581720,8,0,0,3.93396234512329,1,"F",1,250000,884
1582050,8,1,0,9,1,"F",1,137500,885
1582294,8,0,0,7,0,"F",1,250000,886
1582445,8,0,0,6,0,"F",1,137500,887
1582970,8,0,0,2,0,"F",1,187500,888
1583212,8,0,0,7,0,"F",1,250000,889
1583903,8,0,0,9,0,"F",1,250000,890
1583918,8,0,0,10,0,"F",0,162500,891
1584353,8,0,0,10,0,"F",0,87500,892
1584557,8,0,0,8,1,"F",1,62500,893
1584736,8,0,0,8,1,"F",0,87500,894
1584822,8,0,0,10,0,"F",1,62500,895
1585152,8,0,0,13,0,"F",1,30000,896
1586387,8,0,0,11,0,"F",1,187500,897
1586988,8,0,0,9,0,"F",1,87500,898
1587401,8,0,0,9,0,"F",1,87500,899
1587615,8,2,0,9,2,"F",1,30000,900
1587812,8,0,0,10,0,"F",1,225000,901
1588035,8,0,0,4,0,"F",1,112500,902
1588596,8,0,0,10,0,"M",1,137500,903
1588827,8,0,0,2.13541674613953,0,"M",1,137500,904
1588865,8,0,0,2,1,"M",1,112500,905
1589682,8,0,0,10,0,"F",1,250000,906
1589774,8,0,0,7,0,"M",1,62500,907
1590492,8,0,0,9,0,"M",1,250000,908
1590674,8,0,0,10,0,"F",1,20000,909
1590711,8,1,0,8,1,"F",1,187500,910
1590921,8,0,0,12,2,"F",1,250000,911
1590969,8,0,0,8,4,"F",0,42500,912
1591056,8,0,0,1,1,"F",1,225000,913
1591165,8,0,0,1,0,"F",1,250000,914
1591251,8,0,0,11,0,"F",0,87500,915
1591366,8,0,0,9,0,"M",1,250000,916
1591670,8,0,0,14,0,"M",1,137500,917
1591722,8,0,0,5,0,"F",0,62500,918
1591917,8,0,0,7,0,"F",1,187500,919
1591990,8,0,0,1,0,"M",0,42500,920
1592216,8,0,0,9,1,"F",1,62500,921
1592278,8,0,0,10,1,"F",1,187500,922
1592293,8,0,0,10,1,"F",1,112500,923
1592707,8,1,0,11,2,"F",1,250000,924
1592744,8,0,0,9,0,"F",0,112500,925
1592908,8,2,0,8,4,"F",1,87500,926
1593038,8,0,0,9,0,"F",1,112500,927
1593301,8,0,0,9,1,"M",1,62500,928
1593487,8,1,0,11,3,"M",1,87500,929
1593651,8,0,0,5,0,"F",1,42500,930
1593813,8,0,0,10,0,"F",0,20000,931
1594152,8,0,0,10,1,"F",1,87500,932
1594307,8,0,0,8,0,"F",0,87500,933
1594407,8,0,0,9,0,"F",1,187500,934
1594775,8,0,0,11,2,"F",1,42500,935
1596452,8,0,0,8,0,"F",1,112500,936
1596829,8,0,0,10,0,"M",1,112500,937
1597491,8,0,0,7,1,"F",1,42500,938
1598463,8,0,0,9,0,"F",1,62500,939
1598633,8,0,0,11,0,"F",1,112500,940
1598919,8,0,0,2,0,"F",0,62500,941
1599722,8,0,0,8,1,"M",1,42500,942
1599748,8,0,0,8,0,"F",0,7500,943
1601262,8,0,0,10,0,"F",1,62500,944
1601710,8,0,0,7,0,"F",1,87500,945
1601726,8,0,0,11,1,"F",1,87500,946
1602013,8,0,0,1,0,"F",0,42500,947
1602093,8,0,0,1,0,"M",1,42500,948
1602541,8,0,0,3,0,"M",1,112500,949
1603217,8,0,0,11,0,"F",1,62500,950
1603225,8,0,0,10,0,"F",0,225000,951
1603429,8,0,0,12,0,"F",1,62500,952
1604015,8,0,0,8,2,"F",1,62500,953
1604126,8,1,0,7,2,"F",1,112500,954
1604128,8,0,0,9,0,"F",0,187500,955
1604268,8,0,0,2.06578946113586,0,"F",1,62500,956
1604528,8,0,0,8,0,"F",1,112500,957
1605044,8,0,0,10,0,"F",1,225000,958
1605048,8,0,0,1,0,"F",1,187500,959
1605961,8,0,0,8,0,"F",0,112500,960
1608086,8,0,0,7,0,"F",0,112500,961
1608536,8,0,0,7,1,"M",1,87500,962
1608611,8,0,0,6,0,"F",1,62500,963
1608612,8,0,0,12,1,"F",0,20000,964
1608644,8,0,0,10,1,"F",0,250000,965
1609138,8,0,0,2,0,"F",1,112500,966
1609335,8,0,0,9,0,"F",1,87500,967
1609688,8,0,0,10,0,"F",0,42500,968
1609694,8,0,0,7,1,"M",1,42500,969
1609742,8,0,0,12,0,"F",1,20000,970
1610234,8,0,0,9,0,"F",1,42500,971
1610404,8,0,0,11,0,"M",0,62500,972
1611512,8,0,0,3,0,"F",1,30000,973
1611563,8,0,0,6,1,"F",1,250000,974
1612208,8,0,0,11,1,"M",1,187500,975
1612444,8,1,0,10,1,"F",1,250000,976
1612702,8,0,0,10,0,"F",1,137500,977
1612863,8,0,0,8,0,"F",0,42500,978
1612987,8,1,0,15,6,"F",0,187500,979
1613295,8,1,0,15,2,"F",1,7500,980
1613630,8,0,0,7,0,"F",1,137500,981
1613669,8,0,0,1,2,"F",1,225000,982
1613754,8,0,0,1,2,"F",1,250000,983
1613787,8,0,0,10,1,"M",1,187500,984
1614408,8,0,0,6,0,"F",1,225000,985
1614896,8,1,0,8,2,"F",0,112500,986
1614950,8,0,0,6,0,"F",1,62500,987
1614982,8,1,0,10,1,"M",0,62500,988
1615046,8,0,0,7,0,"F",0,42500,989
1615126,8,0,0,2,1,"M",1,112500,990
1616126,8,0,0,2.47368431091309,0,"F",1,112500,991
1616413,8,0,0,1,0,"F",1,42500,992
1617245,8,1,0,9,2,"F",0,30000,993
1617490,8,1,0,9,2,"F",1,187500,994
1617675,8,0,0,12,1,"F",0,87500,995
1617709,8,0,0,2,0,"F",1,62500,996
1618855,8,0,0,1,1,"F",0,62500,997
1619223,8,0,0,9,2,"F",1,20000,998
1620927,8,0,0,8,0,"M",0,112500,999
1620942,8,0,0,9,0,"F",1,20000,1000
117514,9,0,0,9,2,"F",0,42500,1
287398,9,0,0,4,0,"F",0,42500,2
469734,9,0,0,7,0,"F",1,250000,3
1054974,9,0,0,5,0,"F",1,137500,4
1060246,9,0,0,10,0,"F",1,62500,5
1061355,9,0,0,7,2,"F",1,87500,6
1061649,9,0,0,6,2,"M",1,225000,7
1062171,9,0,0,5,1,"F",1,250000,8
1063617,9,1,0,8,3,"F",1,250000,9
1068288,9,0,0,8,1,"F",0,30000,10
1071414,9,0,0,9,1,"F",1,62500,11
1077480,9,0,0,2,0,"F",0,62500,12
1081075,9,0,0,8,1,"F",1,250000,13
1081928,9,0,0,8,2,"F",1,62500,14
1082351,9,0,0,2,0,"F",0,30000,15
1087152,9,0,0,8,3,"F",1,187500,16
1089142,9,0,0,4,0,"F",1,87500,17
1091840,9,0,0,5,0,"F",1,30000,18
1094021,9,0,0,3,0,"F",1,87500,19
1094281,9,0,0,1,0,"F",1,62500,20
1100417,9,0,0,6,0,"F",1,62500,21
1100757,9,0,0,2,2,"F",0,112500,22
1102828,9,0,0,7,1,"F",0,62500,23
1103923,9,0,0,1,0,"F",1,225000,24
1107037,9,0,0,7,0,"F",1,112500,25
1108749,9,1,0,11,2,"F",0,87500,26
1108764,9,0,0,1,0,"F",0,62500,27
1111628,9,0,0,8,0,"F",1,137500,28
1111718,9,0,0,5,0,"F",1,112500,29
1114150,9,0,0,2,0,"F",0,30000,30
1117270,9,0,0,1,0,"M",1,20000,31
1120531,9,0,0,9,0,"F",1,62500,32
1122158,9,2,0,8,2,"F",0,62500,33
1128451,9,0,0,7,0,"F",1,42500,34
1136393,9,0,0,4,0,"F",0,112500,35
1136784,9,0,0,7,1,"M",0,225000,36
1139371,9,0,0,3,1,"F",0,42500,37
1139886,9,0,0,6,1,"F",1,112500,38
1144195,9,0,0,6,0,"M",1,250000,39
1144979,9,0,0,8,1,"F",1,112500,40
1145339,9,0,0,6,1,"F",1,62500,41
1145483,9,0,0,4,0,"F",0,7500,42
1146117,9,0,0,2,1,"M",0,87500,43
1147315,9,0,0,8,1,"F",1,187500,44
1148446,9,0,0,8,1,"F",0,20000,45
1149897,9,0,0,4,0,"M",0,30000,46
1149964,9,0,0,8,0,"F",1,42500,47
1150751,9,0,0,5,0,"M",0,7500,48
1150797,9,0,0,7,2,"F",1,162500,49
1151559,9,1,0,10,1,"F",1,112500,50
1151769,9,0,0,7,1,"F",0,112500,51
1152166,9,0,0,6,0,"M",1,137500,52
1152366,9,0,0,3,0,"F",1,87500,53
1153528,9,0,0,8,0,"M",1,62500,54
1153766,9,0,0,7,0,"F",1,162500,55
1155123,9,0,0,2,0,"F",1,112500,56
1156205,9,1,0,9,2,"F",0,112500,57
1156827,9,0,0,7,0,"F",0,7500,58
1157198,9,0,0,4,0,"F",1,20000,59
1165832,9,0,0,7,2,"F",0,62500,60
1166157,9,0,0,13,0,"F",0,137500,61
1167911,9,0,0,7,1,"F",1,87500,62
1168134,9,0,0,7,1,"F",0,162500,63
1168271,9,0,0,9,0,"F",1,112500,64
1171923,9,0,0,6,0,"F",0,62500,65
1172112,9,0,0,4,0,"F",0,20000,66
1174038,9,0,0,5,0,"M",1,112500,67
1174562,9,0,0,7,0,"F",1,62500,68
1174985,9,0,0,8,1,"F",1,62500,69
1176048,9,0,0,9,0,"F",1,62500,70
1179432,9,0,0,7,1,"F",1,87500,71
1179878,9,0,0,3,0,"M",1,62500,72
1180407,9,0,0,8,2,"F",0,62500,73
1180590,9,0,0,8,1,"F",0,112500,74
1180640,9,0,0,3,1,"F",1,62500,75
1181283,9,0,0,5,1,"F",1,62500,76
1181372,9,0,0,2,0,"M",1,62500,77
1181576,9,0,0,3,1,"F",1,87500,78
1182877,9,0,0,3,0,"M",1,62500,79
1184139,9,0,0,5,1,"F",1,20000,80
1184169,9,0,0,9,2,"F",1,112500,81
1184297,9,0,0,3,0,"M",1,112500,82
1184913,9,0,0,3,0,"F",1,87500,83
1185813,9,0,0,2,2,"M",1,87500,84
1185876,9,0,0,1,0,"F",1,137500,85
1186126,9,0,0,7,0,"F",1,62500,86
1187131,9,0,0,1,0,"M",0,42500,87
1187232,9,0,0,6,0,"F",0,62500,88
1187420,9,0,0,11,0,"F",1,87500,89
1187873,9,0,0,9,3,"M",1,112500,90
1187978,9,0,0,6,0,"F",1,62500,91
1188069,9,0,0,3,0,"F",1,162500,92
1188761,9,0,0,5,0,"F",1,162500,93
1188833,9,0,0,5,0,"F",1,62500,94
1189258,9,0,0,5,0,"F",1,225000,95
1189412,9,0,0,2,0,"F",1,20000,96
1189715,9,1,0,2,1,"M",1,162500,97
1189764,9,0,0,3,0,"F",1,137500,98
1190134,9,0,0,8,2,"F",0,20000,99
1190711,9,0,0,7,0,"F",1,162500,100
1191253,9,0,0,8,1,"F",0,62500,101
1191595,9,0,0,7,2,"F",1,62500,102
1191968,9,0,0,3,0,"F",1,112500,103
1192704,9,1,0,7,3,"F",1,62500,104
1192874,9,0,0,5,2,"F",1,62500,105
1193114,9,0,0,7,0,"F",1,162500,106
1193232,9,0,0,1,0,"M",1,112500,107
1193743,9,1,0,5,1,"F",1,20000,108
1193751,9,0,0,4,0,"F",0,42500,109
1193787,9,0,0,7,1,"F",1,62500,110
1194121,9,0,0,3,0,"F",0,42500,111
1194319,9,0,0,8,0,"F",0,62500,112
1194477,9,0,0,11,1,"F",1,112500,113
1195243,9,0,0,7,1,"F",1,62500,114
1195315,9,0,0,5,0,"M",1,112500,115
1195629,9,0,0,7,1,"M",1,62500,116
1196370,9,1,0,9,2,"F",0,137500,117
1196373,9,0,0,1,0,"F",1,87500,118
1196532,9,0,0,8,0,"F",1,112500,119
1196672,9,0,0,6,0,"F",0,62500,120
1196715,9,0,0,7,2,"F",1,62500,121
1196867,9,0,0,6,0,"F",1,62500,122
1197628,9,0,0,2,0,"M",0,137500,123
1198131,9,0,0,3,0,"F",0,42500,124
1198229,9,0,0,7,0,"F",1,62500,125
1198340,9,0,0,2.20731711387634,0,"F",1,112500,126
1198656,9,0,0,3,0,"F",0,42500,127
1198936,9,0,0,8,1,"M",0,162500,128
1199872,9,0,0,7,1,"F",0,87500,129
1202556,9,0,0,5,2,"F",1,62500,130
1204291,9,0,0,1,0,"F",0,20000,131
1204517,9,1,0,9,3,"F",1,62500,132
1204703,9,0,0,5,0,"F",0,87500,133
1205899,9,0,0,3,0,"F",1,162500,134
1207119,9,0,0,2,0,"F",1,62500,135
1208107,9,0,0,3,0,"F",1,112500,136
1208888,9,0,0,1,0,"F",0,20000,137
1209486,9,0,0,7,0,"F",1,62500,138
1209955,9,0,0,3,1,"M",1,225000,139
1210800,9,0,0,7,0,"F",1,250000,140
1211027,9,0,0,6,0,"F",1,112500,141
1211068,9,0,0,9,0,"F",0,250000,142
1211288,9,1,0,7,2,"F",0,7500,143
1211807,9,0,0,1,0,"F",1,42500,144
1212464,9,0,0,6,0,"F",0,42500,145
1213078,9,0,0,7,0,"F",1,250000,146
1213693,9,0,0,8,0,"F",1,162500,147
1216811,9,0,0,3,1,"F",1,162500,148
1217376,9,0,0,7,1,"F",1,137500,149
1217401,9,0,0,6,0,"F",0,62500,150
1221162,9,0,0,6,1,"F",1,62500,151
1222034,9,0,0,6,1,"M",1,87500,152
1222561,9,0,0,4,0,"F",1,62500,153
1224353,9,0,0,5,0,"F",1,87500,154
1224379,9,0,0,5,0,"F",1,162500,155
1225029,9,0,0,2,0,"F",1,62500,156
1225288,9,0,0,4,0,"F",1,112500,157
1225581,9,0,0,6,0,"F",1,30000,158
1226932,9,2,0,7,4,"F",1,87500,159
1226943,9,0,0,10,3,"F",1,162500,160
1227191,9,0,0,5,0,"F",1,112500,161
1227743,9,0,0,8,1,"F",0,62500,162
1228628,9,0,0,4,1,"F",1,62500,163
1228793,9,3,0,9,4,"F",0,87500,164
1229147,9,0,0,11,1,"F",1,87500,165
1229564,9,0,0,8,0,"F",1,62500,166
1229612,9,0,0,9,2,"M",1,187500,167
1229771,9,0,0,10,0,"F",1,87500,168
1229884,9,1,0,3,1,"F",1,112500,169
1230105,9,0,0,8,1,"F",1,137500,170
1230445,9,1,0,8,1,"F",1,62500,171
1230648,9,0,0,4,0,"F",1,87500,172
1230860,9,0,0,5,0,"F",1,62500,173
1231637,9,0,0,3,0,"F",1,112500,174
1233436,9,0,0,8,0,"F",0,162500,175
1233553,9,0,0,9,2,"F",1,112500,176
1234916,9,0,0,6,1,"M",1,62500,177
1237257,9,0,0,6,1,"F",1,62500,178
1237667,9,0,0,6,0,"F",1,87500,179
1238108,9,0,0,5,1,"F",1,42500,180
1238707,9,0,0,3,2,"F",1,62500,181
1238904,9,0,0,4,0,"M",1,87500,182
1239286,9,0,0,4,0,"F",1,250000,183
1239623,9,0,0,5,1,"F",0,42500,184
1239849,9,0,0,2,0,"F",1,112500,185
1239936,9,0,0,1,0,"F",0,7500,186
1240102,9,0,0,4,0,"F",0,62500,187
1241439,9,0,0,6,0,"F",1,112500,188
1241595,9,0,0,8,2,"F",1,62500,189
1241711,9,0,0,7,0,"F",1,87500,190
1242022,9,0,0,4,0,"F",1,62500,191
1242223,9,0,0,7,5,"M",1,137500,192
1242542,9,0,0,2,0,"M",1,137500,193
1243937,9,0,0,8,0,"F",1,87500,194
1244277,9,0,0,3,1,"F",0,112500,195
1245286,9,0,0,4,0,"F",1,62500,196
1246704,9,0,0,8,0,"F",1,87500,197
1247392,9,0,0,4,0,"F",1,87500,198
1248826,9,0,0,7,2,"F",1,87500,199
1249794,9,0,0,5,0,"F",0,137500,200
1250074,9,0,0,5,1,"F",0,87500,201
1250242,9,0,0,3,0,"F",0,250000,202
1250577,9,0,0,5,1,"F",1,62500,203
1250585,9,0,0,7,0,"F",1,187500,204
1250879,9,0,0,3,0,"F",1,137500,205
1250899,9,0,0,3,0,"M",1,112500,206
1251138,9,0,0,6,1,"M",1,137500,207
1251550,9,1,0,8,1,"F",1,62500,208
1251623,9,0,0,3,0,"F",1,7500,209
1251804,9,0,0,4,1,"F",0,137500,210
1251816,9,0,0,8,2,"F",1,137500,211
1252257,9,0,0,5,0,"F",0,87500,212
1252297,9,0,0,8,2,"M",1,62500,213
1252403,9,1,0,10,5,"M",1,62500,214
1252534,9,0,0,7,0,"F",1,187500,215
1252759,9,0,0,7,0,"F",1,137500,216
1252878,9,0,0,6,0,"F",1,137500,217
1254168,9,1,0,9,2,"F",1,62500,218
1254684,9,0,0,8,0,"M",1,112500,219
1258925,9,0,0,6,0,"F",1,42500,220
1259640,9,0,0,6,0,"M",1,87500,221
1259672,9,0,0,5,0,"F",1,62500,222
1259740,9,0,0,7,1,"F",1,30000,223
1262332,9,0,0,6,0,"F",1,87500,224
1262373,9,0,0,7,2,"F",1,250000,225
1262926,9,0,0,4,0,"F",1,62500,226
1263058,9,0,0,5,0,"F",0,137500,227
1263919,9,0,0,5,0,"M",0,30000,228
1264065,9,0,0,7,0,"F",1,187500,229
1264317,9,0,0,7,1,"F",1,187500,230
1264505,9,0,0,3,1,"F",1,87500,231
1264703,9,0,0,9,0,"F",0,30000,232
1265443,9,0,0,8,1,"F",0,20000,233
1265755,9,0,0,6,0,"F",1,112500,234
1265835,9,0,0,3,0,"F",1,112500,235
1265892,9,0,0,5,0,"F",0,187500,236
1266201,9,0,0,1,0,"F",1,187500,237
1268413,9,0,0,6,2,"F",1,62500,238
1269756,9,0,0,7,1,"F",1,62500,239
1269824,9,0,0,3,0,"M",0,30000,240
1273931,9,0,0,6,0,"F",1,20000,241
1275308,9,0,0,9,1,"M",1,87500,242
1275698,9,0,0,2,0,"F",1,87500,243
1275888,9,0,0,2,0,"F",1,137500,244
1276784,9,0,0,4,2,"F",0,20000,245
1277335,9,0,0,4,0,"F",1,42500,246
1279299,9,1,0,1,1,"M",1,87500,247
1279847,9,0,0,4,0,"F",1,42500,248
1280469,9,0,0,6,0,"F",0,7500,249
1281674,9,0,0,6,3,"F",0,137500,250
1285561,9,1,0,6,1,"F",1,250000,251
1286058,9,0,0,5,0,"F",1,250000,252
1286676,9,0,0,7,1,"M",1,225000,253
1287337,9,0,0,9,0,"F",0,62500,254
1288054,9,0,0,8,1,"F",1,42500,255
1288246,9,0,0,4,0,"F",0,62500,256
1288502,9,0,0,8,1,"M",0,137500,257
1288666,9,0,0,4,0,"F",1,62500,258
1288675,9,0,0,5,0,"F",1,20000,259
1288774,9,0,0,11,0,"F",1,187500,260
1288902,9,0,0,8,0,"F",1,87500,261
1289229,9,0,0,1,0,"F",0,112500,262
1290077,9,0,0,2,0,"F",1,87500,263
1290515,9,0,0,3,0,"F",0,87500,264
1290723,9,0,0,5,1,"F",0,30000,265
1291318,9,0,0,4,2,"F",1,42500,266
1291608,9,0,0,6,0,"F",0,30000,267
1292847,9,0,0,16,1,"F",1,42500,268
1293296,9,0,0,7,0,"F",1,30000,269
1293595,9,0,0,6,2,"F",1,62500,270
1293939,9,0,0,6,0,"F",1,250000,271
1294157,9,0,0,6,1,"F",1,62500,272
1294200,9,0,0,7,0,"F",1,62500,273
1294399,9,0,0,7,0,"F",0,30000,274
1294837,9,0,0,5,1,"F",0,62500,275
1297008,9,0,0,4,0,"F",0,7500,276
1297323,9,0,0,2,0,"F",0,7500,277
1297452,9,0,0,6,1,"M",1,87500,278
1297615,9,0,0,4,0,"F",0,20000,279
1297678,9,0,0,4,0,"M",1,62500,280
1298036,9,0,0,3,0,"F",0,7500,281
1298136,9,0,0,9,1,"M",0,30000,282
1298614,9,0,0,8,0,"F",1,62500,283
1300363,9,0,0,6,0,"M",1,42500,284
1300457,9,0,0,1,0,"M",1,42500,285
1301237,9,0,0,2,0,"F",1,20000,286
1301332,9,0,0,8,1,"M",1,42500,287
1301620,9,0,0,3,0,"F",1,87500,288
1302173,9,0,0,8,0,"F",1,225000,289
1302216,9,0,0,2,0,"F",1,62500,290
1302375,9,0,0,8,0,"F",1,87500,291
1303092,9,1,0,6,2,"F",1,62500,292
1303908,9,0,0,7,1,"M",1,87500,293
1304518,9,0,0,6,1,"F",1,87500,294
1304751,9,0,0,4,1,"F",0,30000,295
1306505,9,0,0,7,0,"F",0,62500,296
1307675,9,0,0,9,0,"F",1,62500,297
1307821,9,0,0,6,2,"M",1,42500,298
1310138,9,0,0,4,1,"F",1,62500,299
1310269,9,0,0,7,0,"F",0,112500,300
1311143,9,0,0,3,0,"M",0,62500,301
1311172,9,0,0,4,0,"M",1,137500,302
1311388,9,0,0,8,3,"M",0,20000,303
1312227,9,0,0,8,0,"F",0,62500,304
1313291,9,0,0,2,0,"F",1,162500,305
1313396,9,1,0,10,2,"F",0,30000,306
1313735,9,0,0,7,1,"F",1,20000,307
1313856,9,0,0,7,0,"F",0,20000,308
1314520,9,0,0,4,0,"F",1,62500,309
1314682,9,0,0,1,0,"F",0,20000,310
1314969,9,0,0,7,0,"F",0,87500,311
1315946,9,0,0,4,1,"F",0,62500,312
1317054,9,0,0,8,0,"F",0,7500,313
1317356,9,0,0,4,0,"F",1,62500,314
1318696,9,1,0,5,1,"F",0,62500,315
1318996,9,0,0,8,0,"F",1,62500,316
1319548,9,0,0,4,0,"F",0,20000,317
1319613,9,0,0,6,0,"F",0,137500,318
1319738,9,0,0,3,1,"F",1,137500,319
1320734,9,0,0,8,0,"F",1,20000,320
1320750,9,0,0,5,0,"F",0,7500,321
1322205,9,0,0,9,0,"F",1,62500,322
1322235,9,0,0,5,0,"F",0,62500,323
1322521,9,0,0,4,2,"M",1,42500,324
1322942,9,0,0,8,0,"F",1,87500,325
1323304,9,0,0,11,0,"F",1,162500,326
1323359,9,0,0,11,2,"M",0,187500,327
1323491,9,0,0,5,0,"F",1,250000,328
1323698,9,0,0,5,0,"M",0,250000,329
1323962,9,0,0,7,1,"M",1,62500,330
1324251,9,0,0,3,0,"F",0,20000,331
1324843,9,1,0,6,2,"F",1,87500,332
1325556,9,0,0,3,0,"F",0,20000,333
1327146,9,0,0,8,0,"F",1,162500,334
1328158,9,0,0,6,1,"F",1,62500,335
1328623,9,0,0,7,1,"M",1,30000,336
1328832,9,0,0,5,0,"F",1,187500,337
1329574,9,0,0,6,0,"F",0,42500,338
1330046,9,0,0,3,0,"F",1,112500,339
1330272,9,1,0,7,1,"F",1,137500,340
1330497,9,0,0,6,0,"F",1,162500,341
1331244,9,0,0,8,0,"F",0,30000,342
1331261,9,0,0,3,0,"F",0,7500,343
1331950,9,1,0,9,2,"F",1,62500,344
1333858,9,0,0,5,1,"F",1,112500,345
1335680,9,0,0,3,1,"F",1,62500,346
1335920,9,0,0,6,0,"F",1,42500,347
1335980,9,0,0,4,0,"F",0,20000,348
1336426,9,1,0,4,1,"F",0,20000,349
1336946,9,0,0,5,0,"M",1,20000,350
1338200,9,1,0,6,1,"F",1,162500,351
1338378,9,0,0,7,0,"F",1,225000,352
1339574,9,0,0,8,0,"F",1,42500,353
1339822,9,0,0,5,0,"F",1,112500,354
1340176,9,0,0,7,0,"M",1,42500,355
1340267,9,0,0,5,0,"F",0,42500,356
1341891,9,0,0,5,1,"F",0,62500,357
1342799,9,0,0,4,0,"F",0,62500,358
1343216,9,0,0,1,0,"F",0,187500,359
1344265,9,0,0,3,0,"F",0,87500,360
1344499,9,0,0,9,3,"F",1,87500,361
1344614,9,0,0,9,2,"M",1,225000,362
1345984,9,0,0,9,1,"F",1,112500,363
1346234,9,0,0,3,1,"F",0,162500,364
1347945,9,0,0,6,1,"F",0,112500,365
1348467,9,0,0,5,0,"F",0,87500,366
1348663,9,0,0,5,0,"F",1,62500,367
1348726,9,0,0,5,0,"F",1,62500,368
1349285,9,0,0,8,0,"F",0,42500,369
1349428,9,0,0,7,0,"F",1,87500,370
1349951,9,0,0,6,0,"F",1,20000,371
1350291,9,0,0,10,1,"M",1,87500,372
1350434,9,0,0,6,0,"F",1,162500,373
1351173,9,0,0,2,0,"F",0,87500,374
1351468,9,0,0,5,0,"F",1,7500,375
1351509,9,0,0,2,0,"F",1,62500,376
1351586,9,0,0,5,0,"F",1,162500,377
1351796,9,1,0,6,1,"F",1,7500,378
1352046,9,0,0,5,0,"F",1,87500,379
1352301,9,0,0,3,0,"F",1,42500,380
1352756,9,0,0,7,0,"F",1,62500,381
1352986,9,0,0,8,0,"F",1,42500,382
1353809,9,0,0,14,0,"F",1,112500,383
1353961,9,1,0,7,1,"F",0,20000,384
1354452,9,0,0,7,1,"F",1,62500,385
1354598,9,0,0,6,0,"F",0,42500,386
1354602,9,0,0,7,2,"M",1,62500,387
1354673,9,1,0,3,2,"F",0,7500,388
1355604,9,0,0,4,1,"M",1,7500,389
1356206,9,0,0,7,0,"F",1,62500,390
1358021,9,0,0,6,1,"F",1,112500,391
1358933,9,1,0,10,2,"F",0,112500,392
1361465,9,0,0,3,0,"F",0,137500,393
1362107,9,0,0,3,0,"M",1,162500,394
1363023,9,0,0,4,1,"F",1,30000,395
1363370,9,0,0,3,0,"M",1,62500,396
1364059,9,0,0,10,0,"M",1,112500,397
1366217,9,0,0,3,0,"M",0,112500,398
1366244,9,0,0,8,0,"F",0,112500,399
1367411,9,1,0,8,2,"F",1,20000,400
1367420,9,0,0,14,2,"F",1,162500,401
1368140,9,0,0,9,2,"F",1,62500,402
1368385,9,0,0,1,0,"M",1,162500,403
1369918,9,0,0,5,0,"F",1,87500,404
1372221,9,0,0,3,0,"F",1,7500,405
1372333,9,0,0,3,2,"F",1,62500,406
1374105,9,1,0,6,1,"F",0,7500,407
1374132,9,0,0,5,0,"M",1,62500,408
1374680,9,0,0,3,1,"F",1,62500,409
1375113,9,0,0,6,0,"F",1,87500,410
1376245,9,0,0,3,0,"F",0,62500,411
1377492,9,0,0,11,0,"F",1,137500,412
1377719,9,0,0,3,0,"F",1,137500,413
1378071,9,0,0,8,0,"F",0,62500,414
1378409,9,0,0,10,1,"F",1,62500,415
1380721,9,0,0,2,1,"F",1,42500,416
1381136,9,0,0,5,0,"F",1,62500,417
1381384,9,0,0,6,0,"F",1,162500,418
1381552,9,0,0,9,1,"M",1,87500,419
1381639,9,0,0,4,1,"F",1,225000,420
1381711,9,0,0,4,0,"F",1,87500,421
1382137,9,0,0,4,1,"F",1,112500,422
1382624,9,0,0,7,0,"F",1,62500,423
1382975,9,1,0,8,3,"F",1,112500,424
1384230,9,0,0,6,0,"F",1,137500,425
1384341,9,0,0,6,0,"F",0,137500,426
1385468,9,0,0,1,0,"F",1,250000,427
1385831,9,0,0,4,0,"F",1,42500,428
1386066,9,0,0,3,0,"F",1,112500,429
1386120,9,0,0,5,0,"F",1,42500,430
1387428,9,0,0,8,0,"F",0,62500,431
1387588,9,0,0,5,0,"F",1,42500,432
1388210,9,0,0,6,0,"M",1,62500,433
1388355,9,0,0,1,0,"F",1,62500,434
1388513,9,0,0,4,2,"F",1,162500,435
1388833,9,0,0,8,0,"F",0,42500,436
1389030,9,0,0,6,1,"F",1,62500,437
1389384,9,1,0,9,2,"F",0,42500,438
1389406,9,0,0,7,0,"F",1,87500,439
1389477,9,0,0,6,1,"F",1,62500,440
1390351,9,0,0,8,0,"M",1,162500,441
1392387,9,0,0,5,0,"F",0,87500,442
1393255,9,0,0,4,0,"F",1,87500,443
1393466,9,0,0,3,0,"M",1,87500,444
1393929,9,0,0,5,0,"F",1,225000,445
1394027,9,0,0,1,0,"F",1,162500,446
1395064,9,0,0,7,3,"F",1,162500,447
1395309,9,0,0,3,0,"F",0,42500,448
1395394,9,0,0,7,0,"F",0,7500,449
1396474,9,0,0,1,0,"F",1,62500,450
1396597,9,0,0,5,0,"F",1,87500,451
1396618,9,0,0,6,0,"F",1,87500,452
1396830,9,0,0,7,0,"F",1,87500,453
1397814,9,0,0,5,0,"M",1,137500,454
1398493,9,0,0,2,0,"F",1,87500,455
1398606,9,0,0,5,2,"M",1,20000,456
1399233,9,0,0,4,0,"F",0,42500,457
1399269,9,0,0,10,1,"F",1,62500,458
1399329,9,0,0,8,1,"F",1,112500,459
1401246,9,0,0,3,0,"F",1,42500,460
1401458,9,0,0,6,0,"F",1,62500,461
1403021,9,0,0,7,0,"F",1,112500,462
1403631,9,0,0,6,0,"F",1,62500,463
1403972,9,1,0,10,1,"F",1,162500,464
1404355,9,0,0,5,0,"F",1,87500,465
1404418,9,0,0,5,0,"F",1,42500,466
1404842,9,1,0,3,1,"M",1,112500,467
1405544,9,0,0,8,2,"F",0,20000,468
1406907,9,0,0,6,0,"F",1,87500,469
1408575,9,0,0,4,0,"M",0,30000,470
1410385,9,0,0,8,0,"F",1,162500,471
1411418,9,0,0,3,1,"M",1,87500,472
1412397,9,0,0,7,0,"M",1,42500,473
1412511,9,0,0,2,0,"F",1,42500,474
1412646,9,0,0,12,0,"F",1,162500,475
1413182,9,1,0,7,2,"F",1,112500,476
1413837,9,0,0,5,1,"F",1,225000,477
1413925,9,0,0,7,4,"F",0,62500,478
1414361,9,0,0,3,0,"F",1,112500,479
1414857,9,0,0,6,0,"M",1,162500,480
1414873,9,0,0,3,0,"F",1,112500,481
1415098,9,0,0,10,2,"F",0,87500,482
1415320,9,1,0,8,3,"F",1,162500,483
1416429,9,0,0,8,1,"F",1,87500,484
1416731,9,0,0,4,0,"F",1,162500,485
1416940,9,0,0,7,2,"F",0,137500,486
1417159,9,0,0,2,0,"M",0,20000,487
1417523,9,0,0,2,0,"F",1,187500,488
1418358,9,0,0,10,0,"F",0,112500,489
1418818,9,1,0,7,3,"F",1,87500,490
1419071,9,0,0,7,0,"M",1,87500,491
1419406,9,0,0,6,0,"F",1,62500,492
1419467,9,0,0,7,0,"F",1,162500,493
1419627,9,1,0,7,1,"M",1,87500,494
1419833,9,0,0,6,0,"F",1,225000,495
1420095,9,0,0,3,0,"M",1,187500,496
1420139,9,0,0,8,1,"F",1,112500,497
1420150,9,0,0,6,1,"F",0,7500,498
1420458,9,0,0,7,3,"M",1,20000,499
1420461,9,1,0,4,1,"F",1,62500,500
1420462,9,0,0,9,0,"F",1,162500,501
1420478,9,0,0,3,1,"F",1,42500,502
1420505,9,0,0,3,0,"F",0,7500,503
1420957,9,0,0,4,0,"F",1,225000,504
1420990,9,0,0,6,0,"F",0,87500,505
1421112,9,0,0,3,0,"F",0,87500,506
1421265,9,0,0,7,0,"F",0,137500,507
1421359,9,0,0,3,1,"F",0,7500,508
1422155,9,0,0,8,0,"F",1,187500,509
1422249,9,0,0,1,0,"M",0,62500,510
1424297,9,0,0,2,0,"M",1,20000,511
1424626,9,1,0,9,3,"F",0,112500,512
1425960,9,0,0,4,0,"F",0,20000,513
1426165,9,0,0,8,1,"F",0,112500,514
1426230,9,0,0,3,1,"F",0,7500,515
1426266,9,0,0,9,1,"F",1,112500,516
1426799,9,0,0,7,1,"F",1,87500,517
1427258,9,0,0,4,0,"F",0,62500,518
1427579,9,0,0,2,0,"F",1,87500,519
1427915,9,0,0,3,0,"F",0,62500,520
1428277,9,1,0,8,1,"M",1,112500,521
1429936,9,0,0,11,3,"F",1,187500,522
1430214,9,0,0,7,0,"M",0,112500,523
1430754,9,0,0,3,0,"M",1,187500,524
1431104,9,0,0,3,0,"F",0,250000,525
1431118,9,0,0,4,0,"F",1,62500,526
1431340,9,0,0,6,0,"F",0,87500,527
1431513,9,0,0,6,0,"F",1,62500,528
1431697,9,0,0,4,0,"F",1,87500,529
1431949,9,0,0,7,0,"F",1,42500,530
1432387,9,0,0,5,1,"F",0,162500,531
1432724,9,0,0,6,1,"F",1,20000,532
1432840,9,0,0,4,0,"F",1,20000,533
1432998,9,0,0,5,0,"F",1,62500,534
1433194,9,1,0,6,2,"F",1,42500,535
1433587,9,0,0,6,0,"M",1,87500,536
1434275,9,0,0,8,0,"F",1,20000,537
1434712,9,0,0,2,0,"F",1,42500,538
1435022,9,0,0,3,1,"F",1,187500,539
1435557,9,0,0,3,0,"M",1,62500,540
1435794,9,0,0,6,1,"F",0,87500,541
1435996,9,0,0,5,1,"F",1,112500,542
1436928,9,0,0,3,0,"F",1,112500,543
1437747,9,0,0,5,0,"F",1,137500,544
1437857,9,0,0,13,0,"M",1,62500,545
1437869,9,0,0,5,0,"F",1,187500,546
1437899,9,0,0,9,1,"F",1,137500,547
1438760,9,2,0,10,4,"F",1,137500,548
1438884,9,0,0,7,0,"M",1,87500,549
1439629,9,1,0,8,2,"F",1,7500,550
1439689,9,0,0,4,0,"F",1,112500,551
1439713,9,0,0,7,0,"F",1,62500,552
1440356,9,0,0,1,0,"M",1,250000,553
1441053,9,0,0,5,0,"M",1,30000,554
1441466,9,0,0,9,1,"F",1,250000,555
1442287,9,0,0,8,0,"F",0,187500,556
1442704,9,0,0,6,0,"F",1,87500,557
1443687,9,0,0,5,0,"F",0,87500,558
1443964,9,0,0,6,2,"F",1,250000,559
1444485,9,0,0,5,1,"F",1,112500,560
1445100,9,0,0,8,1,"F",1,87500,561
1446288,9,0,0,11,1,"F",0,62500,562
1447092,9,0,0,3,0,"M",1,42500,563
1447298,9,0,0,8,0,"F",1,62500,564
1448763,9,0,0,2,0,"F",0,62500,565
1448901,9,0,0,2,2,"F",0,62500,566
1449431,9,0,0,4,0,"F",1,137500,567
1450170,9,2,0,10,3,"F",0,62500,568
1450180,9,0,0,3,0,"M",1,62500,569
1450746,9,0,0,7,0,"F",1,7500,570
1450805,9,0,0,4,0,"M",1,225000,571
1450890,9,0,0,8,0,"F",1,225000,572
1451275,9,0,0,3,0,"M",1,62500,573
1451865,9,0,0,4,0,"F",1,225000,574
1452879,9,0,0,9,0,"F",1,137500,575
1454110,9,0,0,6,0,"F",1,62500,576
1454343,9,0,0,7,0,"M",0,30000,577
1454425,9,0,0,4,0,"F",1,112500,578
1454661,9,0,0,7,1,"F",1,87500,579
1455466,9,0,0,8,0,"F",1,87500,580
1455615,9,0,0,1,0,"F",1,7500,581
1455721,9,0,0,2,2,"M",1,87500,582
1455906,9,0,0,5,1,"F",1,250000,583
1456029,9,0,0,4,0,"F",1,42500,584
1456155,9,0,0,5,1,"F",1,250000,585
1456186,9,0,0,6,0,"F",1,20000,586
1456531,9,0,0,7,0,"F",1,187500,587
1456609,9,0,0,2,0,"F",1,62500,588
1456628,9,0,0,7,0,"F",1,250000,589
1456919,9,0,0,2,0,"F",1,30000,590
1457625,9,0,0,6,1,"F",1,112500,591
1457777,9,0,0,6,0,"F",1,62500,592
1457830,9,0,0,6,1,"F",1,112500,593
1457984,9,0,0,9,0,"F",1,112500,594
1458214,9,0,0,5,1,"F",1,225000,595
1460277,9,0,0,3,1,"F",1,62500,596
1460380,9,0,0,8,2,"F",0,42500,597
1460953,9,0,0,8,0,"F",0,250000,598
1461151,9,0,0,1,0,"F",1,87500,599
1461397,9,0,0,7,2,"F",1,137500,600
1462847,9,0,0,5,0,"F",1,162500,601
1462878,9,0,0,8,0,"F",1,7500,602
1463072,9,0,0,5,0,"F",1,87500,603
1464188,9,0,0,1,0,"F",1,137500,604
1464264,9,0,0,7,1,"M",1,112500,605
1464335,9,0,0,10,1,"F",1,187500,606
1464618,9,0,0,4,0,"F",1,112500,607
1465220,9,0,0,6,0,"F",1,137500,608
1466204,9,1,0,8,1,"F",1,87500,609
1466494,9,0,0,3,0,"M",1,20000,610
1466816,9,0,0,10,1,"F",1,137500,611
1466833,9,0,0,10,0,"F",1,87500,612
1466886,9,0,0,7,1,"F",1,137500,613
1466955,9,0,0,9,1,"F",1,250000,614
1467019,9,0,0,5,1,"F",0,137500,615
1467058,9,0,0,8,0,"F",0,20000,616
1467155,9,0,0,7,1,"M",0,62500,617
1467520,9,0,0,3,0,"F",1,250000,618
1467621,9,0,0,6,1,"F",1,62500,619
1468654,9,0,0,2,0,"F",1,87500,620
1468709,9,0,0,4,0,"F",1,30000,621
1468714,9,0,0,7,1,"F",0,112500,622
1468733,9,0,0,7,0,"F",1,62500,623
1468745,9,0,0,6,0,"M",1,62500,624
1469175,9,1,0,13,3,"F",0,87500,625
1469204,9,0,0,5,0,"F",1,112500,626
1469239,9,0,0,7,0,"F",1,112500,627
1469248,9,0,0,4,0,"F",1,112500,628
1469990,9,0,0,7,0,"M",1,187500,629
1470110,9,0,0,9,1,"F",0,62500,630
1470965,9,0,0,8,0,"F",0,62500,631
1471445,9,0,0,6,0,"F",1,162500,632
1471473,9,0,0,1,0,"M",1,62500,633
1471528,9,0,0,8,1,"F",1,112500,634
1471566,9,0,0,2,0,"F",1,30000,635
1471723,9,0,0,7,1,"F",1,187500,636
1471767,9,0,0,5,0,"M",1,87500,637
1471934,9,0,0,3,0,"F",0,112500,638
1472977,9,0,0,8,0,"F",1,87500,639
1474598,9,0,0,11,7,"M",1,87500,640
1475170,9,0,0,7,0,"M",0,87500,641
1477477,9,0,0,1,0,"M",0,112500,642
1478058,9,0,0,4,0,"F",1,87500,643
1478617,9,0,0,7,0,"F",1,225000,644
1479489,9,0,0,6,0,"F",1,62500,645
1480578,9,0,0,4,0,"F",0,62500,646
1481279,9,0,0,6,0,"F",0,162500,647
1481476,9,0,0,6,0,"F",1,7500,648
1482005,9,0,0,3,2,"M",1,62500,649
1482267,9,0,0,3,0,"F",1,225000,650
1482614,9,0,0,6,2,"F",0,87500,651
1482816,9,0,0,4,0,"F",1,62500,652
1483049,9,1,0,8,1,"F",0,20000,653
1484259,9,0,0,5,1,"F",0,7500,654
1484519,9,0,0,9,1,"F",1,42500,655
1484930,9,0,0,5,0,"F",1,162500,656
1486404,9,0,0,3,1,"F",0,42500,657
1487790,9,0,0,6,0,"M",1,187500,658
1488086,9,0,0,4,0,"F",1,112500,659
1489319,9,0,0,3,0,"F",0,42500,660
1490014,9,0,0,1,0,"M",1,62500,661
1491416,9,1,0,8,1,"F",0,112500,662
1491563,9,0,0,1,0,"M",1,162500,663
1492025,9,0,0,8,0,"F",1,62500,664
1492036,9,0,0,6,1,"F",1,87500,665
1493569,9,0,0,4,0,"F",1,112500,666
1498287,9,0,0,6,0,"F",1,162500,667
1498483,9,0,0,2,0,"F",1,62500,668
1498656,9,0,0,1,0,"M",1,137500,669
1501397,9,0,0,7,0,"M",1,112500,670
1501443,9,0,0,7,1,"F",0,7500,671
1501825,9,0,0,9,0,"F",1,225000,672
1501848,9,0,0,2,0,"F",1,112500,673
1501917,9,0,0,7,2,"F",1,137500,674
1502135,9,0,0,5,0,"F",1,87500,675
1502146,9,0,0,6,2,"F",1,62500,676
1502599,9,0,0,6,1,"F",1,187500,677
1504289,9,0,0,5,0,"F",1,137500,678
1507421,9,0,0,1,0,"F",0,20000,679
1509331,9,0,0,9,1,"M",1,62500,680
1509782,9,0,0,3,0,"F",1,62500,681
1509874,9,0,0,1,0,"F",1,42500,682
1511973,9,0,0,4,0,"M",0,7500,683
1512249,9,0,0,7,0,"F",1,187500,684
1512656,9,0,0,8,0,"F",1,187500,685
1513530,9,0,0,7,0,"F",1,62500,686
1513806,9,0,0,1,0,"F",1,62500,687
1514087,9,0,0,3,0,"F",0,112500,688
1514098,9,0,0,8,0,"F",1,187500,689
1514327,9,0,0,5,0,"F",0,87500,690
1514351,9,0,0,7,0,"M",1,187500,691
1514819,9,0,0,5,0,"F",1,30000,692
1516894,9,0,0,7,0,"M",1,250000,693
1518132,9,0,0,6,1,"F",0,62500,694
1518564,9,0,0,1,0,"F",1,112500,695
1519598,9,0,0,8,1,"F",1,187500,696
1520012,9,0,0,4,1,"F",1,187500,697
1520720,9,0,0,8,3,"F",1,62500,698
1522154,9,0,0,6,0,"F",1,137500,699
1522471,9,0,0,5,0,"M",1,162500,700
1523997,9,0,0,6,1,"F",1,225000,701
1524038,9,1,0,7,1,"F",1,250000,702
1524967,9,0,0,1,0,"F",1,250000,703
1525049,9,1,0,7,2,"F",1,187500,704
1525556,9,0,0,11,1,"M",1,162500,705
1526044,9,0,0,3,1,"M",1,87500,706
1526280,9,0,0,5,0,"M",1,20000,707
1526638,9,0,0,4,0,"F",1,225000,708
1527800,9,0,0,1,0,"F",1,137500,709
1527932,9,0,0,9,1,"F",1,187500,710
1527966,9,0,0,6,1,"F",1,250000,711
1528038,9,0,0,6,1,"M",1,225000,712
1528103,9,3,0,10,8,"F",1,225000,713
1528515,9,0,0,3,0,"F",0,225000,714
1529646,9,0,1,8,4,"F",1,225000,715
1530199,9,0,0,1,0,"M",1,62500,716
1530200,9,0,0,8,1,"F",1,137500,717
1530561,9,0,0,8,0,"F",1,42500,718
1530887,9,0,0,8,1,"F",1,87500,719
1531800,9,0,0,9,2,"F",0,62500,720
1531915,9,0,0,1,0,"F",1,250000,721
1531924,9,0,0,8,0,"F",0,225000,722
1531984,9,0,0,6,0,"F",0,42500,723
1532052,9,2,0,1,2,"M",1,87500,724
1532113,9,0,0,7,2,"F",1,87500,725
1532334,9,0,0,6,0,"F",1,225000,726
1532420,9,0,0,3,0,"F",1,30000,727
1532431,9,1,0,5,1,"F",0,20000,728
1532738,9,0,0,9,1,"F",1,225000,729
1532841,9,0,0,7,0,"F",1,42500,730
1533843,9,0,0,7,1,"F",1,42500,731
1533874,9,0,0,5,1,"F",1,137500,732
1533971,9,1,0,8,2,"F",1,137500,733
1534792,9,0,0,9,1,"F",1,187500,734
1535057,9,0,0,5,1,"F",1,137500,735
1535333,9,0,0,11,5,"M",1,87500,736
1535547,9,0,0,8,0,"F",1,187500,737
1535701,9,0,0,6,0,"M",1,62500,738
1535732,9,0,0,8,1,"F",1,187500,739
1535755,9,0,0,6,0,"F",1,112500,740
1536000,9,0,0,5,1,"F",1,187500,741
1536405,9,0,0,5,0,"F",1,62500,742
1536527,9,0,0,2,0,"F",1,225000,743
1536579,9,0,0,3,0,"F",1,187500,744
1537347,9,0,0,6,3,"F",1,225000,745
1537995,9,0,0,1,0,"F",0,62500,746
1538175,9,0,0,9,1,"F",1,250000,747
1538662,9,0,0,10,2,"F",1,112500,748
1538919,9,0,0,3,0,"F",1,250000,749
1539494,9,0,0,10,1,"F",1,250000,750
1539570,9,0,0,6,0,"F",1,87500,751
1540059,9,0,0,8,0,"M",1,87500,752
1540194,9,0,0,1,0,"F",1,187500,753
1540364,9,0,0,7,0,"F",1,7500,754
1540829,9,0,0,6,0,"F",1,187500,755
1540910,9,2,0,11,3,"F",1,137500,756
1540936,9,3,0,7,3,"F",1,62500,757
1541156,9,0,0,7,0,"F",1,7500,758
1541593,9,0,0,8,3,"F",1,250000,759
1541662,9,0,0,10,4,"F",1,112500,760
1541734,9,0,0,8,0,"F",1,137500,761
1541834,9,0,0,3,0,"F",1,250000,762
1541894,9,0,0,5,0,"F",0,42500,763
1542247,9,0,0,4,0,"F",1,225000,764
1542523,9,0,0,6,3,"F",1,187500,765
1542740,9,0,0,8,0,"F",0,30000,766
1543012,9,0,0,6,2,"M",1,112500,767
1543181,9,0,0,8,2,"M",1,250000,768
1543552,9,0,0,8,0,"F",0,112500,769
1543563,9,0,0,6,0,"F",1,250000,770
1543633,9,0,0,8,1,"F",1,112500,771
1544590,9,0,0,7,1,"F",0,187500,772
1544693,9,0,0,5,1,"F",1,250000,773
1545273,9,0,0,7,1,"F",0,137500,774
1545322,9,0,0,7,0,"M",1,250000,775
1546709,9,0,0,7,1,"F",1,250000,776
1546922,9,0,0,9,1,"M",1,137500,777
1546932,9,0,0,4,1,"F",0,112500,778
1546959,9,0,0,5,1,"F",1,187500,779
1546989,9,0,0,9,1,"M",1,225000,780
1547464,9,0,0,5,1,"F",1,87500,781
1547476,9,0,0,6,0,"F",0,225000,782
1547622,9,0,0,5,2,"F",1,187500,783
1547752,9,0,0,2,0,"F",1,112500,784
1547850,9,0,0,4,0,"F",1,20000,785
1548040,9,0,0,4,0,"F",0,112500,786
1548129,9,0,0,5,0,"F",1,112500,787
1548209,9,0,0,7,0,"F",1,20000,788
1548503,9,0,0,2,0,"F",1,62500,789
1548540,9,0,0,8,1,"F",1,87500,790
1548673,9,0,0,7,0,"F",1,112500,791
1549599,9,0,0,8,0,"M",1,187500,792
1550040,9,0,0,8,1,"M",1,20000,793
1550161,9,0,0,8,1,"F",1,62500,794
1550456,9,0,0,8,1,"F",1,225000,795
1550894,9,0,0,6,0,"F",1,87500,796
1551030,9,0,0,3,0,"F",1,225000,797
1551330,9,0,0,1,1,"M",1,87500,798
1551510,9,0,0,3,1,"F",1,162500,799
1551891,9,0,0,6,0,"F",1,187500,800
1552409,9,0,0,9,0,"M",1,137500,801
1552458,9,0,0,8,1,"F",1,62500,802
1552507,9,0,0,7,0,"F",1,137500,803
1552803,9,0,0,9,0,"F",1,225000,804
1552831,9,0,0,5,0,"M",1,112500,805
1553098,9,0,0,5,0,"F",1,87500,806
1553185,9,0,0,6,1,"F",1,187500,807
1553615,9,0,0,5,0,"F",1,187500,808
1553840,9,0,0,8,0,"M",1,20000,809
1553857,9,0,0,1,1,"M",1,87500,810
1553951,9,0,0,6,1,"F",1,225000,811
1554033,9,0,0,2,0,"F",1,62500,812
1554034,9,0,0,5,1,"F",1,162500,813
1554062,9,0,0,1,0,"F",1,87500,814
1554533,9,0,0,7,0,"F",1,62500,815
1554853,9,0,0,5,0,"M",1,42500,816
1554983,9,0,0,4,0,"M",1,87500,817
1555310,9,0,0,8,0,"F",1,187500,818
1555529,9,0,0,8,0,"M",1,225000,819
1555776,9,0,0,5,0,"F",1,20000,820
1555876,9,0,0,5,0,"F",0,112500,821
1556592,9,0,0,6,0,"F",1,62500,822
1556634,9,0,0,1,0,"M",0,87500,823
1556652,9,0,0,5,1,"F",1,42500,824
1557407,9,0,0,2,0,"F",1,162500,825
1557751,9,0,0,8,0,"F",1,162500,826
1558181,9,0,0,5,0,"F",0,62500,827
1558593,9,0,0,6,1,"F",1,137500,828
1559861,9,0,0,3,1,"F",0,20000,829
1560624,9,0,0,4,0,"F",1,62500,830
1561366,9,0,0,7,0,"F",1,62500,831
1561573,9,0,0,4,0,"F",1,137500,832
1563321,9,0,0,2,1,"F",1,187500,833
1563505,9,0,0,6,0,"M",0,62500,834
1563807,9,1,0,7,1,"F",0,112500,835
1564353,9,0,0,6,0,"F",1,137500,836
1564381,9,0,0,7,0,"F",1,42500,837
1564432,9,0,0,8,0,"F",1,20000,838
1564440,9,0,0,6,0,"F",1,62500,839
1564588,9,0,0,2,0,"F",1,162500,840
1565437,9,0,0,8,0,"F",1,87500,841
1565459,9,0,0,7,0,"F",1,162500,842
1565552,9,0,0,4,1,"F",1,187500,843
1565565,9,0,0,5,0,"M",0,112500,844
1565621,9,0,0,4,0,"F",1,42500,845
1566766,9,0,0,5,2,"F",1,62500,846
1566910,9,0,0,1,0,"M",0,42500,847
1567216,9,1,0,7,2,"F",1,112500,848
1567225,9,0,0,6,1,"F",1,42500,849
1567585,9,0,0,6,1,"M",0,87500,850
1568736,9,0,0,4,0,"F",1,137500,851
1569143,9,0,0,9,2,"F",1,87500,852
1569250,9,0,0,5,0,"M",0,7500,853
1570352,9,0,0,2,0,"F",1,62500,854
1570791,9,0,0,4,0,"F",1,112500,855
1571168,9,0,0,6,1,"F",1,42500,856
1571704,9,0,0,8,4,"F",1,42500,857
1572013,9,1,0,4,1,"F",1,87500,858
1572475,9,0,0,9,1,"F",1,87500,859
1572791,9,0,0,2,0,"F",0,137500,860
1572826,9,0,0,6,0,"F",1,87500,861
1572876,9,0,0,2,0,"M",0,20000,862
1573368,9,0,0,6,0,"M",0,62500,863
1573406,9,0,0,1,0,"F",1,87500,864
1573782,9,0,0,5,1,"F",1,112500,865
1573961,9,0,0,8,1,"M",1,62500,866
1574217,9,0,0,6,0,"M",1,187500,867
1574944,9,0,0,10,1,"F",1,87500,868
1575622,9,0,0,7,0,"F",1,137500,869
1575638,9,2,1,8,2,"F",1,87500,870
1575664,9,0,0,5,0,"F",0,20000,871
1576304,9,0,0,9,2,"M",1,250000,872
1576669,9,0,0,10,2,"F",1,112500,873
1576876,9,0,0,4,0,"F",1,137500,874
1576998,9,0,0,4,1,"F",1,250000,875
1577505,9,0,0,5,0,"M",0,20000,876
1577931,9,0,0,7,1,"F",0,112500,877
1580292,9,0,0,7,0,"F",1,250000,878
1580324,9,0,0,7,1,"M",1,87500,879
1580380,9,0,0,9,0,"F",1,187500,880
1580422,9,0,0,4,0,"M",1,225000,881
1580699,9,0,0,4,1,"M",1,30000,882
1581113,9,0,0,6,0,"F",0,112500,883
1581720,9,0,0,3,0,"F",1,250000,884
1582050,9,1,0,5,1,"F",1,137500,885
1582294,9,0,0,6,0,"F",1,250000,886
1582445,9,0,0,2,1,"F",1,137500,887
1582970,9,0,0,2,0,"F",1,187500,888
1583212,9,0,0,4,0,"F",1,250000,889
1583903,9,0,0,7,0,"F",1,250000,890
1583918,9,0,0,7,0,"F",0,162500,891
1584353,9,0,0,8,1,"F",0,87500,892
1584557,9,0,0,5,0,"F",1,62500,893
1584736,9,0,0,8,0,"F",0,87500,894
1584822,9,1,0,7,1,"F",1,62500,895
1585152,9,0,0,10,0,"F",1,30000,896
1586387,9,1,0,8,4,"F",1,187500,897
1586988,9,0,0,6,1,"F",1,87500,898
1587401,9,0,0,7,0,"F",1,87500,899
1587615,9,0,0,8,0,"F",1,30000,900
1587812,9,0,0,5,1,"F",1,225000,901
1588035,9,0,0,2,0,"F",1,112500,902
1588596,9,0,0,5,1,"M",1,137500,903
1588827,9,0,0,2,0,"M",1,137500,904
1588865,9,0,0,1,0,"M",1,112500,905
1589682,9,0,0,8,0,"F",1,250000,906
1589774,9,0,0,2,0,"M",1,62500,907
1590492,9,0,0,6,0,"M",1,250000,908
1590674,9,0,0,8,0,"F",1,20000,909
1590711,9,0,0,5,0,"F",1,187500,910
1590921,9,0,0,10,1,"F",1,250000,911
1590969,9,0,0,5,1,"F",0,42500,912
1591056,9,0,0,2,1,"F",1,225000,913
1591165,9,0,0,2,0,"F",1,250000,914
1591251,9,0,0,7,0,"F",0,87500,915
1591366,9,0,0,7,1,"M",1,250000,916
1591670,9,0,0,9,1,"M",1,137500,917
1591722,9,1,0,5,1,"F",0,62500,918
1591917,9,0,0,6,0,"F",1,187500,919
1591990,9,0,0,3,0,"M",0,42500,920
1592216,9,0,0,7,0,"F",1,62500,921
1592278,9,0,0,7,0,"F",1,187500,922
1592293,9,0,0,8,1,"F",1,112500,923
1592707,9,0,0,10,0,"F",1,250000,924
1592744,9,0,0,7,0,"F",0,112500,925
1592908,9,0,0,5,0,"F",1,87500,926
1593038,9,0,0,9,2,"F",1,112500,927
1593301,9,0,0,8,2,"M",1,62500,928
1593487,9,0,0,10,1,"M",1,87500,929
1593651,9,0,0,6,0,"F",1,42500,930
1593813,9,0,0,6,2,"F",0,20000,931
1594152,9,0,0,6,0,"F",1,87500,932
1594307,9,1,0,6,2,"F",0,87500,933
1594407,9,0,0,9,0,"F",1,187500,934
1594775,9,0,0,8,0,"F",1,42500,935
1596452,9,0,0,6,0,"F",1,112500,936
1596829,9,0,0,4,1,"M",1,112500,937
1597491,9,0,0,4,0,"F",1,42500,938
1598463,9,0,0,7,1,"F",1,62500,939
1598633,9,0,0,11,0,"F",1,112500,940
1598919,9,0,0,1,0,"F",0,62500,941
1599722,9,0,0,5,1,"M",1,42500,942
1599748,9,1,0,7,1,"F",0,7500,943
1601262,9,0,0,8,0,"F",1,62500,944
1601710,9,1,0,5,1,"F",1,87500,945
1601726,9,0,0,8,0,"F",1,87500,946
1602013,9,0,0,2,1,"F",0,42500,947
1602093,9,0,0,1,0,"M",1,42500,948
1602541,9,1,0,3,2,"M",1,112500,949
1603217,9,0,0,6,0,"F",1,62500,950
1603225,9,0,0,8,0,"F",0,225000,951
1603429,9,1,0,9,1,"F",1,62500,952
1604015,9,0,0,4,0,"F",1,62500,953
1604126,9,0,0,5,0,"F",1,112500,954
1604128,9,0,0,6,0,"F",0,187500,955
1604268,9,0,0,2,0,"F",1,62500,956
1604528,9,0,0,6,1,"F",1,112500,957
1605044,9,0,0,8,1,"F",1,225000,958
1605048,9,0,0,2,0,"F",1,187500,959
1605961,9,0,0,6,0,"F",0,112500,960
1608086,9,0,0,5,0,"F",0,112500,961
1608536,9,0,0,7,0,"M",1,87500,962
1608611,9,0,0,2,0,"F",1,62500,963
1608612,9,0,0,10,1,"F",0,20000,964
1608644,9,0,0,9,2,"F",0,250000,965
1609138,9,0,0,2,0,"F",1,112500,966
1609335,9,0,0,6,0,"F",1,87500,967
1609688,9,0,0,6,0,"F",0,42500,968
1609694,9,0,0,6,0,"M",1,42500,969
1609742,9,1,0,7,2,"F",1,20000,970
1610234,9,0,0,6,1,"F",1,42500,971
1610404,9,0,0,7,0,"M",0,62500,972
1611512,9,0,0,1,0,"F",1,30000,973
1611563,9,0,0,3,0,"F",1,250000,974
1612208,9,0,0,9,2,"M",1,187500,975
1612444,9,0,0,8,0,"F",1,250000,976
1612702,9,0,0,7,3,"F",1,137500,977
1612863,9,0,0,5,0,"F",0,42500,978
1612987,9,0,0,12,8,"F",0,187500,979
1613295,9,0,0,10,0,"F",1,7500,980
1613630,9,0,0,5,0,"F",1,137500,981
1613669,9,0,0,1,0,"F",1,225000,982
1613754,9,1,0,2,2,"F",1,250000,983
1613787,9,0,0,5,0,"M",1,187500,984
1614408,9,0,0,5,0,"F",1,225000,985
1614896,9,0,0,8,3,"F",0,112500,986
1614950,9,0,0,6,0,"F",1,62500,987
1614982,9,0,0,5,1,"M",0,62500,988
1615046,9,0,0,6,0,"F",0,42500,989
1615126,9,2,0,2,2,"M",1,112500,990
1616126,9,0,0,1,0,"F",1,112500,991
1616413,9,0,0,2,0,"F",1,42500,992
1617245,9,0,0,7,1,"F",0,30000,993
1617490,9,0,0,6,0,"F",1,187500,994
1617675,9,0,0,10,1,"F",0,87500,995
1617709,9,0,0,2,0,"F",1,62500,996
1618855,9,0,0,3,0,"F",0,62500,997
1619223,9,0,0,7,1,"F",1,20000,998
1620927,9,0,0,6,0,"M",0,112500,999
1620942,9,0,0,7,0,"F",1,20000,1000
117514,10,0,0,12,0,"F",0,42500,1
287398,10,0,0,3,1,"F",0,42500,2
469734,10,0,0,12,0,"F",1,250000,3
1054974,10,0,0,13,1,"F",1,137500,4
1060246,10,0,0,10,1,"F",1,62500,5
1061355,10,0,0,10,0,"F",1,87500,6
1061649,10,0,0,10,0,"M",1,225000,7
1062171,10,0,0,13,0,"F",1,250000,8
1063617,10,0,1,9,1,"F",1,250000,9
1068288,10,0,0,11,2,"F",0,30000,10
1071414,10,0,0,6,2,"F",1,62500,11
1077480,10,0,0,1,1,"F",0,62500,12
1081075,10,0,0,12,2,"F",1,250000,13
1081928,10,0,0,10,2,"F",1,62500,14
1082351,10,0,0,4,0,"F",0,30000,15
1087152,10,1,0,11,2,"F",1,187500,16
1089142,10,1,0,4,2,"F",1,87500,17
1091840,10,0,0,11,0,"F",1,30000,18
1094021,10,0,0,2,0,"F",1,87500,19
1094281,10,0,0,4,0,"F",1,62500,20
1100417,10,0,0,7,0,"F",1,62500,21
1100757,10,0,0,3,0,"F",0,112500,22
1102828,10,0,0,13,0,"F",0,62500,23
1103923,10,0,0,3,0,"F",1,225000,24
1107037,10,0,0,10,2,"F",1,112500,25
1108749,10,1,0,12,2,"F",0,87500,26
1108764,10,0,0,6,0,"F",0,62500,27
1111628,10,0,0,9,1,"F",1,137500,28
1111718,10,0,0,7,0,"F",1,112500,29
1114150,10,0,0,5,0,"F",0,30000,30
1117270,10,0,0,1,0,"M",1,20000,31
1120531,10,0,1,9,0,"F",1,62500,32
1122158,10,0,0,10,1,"F",0,62500,33
1128451,10,0,0,9,2,"F",1,42500,34
1136393,10,0,0,8,1,"F",0,112500,35
1136784,10,0,0,10,2,"M",0,225000,36
1139371,10,0,0,4,0,"F",0,42500,37
1139886,10,0,0,6,1,"F",1,112500,38
1144195,10,0,0,8,0,"M",1,250000,39
1144979,10,0,0,16,0,"F",1,112500,40
1145339,10,0,0,8,1,"F",1,62500,41
1145483,10,0,0,4,0,"F",0,7500,42
1146117,10,0,0,3,3,"M",0,87500,43
1147315,10,0,0,11,1,"F",1,187500,44
1148446,10,0,0,9,0,"F",0,20000,45
1149897,10,0,0,5,0,"M",0,30000,46
1149964,10,0,0,11,1,"F",1,42500,47
1150751,10,0,0,7,1,"M",0,7500,48
1150797,10,1,0,8,1,"F",1,162500,49
1151559,10,0,0,12,2,"F",1,112500,50
1151769,10,0,1,9,1,"F",0,112500,51
1152166,10,0,0,8,0,"M",1,137500,52
1152366,10,0,0,1,0,"F",1,87500,53
1153528,10,0,0,10,1,"M",1,62500,54
1153766,10,0,0,11,0,"F",1,162500,55
1155123,10,1,0,1.92708337306976,1,"F",1,112500,56
1156205,10,0,0,12,1,"F",0,112500,57
1156827,10,0,0,10,0,"F",0,7500,58
1157198,10,0,0,7,0,"F",1,20000,59
1165832,10,0,0,10,0,"F",0,62500,60
1166157,10,1,0,18,2,"F",0,137500,61
1167911,10,0,0,12,0,"F",1,87500,62
1168134,10,0,0,8,0,"F",0,162500,63
1168271,10,0,0,10,2,"F",1,112500,64
1171923,10,0,0,7,1,"F",0,62500,65
1172112,10,0,0,4,1,"F",0,20000,66
1174038,10,0,0,5,1,"M",1,112500,67
1174562,10,0,0,10,2,"F",1,62500,68
1174985,10,0,0,10,0,"F",1,62500,69
1176048,10,0,0,9,0,"F",1,62500,70
1179432,10,0,0,10,1,"F",1,87500,71
1179878,10,0,0,2,0,"M",1,62500,72
1180407,10,0,0,7,1,"F",0,62500,73
1180590,10,0,0,8,0,"F",0,112500,74
1180640,10,0,0,4,1,"F",1,62500,75
1181283,10,0,0,4,0,"F",1,62500,76
1181372,10,0,0,1,1,"M",1,62500,77
1181576,10,0,0,5,1,"F",1,87500,78
1182877,10,0,0,4,0,"M",1,62500,79
1184139,10,0,0,9,0,"F",1,20000,80
1184169,10,0,0,11,1,"F",1,112500,81
1184297,10,0,0,8,0,"M",1,112500,82
1184913,10,0,0,9,0,"F",1,87500,83
1185813,10,0,0,3,0,"M",1,87500,84
1185876,10,0,0,1.11764705181122,0,"F",1,137500,85
1186126,10,0,0,12,0,"F",1,62500,86
1187131,10,0,0,1.97826087474823,0,"M",0,42500,87
1187232,10,0,0,10,0,"F",0,62500,88
1187420,10,0,0,10,0,"F",1,87500,89
1187873,10,0,0,9,1,"M",1,112500,90
1187978,10,0,0,9,0,"F",1,62500,91
1188069,10,0,0,6,0,"F",1,162500,92
1188761,10,0,0,9,0,"F",1,162500,93
1188833,10,0,0,10,1,"F",1,62500,94
1189258,10,0,0,8,1,"F",1,225000,95
1189412,10,0,0,4,0,"F",1,20000,96
1189715,10,0,0,4,1,"M",1,162500,97
1189764,10,0,0,5,0,"F",1,137500,98
1190134,10,0,0,11,1,"F",0,20000,99
1190711,10,0,0,12,0,"F",1,162500,100
1191253,10,0,0,12,1,"F",0,62500,101
1191595,10,0,0,8,0,"F",1,62500,102
1191968,10,0,0,3,1,"F",1,112500,103
1192704,10,0,0,11,0,"F",1,62500,104
1192874,10,0,0,9,0,"F",1,62500,105
1193114,10,0,0,11,1,"F",1,162500,106
1193232,10,0,0,3,0,"M",1,112500,107
1193743,10,0,0,11,0,"F",1,20000,108
1193751,10,0,0,6,0,"F",0,42500,109
1193787,10,0,0,11,1,"F",1,62500,110
1194121,10,0,0,5,1,"F",0,42500,111
1194319,10,0,0,9,8,"F",0,62500,112
1194477,10,0,0,16,3,"F",1,112500,113
1195243,10,0,0,10,1,"F",1,62500,114
1195315,10,0,0,8,0,"M",1,112500,115
1195629,10,0,0,13,0,"M",1,62500,116
1196370,10,0,0,10,1,"F",0,137500,117
1196373,10,0,0,8,2,"F",1,87500,118
1196532,10,0,0,10,1,"F",1,112500,119
1196672,10,0,0,10,0,"F",0,62500,120
1196715,10,0,0,9,2,"F",1,62500,121
1196867,10,0,0,9,0,"F",1,62500,122
1197628,10,0,0,3,1,"M",0,137500,123
1198131,10,0,0,4,0,"F",0,42500,124
1198229,10,0,0,10,2,"F",1,62500,125
1198340,10,0,0,2.20731711387634,0,"F",1,112500,126
1198656,10,0,0,2,0,"F",0,42500,127
1198936,10,0,0,12,0,"M",0,162500,128
1199872,10,0,0,10,0,"F",0,87500,129
1202556,10,0,0,12,0,"F",1,62500,130
1204291,10,0,0,2,0,"F",0,20000,131
1204517,10,0,0,12,0,"F",1,62500,132
1204703,10,0,0,7,1,"F",0,87500,133
1205899,10,0,0,4,1,"F",1,162500,134
1207119,10,0,0,5,0,"F",1,62500,135
1208107,10,0,0,5,1,"F",1,112500,136
1208888,10,0,0,1.53030300140381,0,"F",0,20000,137
1209486,10,0,0,12,1,"F",1,62500,138
1209955,10,0,0,3,0,"M",1,225000,139
1210800,10,0,0,12,0,"F",1,250000,140
1211027,10,0,0,8,1,"F",1,112500,141
1211068,10,0,0,18,2,"F",0,250000,142
1211288,10,0,0,9,3,"F",0,7500,143
1211807,10,0,0,3,0,"F",1,42500,144
1212464,10,0,0,11,1,"F",0,42500,145
1213078,10,0,0,12,2,"F",1,250000,146
1213693,10,0,0,12,0,"F",1,162500,147
1216811,10,0,0,9,0,"F",1,162500,148
1217376,10,0,0,13,2,"F",1,137500,149
1217401,10,0,0,12,0,"F",0,62500,150
1221162,10,1,0,7,2,"F",1,62500,151
1222034,10,0,0,9,0,"M",1,87500,152
1222561,10,0,0,7,0,"F",1,62500,153
1224353,10,0,0,10,0,"F",1,87500,154
1224379,10,0,0,6,0,"F",1,162500,155
1225029,10,0,0,5,0,"F",1,62500,156
1225288,10,0,0,9,0,"F",1,112500,157
1225581,10,0,0,7,1,"F",1,30000,158
1226932,10,0,0,9,2,"F",1,87500,159
1226943,10,0,0,11,1,"F",1,162500,160
1227191,10,0,0,12,0,"F",1,112500,161
1227743,10,0,1,15,0,"F",0,62500,162
1228628,10,0,0,5,0,"F",1,62500,163
1228793,10,0,0,11,0,"F",0,87500,164
1229147,10,0,0,12,0,"F",1,87500,165
1229564,10,0,0,10,2,"F",1,62500,166
1229612,10,0,0,10,0,"M",1,187500,167
1229771,10,0,0,15,0,"F",1,87500,168
1229884,10,0,0,7,1,"F",1,112500,169
1230105,10,2,0,11,2,"F",1,137500,170
1230445,10,0,0,8,0,"F",1,62500,171
1230648,10,0,0,9,1,"F",1,87500,172
1230860,10,0,0,11,1,"F",1,62500,173
1231637,10,0,0,3,0,"F",1,112500,174
1233436,10,0,0,12,2,"F",0,162500,175
1233553,10,0,0,11,3,"F",1,112500,176
1234916,10,0,0,11,2,"M",1,62500,177
1237257,10,1,0,9,1,"F",1,62500,178
1237667,10,0,0,11,0,"F",1,87500,179
1238108,10,0,0,7,0,"F",1,42500,180
1238707,10,0,0,6,0,"F",1,62500,181
1238904,10,0,0,8,0,"M",1,87500,182
1239286,10,0,0,3,1,"F",1,250000,183
1239623,10,0,0,9,0,"F",0,42500,184
1239849,10,0,0,5,0,"F",1,112500,185
1239936,10,0,0,1,0,"F",0,7500,186
1240102,10,0,0,4,2,"F",0,62500,187
1241439,10,0,0,4,1,"F",1,112500,188
1241595,10,0,0,11,2,"F",1,62500,189
1241711,10,0,0,12,0,"F",1,87500,190
1242022,10,0,0,4,0,"F",1,62500,191
1242223,10,0,0,7,0,"M",1,137500,192
1242542,10,0,0,4,1,"M",1,137500,193
1243937,10,0,0,13,0,"F",1,87500,194
1244277,10,0,0,2,1,"F",0,112500,195
1245286,10,0,0,5,1,"F",1,62500,196
1246704,10,0,0,11,0,"F",1,87500,197
1247392,10,0,0,4,2,"F",1,87500,198
1248826,10,0,0,8,2,"F",1,87500,199
1249794,10,0,0,7,0,"F",0,137500,200
1250074,10,0,0,9,0,"F",0,87500,201
1250242,10,0,0,5,0,"F",0,250000,202
1250577,10,0,0,10,0,"F",1,62500,203
1250585,10,0,0,12,1,"F",1,187500,204
1250879,10,0,0,8,0,"F",1,137500,205
1250899,10,0,0,7,0,"M",1,112500,206
1251138,10,0,0,8,0,"M",1,137500,207
1251550,10,0,0,10,1,"F",1,62500,208
1251623,10,0,0,8,1,"F",1,7500,209
1251804,10,0,0,2,3,"F",0,137500,210
1251816,10,0,0,9,1,"F",1,137500,211
1252257,10,0,0,11,0,"F",0,87500,212
1252297,10,0,0,12,0,"M",1,62500,213
1252403,10,0,0,10,0,"M",1,62500,214
1252534,10,0,0,10,0,"F",1,187500,215
1252759,10,0,0,11,0,"F",1,137500,216
1252878,10,0,0,11,0,"F",1,137500,217
1254168,10,1,0,12,1,"F",1,62500,218
1254684,10,0,0,11,1,"M",1,112500,219
1258925,10,0,0,10,0,"F",1,42500,220
1259640,10,0,0,8,0,"M",1,87500,221
1259672,10,0,0,10,0,"F",1,62500,222
1259740,10,0,0,10,2,"F",1,30000,223
1262332,10,0,0,10,0,"F",1,87500,224
1262373,10,0,0,12,1,"F",1,250000,225
1262926,10,0,0,8,0,"F",1,62500,226
1263058,10,0,0,7,0,"F",0,137500,227
1263919,10,0,0,8,0,"M",0,30000,228
1264065,10,0,0,12,1,"F",1,187500,229
1264317,10,0,0,10,0,"F",1,187500,230
1264505,10,0,0,5,2,"F",1,87500,231
1264703,10,0,0,9,3,"F",0,30000,232
1265443,10,0,0,9,0,"F",0,20000,233
1265755,10,0,0,11,2,"F",1,112500,234
1265835,10,0,0,8,0,"F",1,112500,235
1265892,10,0,0,7,1,"F",0,187500,236
1266201,10,0,0,1,0,"F",1,187500,237
1268413,10,0,0,8,0,"F",1,62500,238
1269756,10,0,0,9,0,"F",1,62500,239
1269824,10,0,0,8,3,"M",0,30000,240
1273931,10,0,0,9,1,"F",1,20000,241
1275308,10,0,0,11,2,"M",1,87500,242
1275698,10,0,0,4,0,"F",1,87500,243
1275888,10,0,0,6,0,"F",1,137500,244
1276784,10,0,0,4,0,"F",0,20000,245
1277335,10,0,0,6,2,"F",1,42500,246
1279299,10,0,0,7,0,"M",1,87500,247
1279847,10,0,0,5,1,"F",1,42500,248
1280469,10,0,0,11,3,"F",0,7500,249
1281674,10,0,0,10,1,"F",0,137500,250
1285561,10,0,0,12,1,"F",1,250000,251
1286058,10,0,0,11,0,"F",1,250000,252
1286676,10,0,0,12,0,"M",1,225000,253
1287337,10,0,0,10,3,"F",0,62500,254
1288054,10,0,0,11,0,"F",1,42500,255
1288246,10,0,0,4,1,"F",0,62500,256
1288502,10,0,0,11,4,"M",0,137500,257
1288666,10,0,0,9,0,"F",1,62500,258
1288675,10,0,0,8,0,"F",1,20000,259
1288774,10,1,0,12,5,"F",1,187500,260
1288902,10,0,0,12,2,"F",1,87500,261
1289229,10,0,0,3,0,"F",0,112500,262
1290077,10,0,0,8,1,"F",1,87500,263
1290515,10,0,0,3,1,"F",0,87500,264
1290723,10,0,0,9,1,"F",0,30000,265
1291318,10,1,0,4,2,"F",1,42500,266
1291608,10,0,0,8,0,"F",0,30000,267
1292847,10,0,0,19,1,"F",1,42500,268
1293296,10,0,0,9,1,"F",1,30000,269
1293595,10,0,0,10,1,"F",1,62500,270
1293939,10,0,0,12,1,"F",1,250000,271
1294157,10,0,0,11,1,"F",1,62500,272
1294200,10,0,0,7,1,"F",1,62500,273
1294399,10,0,0,10,1,"F",0,30000,274
1294837,10,0,0,8,1,"F",0,62500,275
1297008,10,0,0,5,0,"F",0,7500,276
1297323,10,0,0,5,0,"F",0,7500,277
1297452,10,0,0,9,0,"M",1,87500,278
1297615,10,0,0,8,0,"F",0,20000,279
1297678,10,0,0,6,0,"M",1,62500,280
1298036,10,0,0,6,1,"F",0,7500,281
1298136,10,0,0,12,3,"M",0,30000,282
1298614,10,0,0,11,1,"F",1,62500,283
1300363,10,0,0,7,1,"M",1,42500,284
1300457,10,0,0,5,0,"M",1,42500,285
1301237,10,0,0,5,0,"F",1,20000,286
1301332,10,0,0,12,0,"M",1,42500,287
1301620,10,0,0,7,0,"F",1,87500,288
1302173,10,1,0,8,3,"F",1,225000,289
1302216,10,0,0,4,1,"F",1,62500,290
1302375,10,0,0,11,1,"F",1,87500,291
1303092,10,0,0,11,0,"F",1,62500,292
1303908,10,0,0,10,0,"M",1,87500,293
1304518,10,0,0,9,0,"F",1,87500,294
1304751,10,0,0,5,1,"F",0,30000,295
1306505,10,0,0,11,0,"F",0,62500,296
1307675,10,0,0,17,1,"F",1,62500,297
1307821,10,0,0,10,1,"M",1,42500,298
1310138,10,0,0,9,0,"F",1,62500,299
1310269,10,0,0,8,1,"F",0,112500,300
1311143,10,0,0,7,0,"M",0,62500,301
1311172,10,0,0,7,1,"M",1,137500,302
1311388,10,0,0,11,2,"M",0,20000,303
1312227,10,0,0,10,1,"F",0,62500,304
1313291,10,0,0,3,0,"F",1,162500,305
1313396,10,0,0,14,2,"F",0,30000,306
1313735,10,1,0,10,1,"F",1,20000,307
1313856,10,0,0,10,1,"F",0,20000,308
1314520,10,0,0,10,0,"F",1,62500,309
1314682,10,0,0,3,0,"F",0,20000,310
1314969,10,0,0,7,2,"F",0,87500,311
1315946,10,0,0,12,0,"F",0,62500,312
1317054,10,1,0,8,3,"F",0,7500,313
1317356,10,0,0,6,0,"F",1,62500,314
1318696,10,0,0,10,0,"F",0,62500,315
1318996,10,0,0,8,2,"F",1,62500,316
1319548,10,0,0,7,0,"F",0,20000,317
1319613,10,0,0,10,0,"F",0,137500,318
1319738,10,0,0,7,0,"F",1,137500,319
1320734,10,0,0,11,6,"F",1,20000,320
1320750,10,0,0,9,0,"F",0,7500,321
1322205,10,0,0,14,0,"F",1,62500,322
1322235,10,0,0,9,0,"F",0,62500,323
1322521,10,0,0,9,0,"M",1,42500,324
1322942,10,0,0,11,0,"F",1,87500,325
1323304,10,1,0,12,5,"F",1,162500,326
1323359,10,0,0,13,2,"M",0,187500,327
1323491,10,0,0,8,0,"F",1,250000,328
1323698,10,0,0,9,0,"M",0,250000,329
1323962,10,0,0,10,1,"M",1,62500,330
1324251,10,0,0,6,0,"F",0,20000,331
1324843,10,0,0,8,0,"F",1,87500,332
1325556,10,0,0,4,0,"F",0,20000,333
1327146,10,0,0,12,0,"F",1,162500,334
1328158,10,0,0,9,0,"F",1,62500,335
1328623,10,0,0,10,0,"M",1,30000,336
1328832,10,0,0,9,0,"F",1,187500,337
1329574,10,0,0,10,0,"F",0,42500,338
1330046,10,0,0,9,0,"F",1,112500,339
1330272,10,0,0,10,0,"F",1,137500,340
1330497,10,0,0,9,3,"F",1,162500,341
1331244,10,0,0,10,0,"F",0,30000,342
1331261,10,0,0,6,0,"F",0,7500,343
1331950,10,0,0,11,4,"F",1,62500,344
1333858,10,0,0,7,0,"F",1,112500,345
1335680,10,0,0,3,0,"F",1,62500,346
1335920,10,0,0,11,0,"F",1,42500,347
1335980,10,0,0,9,0,"F",0,20000,348
1336426,10,0,0,7,0,"F",0,20000,349
1336946,10,0,0,6,0,"M",1,20000,350
1338200,10,0,0,9,1,"F",1,162500,351
1338378,10,0,0,10,0,"F",1,225000,352
1339574,10,0,0,10,2,"F",1,42500,353
1339822,10,0,0,9,2,"F",1,112500,354
1340176,10,0,0,9,2,"M",1,42500,355
1340267,10,0,0,9,0,"F",0,42500,356
1341891,10,0,0,7,0,"F",0,62500,357
1342799,10,0,0,5,0,"F",0,62500,358
1343216,10,0,0,6,0,"F",0,187500,359
1344265,10,0,0,5,0,"F",0,87500,360
1344499,10,0,0,11,1,"F",1,87500,361
1344614,10,0,0,12,1,"M",1,225000,362
1345984,10,0,0,11,0,"F",1,112500,363
1346234,10,0,0,5,0,"F",0,162500,364
1347945,10,0,0,8,2,"F",0,112500,365
1348467,10,0,0,9,1,"F",0,87500,366
1348663,10,0,0,12,0,"F",1,62500,367
1348726,10,0,0,11,0,"F",1,62500,368
1349285,10,0,0,12,1,"F",0,42500,369
1349428,10,0,0,10,1,"F",1,87500,370
1349951,10,0,0,10,0,"F",1,20000,371
1350291,10,0,0,12,1,"M",1,87500,372
1350434,10,0,0,11,0,"F",1,162500,373
1351173,10,0,0,6,1,"F",0,87500,374
1351468,10,0,0,9,1,"F",1,7500,375
1351509,10,0,0,2,1,"F",1,62500,376
1351586,10,0,0,10,0,"F",1,162500,377
1351796,10,0,0,10,2,"F",1,7500,378
1352046,10,0,0,6,2,"F",1,87500,379
1352301,10,0,0,4,1,"F",1,42500,380
1352756,10,0,0,11,0,"F",1,62500,381
1352986,10,0,0,11,0,"F",1,42500,382
1353809,10,0,0,16,4,"F",1,112500,383
1353961,10,1,0,12,1,"F",0,20000,384
1354452,10,0,0,9,0,"F",1,62500,385
1354598,10,0,0,10,1,"F",0,42500,386
1354602,10,0,0,13,1,"M",1,62500,387
1354673,10,0,0,10,0,"F",0,7500,388
1355604,10,0,0,6,2,"M",1,7500,389
1356206,10,0,0,12,0,"F",1,62500,390
1358021,10,0,0,13,0,"F",1,112500,391
1358933,10,3,0,11,9,"F",0,112500,392
1361465,10,0,0,7,0,"F",0,137500,393
1362107,10,0,0,2,1,"M",1,162500,394
1363023,10,0,0,8,0,"F",1,30000,395
1363370,10,0,0,6,2,"M",1,62500,396
1364059,10,0,0,13,1,"M",1,112500,397
1366217,10,0,0,7,0,"M",0,112500,398
1366244,10,0,0,10,0,"F",0,112500,399
1367411,10,0,0,12,0,"F",1,20000,400
1367420,10,0,0,20,3,"F",1,162500,401
1368140,10,0,0,12,1,"F",1,62500,402
1368385,10,0,0,6,0,"M",1,162500,403
1369918,10,0,0,8,2,"F",1,87500,404
1372221,10,0,0,2,2,"F",1,7500,405
1372333,10,0,0,8,0,"F",1,62500,406
1374105,10,0,0,9,2,"F",0,7500,407
1374132,10,0,0,7,0,"M",1,62500,408
1374680,10,0,0,5,0,"F",1,62500,409
1375113,10,0,0,9,1,"F",1,87500,410
1376245,10,0,0,2,3,"F",0,62500,411
1377492,10,2,0,12,5,"F",1,137500,412
1377719,10,0,0,3,1,"F",1,137500,413
1378071,10,0,0,10,1,"F",0,62500,414
1378409,10,0,0,12,0,"F",1,62500,415
1380721,10,0,0,5,1,"F",1,42500,416
1381136,10,0,0,8,1,"F",1,62500,417
1381384,10,0,0,12,0,"F",1,162500,418
1381552,10,0,0,10,1,"M",1,87500,419
1381639,10,0,0,10,0,"F",1,225000,420
1381711,10,0,0,10,0,"F",1,87500,421
1382137,10,0,0,8,2,"F",1,112500,422
1382624,10,1,0,11,1,"F",1,62500,423
1382975,10,0,0,12,1,"F",1,112500,424
1384230,10,0,0,12,0,"F",1,137500,425
1384341,10,0,0,10,0,"F",0,137500,426
1385468,10,0,0,2,2,"F",1,250000,427
1385831,10,0,0,8,0,"F",1,42500,428
1386066,10,0,0,4,0,"F",1,112500,429
1386120,10,1,0,9,1,"F",1,42500,430
1387428,10,0,0,11,1,"F",0,62500,431
1387588,10,1,0,8,2,"F",1,42500,432
1388210,10,0,0,9,1,"M",1,62500,433
1388355,10,0,0,2,0,"F",1,62500,434
1388513,10,0,0,7,0,"F",1,162500,435
1388833,10,0,0,12,2,"F",0,42500,436
1389030,10,0,0,10,2,"F",1,62500,437
1389384,10,0,0,11,1,"F",0,42500,438
1389406,10,0,0,11,2,"F",1,87500,439
1389477,10,1,0,11,2,"F",1,62500,440
1390351,10,0,0,11,0,"M",1,162500,441
1392387,10,1,0,8,2,"F",0,87500,442
1393255,10,0,0,8,1,"F",1,87500,443
1393466,10,0,0,5,0,"M",1,87500,444
1393929,10,0,0,14,0,"F",1,225000,445
1394027,10,0,0,5,0,"F",1,162500,446
1395064,10,0,0,12,0,"F",1,162500,447
1395309,10,0,0,7,0,"F",0,42500,448
1395394,10,0,0,9,1,"F",0,7500,449
1396474,10,0,0,2,0,"F",1,62500,450
1396597,10,0,0,7,2,"F",1,87500,451
1396618,10,0,0,9,1,"F",1,87500,452
1396830,10,0,0,9,1,"F",1,87500,453
1397814,10,0,0,7,1,"M",1,137500,454
1398493,10,0,0,3,0,"F",1,87500,455
1398606,10,0,0,6,0,"M",1,20000,456
1399233,10,0,0,9,0,"F",0,42500,457
1399269,10,0,0,12,1,"F",1,62500,458
1399329,10,0,0,13,3,"F",1,112500,459
1401246,10,0,0,3,1,"F",1,42500,460
1401458,10,0,0,6,0,"F",1,62500,461
1403021,10,0,0,7,0,"F",1,112500,462
1403631,10,0,0,11,1,"F",1,62500,463
1403972,10,0,0,13,10,"F",1,162500,464
1404355,10,0,0,10,0,"F",1,87500,465
1404418,10,0,0,8,0,"F",1,42500,466
1404842,10,0,0,7,0,"M",1,112500,467
1405544,10,0,0,9,2,"F",0,20000,468
1406907,10,0,0,11,0,"F",1,87500,469
1408575,10,0,0,8,0,"M",0,30000,470
1410385,10,0,0,12,0,"F",1,162500,471
1411418,10,0,0,7,0,"M",1,87500,472
1412397,10,0,0,10,1,"M",1,42500,473
1412511,10,0,0,1,0,"F",1,42500,474
1412646,10,0,0,22,1,"F",1,162500,475
1413182,10,0,0,12,0,"F",1,112500,476
1413837,10,0,0,6,1,"F",1,225000,477
1413925,10,0,0,11,1,"F",0,62500,478
1414361,10,0,0,3,1,"F",1,112500,479
1414857,10,0,0,10,0,"M",1,162500,480
1414873,10,0,0,8,0,"F",1,112500,481
1415098,10,0,0,12,0,"F",0,87500,482
1415320,10,0,0,11,1,"F",1,162500,483
1416429,10,0,0,13,1,"F",1,87500,484
1416731,10,0,0,4,0,"F",1,162500,485
1416940,10,0,0,12,0,"F",0,137500,486
1417159,10,0,0,6,0,"M",0,20000,487
1417523,10,0,0,2,0,"F",1,187500,488
1418358,10,0,0,11,0,"F",0,112500,489
1418818,10,0,0,11,0,"F",1,87500,490
1419071,10,0,0,11,0,"M",1,87500,491
1419406,10,0,0,12,0,"F",1,62500,492
1419467,10,0,0,8,1,"F",1,162500,493
1419627,10,0,0,12,0,"M",1,87500,494
1419833,10,0,0,12,1,"F",1,225000,495
1420095,10,0,0,6,0,"M",1,187500,496
1420139,10,0,0,11,0,"F",1,112500,497
1420150,10,0,0,10,0,"F",0,7500,498
1420458,10,0,0,12,0,"M",1,20000,499
1420461,10,0,0,8,0,"F",1,62500,500
1420462,10,0,0,12,3,"F",1,162500,501
1420478,10,0,0,6,0,"F",1,42500,502
1420505,10,0,0,4,0,"F",0,7500,503
1420957,10,0,0,2,0,"F",1,225000,504
1420990,10,0,0,11,3,"F",0,87500,505
1421112,10,0,0,6,0,"F",0,87500,506
1421265,10,0,0,18,1,"F",0,137500,507
1421359,10,0,0,6,1,"F",0,7500,508
1422155,10,0,0,11,0,"F",1,187500,509
1422249,10,0,0,1,0,"M",0,62500,510
1424297,10,0,0,3,0,"M",1,20000,511
1424626,10,0,0,12,1,"F",0,112500,512
1425960,10,0,0,7,2,"F",0,20000,513
1426165,10,0,0,11,1,"F",0,112500,514
1426230,10,0,0,7,0,"F",0,7500,515
1426266,10,0,0,12,1,"F",1,112500,516
1426799,10,0,0,5,1,"F",1,87500,517
1427258,10,0,0,7,1,"F",0,62500,518
1427579,10,0,0,5,0,"F",1,87500,519
1427915,10,0,0,6,0,"F",0,62500,520
1428277,10,0,0,10,0,"M",1,112500,521
1429936,10,0,0,12,3,"F",1,187500,522
1430214,10,0,0,11,0,"M",0,112500,523
1430754,10,0,0,7,0,"M",1,187500,524
1431104,10,0,0,4.36190462112427,0,"F",0,250000,525
1431118,10,0,0,7,0,"F",1,62500,526
1431340,10,0,0,12,0,"F",0,87500,527
1431513,10,0,0,10,0,"F",1,62500,528
1431697,10,0,0,4,1,"F",1,87500,529
1431949,10,0,0,10,0,"F",1,42500,530
1432387,10,0,0,11,0,"F",0,162500,531
1432724,10,0,0,9,0,"F",1,20000,532
1432840,10,0,0,8,0,"F",1,20000,533
1432998,10,0,0,7,0,"F",1,62500,534
1433194,10,0,0,14,0,"F",1,42500,535
1433587,10,0,0,8,1,"M",1,87500,536
1434275,10,0,0,13,1,"F",1,20000,537
1434712,10,0,0,1,0,"F",1,42500,538
1435022,10,0,0,5,1,"F",1,187500,539
1435557,10,0,0,1,1,"M",1,62500,540
1435794,10,0,0,6,2,"F",0,87500,541
1435996,10,0,0,7,1,"F",1,112500,542
1436928,10,0,0,6,1,"F",1,112500,543
1437747,10,0,0,9,0,"F",1,137500,544
1437857,10,0,0,12,3,"M",1,62500,545
1437869,10,0,0,11,0,"F",1,187500,546
1437899,10,0,0,12,2,"F",1,137500,547
1438760,10,0,0,13,1,"F",1,137500,548
1438884,10,0,0,12,0,"M",1,87500,549
1439629,10,0,0,10,0,"F",1,7500,550
1439689,10,0,0,5,1,"F",1,112500,551
1439713,10,0,0,8,1,"F",1,62500,552
1440356,10,0,0,3,0,"M",1,250000,553
1441053,10,0,0,9,1,"M",1,30000,554
1441466,10,0,0,10,2,"F",1,250000,555
1442287,10,0,0,11,0,"F",0,187500,556
1442704,10,0,0,12,1,"F",1,87500,557
1443687,10,0,0,10,0,"F",0,87500,558
1443964,10,0,0,5,0,"F",1,250000,559
1444485,10,0,0,8,1,"F",1,112500,560
1445100,10,0,0,11,0,"F",1,87500,561
1446288,10,0,0,12,2,"F",0,62500,562
1447092,10,0,0,4,1,"M",1,42500,563
1447298,10,0,0,12,1,"F",1,62500,564
1448763,10,0,0,7,0,"F",0,62500,565
1448901,10,0,0,4,0,"F",0,62500,566
1449431,10,0,0,7,0,"F",1,137500,567
1450170,10,0,0,16,0,"F",0,62500,568
1450180,10,0,0,6,1,"M",1,62500,569
1450746,10,0,0,9,0,"F",1,7500,570
1450805,10,0,0,5,0,"M",1,225000,571
1450890,10,0,0,11,1,"F",1,225000,572
1451275,10,0,0,8,0,"M",1,62500,573
1451865,10,0,0,7,0,"F",1,225000,574
1452879,10,0,0,12,1,"F",1,137500,575
1454110,10,0,0,11,0,"F",1,62500,576
1454343,10,0,0,12,2,"M",0,30000,577
1454425,10,0,0,8,0,"F",1,112500,578
1454661,10,0,0,13,0,"F",1,87500,579
1455466,10,0,0,12,2,"F",1,87500,580
1455615,10,0,0,2,2,"F",1,7500,581
1455721,10,0,0,2,2,"M",1,87500,582
1455906,10,0,0,11,0,"F",1,250000,583
1456029,10,1,0,10,3,"F",1,42500,584
1456155,10,0,0,9,0,"F",1,250000,585
1456186,10,0,0,6,1,"F",1,20000,586
1456531,10,0,0,9,1,"F",1,187500,587
1456609,10,0,0,5,0,"F",1,62500,588
1456628,10,0,0,12,1,"F",1,250000,589
1456919,10,0,0,8,2,"F",1,30000,590
1457625,10,0,0,7,0,"F",1,112500,591
1457777,10,0,0,10,1,"F",1,62500,592
1457830,10,0,0,6,1,"F",1,112500,593
1457984,10,0,0,12,2,"F",1,112500,594
1458214,10,0,0,9,0,"F",1,225000,595
1460277,10,0,0,7,0,"F",1,62500,596
1460380,10,0,0,10,1,"F",0,42500,597
1460953,10,0,0,11,1,"F",0,250000,598
1461151,10,0,0,2,0,"F",1,87500,599
1461397,10,0,0,10,1,"F",1,137500,600
1462847,10,0,0,10,0,"F",1,162500,601
1462878,10,0,0,12,0,"F",1,7500,602
1463072,10,0,0,10,0,"F",1,87500,603
1464188,10,0,0,1.54166662693024,0,"F",1,137500,604
1464264,10,0,0,11,0,"M",1,112500,605
1464335,10,0,0,10,1,"F",1,187500,606
1464618,10,0,0,8,0,"F",1,112500,607
1465220,10,0,0,11,1,"F",1,137500,608
1466204,10,1,0,12,1,"F",1,87500,609
1466494,10,0,0,6,0,"M",1,20000,610
1466816,10,0,0,13,3,"F",1,137500,611
1466833,10,0,0,13,1,"F",1,87500,612
1466886,10,0,0,11,1,"F",1,137500,613
1466955,10,0,0,11,0,"F",1,250000,614
1467019,10,1,0,8,2,"F",0,137500,615
1467058,10,0,0,12,1,"F",0,20000,616
1467155,10,0,0,9,0,"M",0,62500,617
1467520,10,0,0,6,1,"F",1,250000,618
1467621,10,0,0,10,1,"F",1,62500,619
1468654,10,0,0,4,0,"F",1,87500,620
1468709,10,0,0,8,0,"F",1,30000,621
1468714,10,0,0,12,0,"F",0,112500,622
1468733,10,0,0,12,3,"F",1,62500,623
1468745,10,0,0,9,0,"M",1,62500,624
1469175,10,0,0,21,0,"F",0,87500,625
1469204,10,0,0,6,0,"F",1,112500,626
1469239,10,0,0,10,2,"F",1,112500,627
1469248,10,0,0,6,1,"F",1,112500,628
1469990,10,0,0,12,0,"M",1,187500,629
1470110,10,0,0,11,2,"F",0,62500,630
1470965,10,0,0,11,0,"F",0,62500,631
1471445,10,0,0,10,0,"F",1,162500,632
1471473,10,0,0,4,1,"M",1,62500,633
1471528,10,0,0,13,0,"F",1,112500,634
1471566,10,0,0,4,0,"F",1,30000,635
1471723,10,0,0,11,1,"F",1,187500,636
1471767,10,0,0,8,1,"M",1,87500,637
1471934,10,0,0,4,0,"F",0,112500,638
1472977,10,0,0,12,1,"F",1,87500,639
1474598,10,0,0,12,2,"M",1,87500,640
1475170,10,0,0,12,0,"M",0,87500,641
1477477,10,0,0,1.65277779102325,0,"M",0,112500,642
1478058,10,0,0,8,1,"F",1,87500,643
1478617,10,0,0,11,0,"F",1,225000,644
1479489,10,0,0,12,1,"F",1,62500,645
1480578,10,0,0,5,1,"F",0,62500,646
1481279,10,1,0,8,3,"F",0,162500,647
1481476,10,0,0,9,1,"F",1,7500,648
1482005,10,0,0,5,0,"M",1,62500,649
1482267,10,0,0,6,0,"F",1,225000,650
1482614,10,0,0,7,1,"F",0,87500,651
1482816,10,0,0,5,1,"F",1,62500,652
1483049,10,0,0,9,1,"F",0,20000,653
1484259,10,0,0,8,0,"F",0,7500,654
1484519,10,0,0,11,1,"F",1,42500,655
1484930,10,0,0,8,0,"F",1,162500,656
1486404,10,0,0,5,0,"F",0,42500,657
1487790,10,0,0,11,1,"M",1,187500,658
1488086,10,0,0,7,1,"F",1,112500,659
1489319,10,0,0,4,0,"F",0,42500,660
1490014,10,0,0,7,0,"M",1,62500,661
1491416,10,0,0,12,1,"F",0,112500,662
1491563,10,0,0,5,0,"M",1,162500,663
1492025,10,0,0,10,1,"F",1,62500,664
1492036,10,0,0,9,1,"F",1,87500,665
1493569,10,0,0,4,1,"F",1,112500,666
1498287,10,0,1,11,0,"F",1,162500,667
1498483,10,0,0,4,0,"F",1,62500,668
1498656,10,0,0,5,0,"M",1,137500,669
1501397,10,0,0,11,0,"M",1,112500,670
1501443,10,0,0,7,2,"F",0,7500,671
1501825,10,0,0,9,1,"F",1,225000,672
1501848,10,0,0,5,0,"F",1,112500,673
1501917,10,0,0,8,0,"F",1,137500,674
1502135,10,0,0,7,2,"F",1,87500,675
1502146,10,0,0,11,0,"F",1,62500,676
1502599,10,0,0,13,0,"F",1,187500,677
1504289,10,0,0,8,0,"F",1,137500,678
1507421,10,0,0,1,0,"F",0,20000,679
1509331,10,1,0,9,3,"M",1,62500,680
1509782,10,0,0,4,0,"F",1,62500,681
1509874,10,0,0,2,0,"F",1,42500,682
1511973,10,0,0,8,0,"M",0,7500,683
1512249,10,1,0,7,2,"F",1,187500,684
1512656,10,0,0,10,0,"F",1,187500,685
1513530,10,0,0,10,1,"F",1,62500,686
1513806,10,0,0,3,0,"F",1,62500,687
1514087,10,0,0,2,0,"F",0,112500,688
1514098,10,0,0,10,1,"F",1,187500,689
1514327,10,0,0,6,0,"F",0,87500,690
1514351,10,0,0,11,1,"M",1,187500,691
1514819,10,0,0,8,1,"F",1,30000,692
1516894,10,0,0,8,0,"M",1,250000,693
1518132,10,0,0,7,0,"F",0,62500,694
1518564,10,0,0,2,2,"F",1,112500,695
1519598,10,0,0,12,2,"F",1,187500,696
1520012,10,0,0,3,1,"F",1,187500,697
1520720,10,0,0,11,3,"F",1,62500,698
1522154,10,0,0,10,0,"F",1,137500,699
1522471,10,0,0,9,0,"M",1,162500,700
1523997,10,1,0,8,2,"F",1,225000,701
1524038,10,0,0,11,0,"F",1,250000,702
1524967,10,0,0,1.25,0,"F",1,250000,703
1525049,10,0,0,12,1,"F",1,187500,704
1525556,10,0,0,12,2,"M",1,162500,705
1526044,10,0,0,6,0,"M",1,87500,706
1526280,10,0,0,8,0,"M",1,20000,707
1526638,10,0,0,7,2,"F",1,225000,708
1527800,10,0,0,6,1,"F",1,137500,709
1527932,10,1,0,11,5,"F",1,187500,710
1527966,10,0,0,7,0,"F",1,250000,711
1528038,10,0,0,6,1,"M",1,225000,712
1528103,10,0,0,10,2,"F",1,225000,713
1528515,10,0,0,3,0,"F",0,225000,714
1529646,10,0,1,12,3,"F",1,225000,715
1530199,10,0,0,3,0,"M",1,62500,716
1530200,10,0,0,11,1,"F",1,137500,717
1530561,10,0,0,10,1,"F",1,42500,718
1530887,10,0,0,9,0,"F",1,87500,719
1531800,10,0,0,11,0,"F",0,62500,720
1531915,10,0,0,5,0,"F",1,250000,721
1531924,10,0,0,11,1,"F",0,225000,722
1531984,10,0,0,10,1,"F",0,42500,723
1532052,10,0,0,6,0,"M",1,87500,724
1532113,10,0,0,11,0,"F",1,87500,725
1532334,10,0,0,9,0,"F",1,225000,726
1532420,10,0,0,4,0,"F",1,30000,727
1532431,10,0,0,11,1,"F",0,20000,728
1532738,10,0,0,16,1,"F",1,225000,729
1532841,10,1,0,10,2,"F",1,42500,730
1533843,10,0,0,11,0,"F",1,42500,731
1533874,10,0,0,8,0,"F",1,137500,732
1533971,10,1,0,9,2,"F",1,137500,733
1534792,10,0,0,10,1,"F",1,187500,734
1535057,10,0,0,10,0,"F",1,137500,735
1535333,10,1,0,10,2,"M",1,87500,736
1535547,10,0,0,10,1,"F",1,187500,737
1535701,10,0,0,11,2,"M",1,62500,738
1535732,10,0,0,12,0,"F",1,187500,739
1535755,10,0,0,11,0,"F",1,112500,740
1536000,10,0,0,9,0,"F",1,187500,741
1536405,10,0,0,11,0,"F",1,62500,742
1536527,10,0,0,5,0,"F",1,225000,743
1536579,10,0,0,6,0,"F",1,187500,744
1537347,10,0,0,11,0,"F",1,225000,745
1537995,10,0,0,2,0,"F",0,62500,746
1538175,10,0,0,13,0,"F",1,250000,747
1538662,10,0,0,11,3,"F",1,112500,748
1538919,10,0,0,8,0,"F",1,250000,749
1539494,10,0,0,12,1,"F",1,250000,750
1539570,10,0,0,8,0,"F",1,87500,751
1540059,10,0,0,13,1,"M",1,87500,752
1540194,10,0,0,2,0,"F",1,187500,753
1540364,10,0,0,11,0,"F",1,7500,754
1540829,10,0,0,6,1,"F",1,187500,755
1540910,10,0,0,12,0,"F",1,137500,756
1540936,10,0,0,8,1,"F",1,62500,757
1541156,10,0,0,12,0,"F",1,7500,758
1541593,10,0,0,10,0,"F",1,250000,759
1541662,10,0,0,10,3,"F",1,112500,760
1541734,10,0,0,13,0,"F",1,137500,761
1541834,10,0,0,5,0,"F",1,250000,762
1541894,10,0,0,9,0,"F",0,42500,763
1542247,10,0,0,8,0,"F",1,225000,764
1542523,10,0,0,12,0,"F",1,187500,765
1542740,10,0,0,13,1,"F",0,30000,766
1543012,10,0,0,9,0,"M",1,112500,767
1543181,10,0,0,13,1,"M",1,250000,768
1543552,10,0,0,12,2,"F",0,112500,769
1543563,10,0,0,10,4,"F",1,250000,770
1543633,10,0,0,10,2,"F",1,112500,771
1544590,10,0,0,8,1,"F",0,187500,772
1544693,10,0,0,10,0,"F",1,250000,773
1545273,10,1,0,11,2,"F",0,137500,774
1545322,10,0,0,11,0,"M",1,250000,775
1546709,10,0,0,9,3,"F",1,250000,776
1546922,10,0,0,10,0,"M",1,137500,777
1546932,10,0,0,8,0,"F",0,112500,778
1546959,10,0,0,10,1,"F",1,187500,779
1546989,10,0,0,12,3,"M",1,225000,780
1547464,10,0,0,9,0,"F",1,87500,781
1547476,10,0,0,8,0,"F",0,225000,782
1547622,10,2,0,8,4,"F",1,187500,783
1547752,10,0,0,1,1,"F",1,112500,784
1547850,10,0,0,5,0,"F",1,20000,785
1548040,10,0,0,4,0,"F",0,112500,786
1548129,10,0,0,7,0,"F",1,112500,787
1548209,10,0,0,9,3,"F",1,20000,788
1548503,10,0,0,9,1,"F",1,62500,789
1548540,10,0,0,12,0,"F",1,87500,790
1548673,10,0,0,9,1,"F",1,112500,791
1549599,10,0,0,11,0,"M",1,187500,792
1550040,10,0,0,11,1,"M",1,20000,793
1550161,10,0,0,12,1,"F",1,62500,794
1550456,10,0,0,9,2,"F",1,225000,795
1550894,10,0,0,6,1,"F",1,87500,796
1551030,10,0,0,8,0,"F",1,225000,797
1551330,10,0,0,3,0,"M",1,87500,798
1551510,10,0,0,7,0,"F",1,162500,799
1551891,10,0,0,12,0,"F",1,187500,800
1552409,10,0,0,9,2,"M",1,137500,801
1552458,10,0,0,10,1,"F",1,62500,802
1552507,10,0,0,7,1,"F",1,137500,803
1552803,10,0,0,10,3,"F",1,225000,804
1552831,10,0,0,12,0,"M",1,112500,805
1553098,10,0,0,10,4,"F",1,87500,806
1553185,10,0,0,8,1,"F",1,187500,807
1553615,10,0,0,9,0,"F",1,187500,808
1553840,10,0,0,12,1,"M",1,20000,809
1553857,10,0,0,2.21875,0,"M",1,87500,810
1553951,10,0,0,9,0,"F",1,225000,811
1554033,10,0,0,4,0,"F",1,62500,812
1554034,10,0,0,7,0,"F",1,162500,813
1554062,10,0,0,2,0,"F",1,87500,814
1554533,10,0,0,11,0,"F",1,62500,815
1554853,10,0,0,3,1,"M",1,42500,816
1554983,10,0,0,6,0,"M",1,87500,817
1555310,10,0,0,11,2,"F",1,187500,818
1555529,10,0,0,9,1,"M",1,225000,819
1555776,10,0,0,10,0,"F",1,20000,820
1555876,10,0,0,8,0,"F",0,112500,821
1556592,10,1,0,9,1,"F",1,62500,822
1556634,10,0,0,3,1,"M",0,87500,823
1556652,10,0,0,7,0,"F",1,42500,824
1557407,10,0,0,4,0,"F",1,162500,825
1557751,10,0,0,11,1,"F",1,162500,826
1558181,10,0,0,9,0,"F",0,62500,827
1558593,10,0,0,11,0,"F",1,137500,828
1559861,10,0,0,5,2,"F",0,20000,829
1560624,10,0,0,6,0,"F",1,62500,830
1561366,10,0,0,9,1,"F",1,62500,831
1561573,10,0,0,6,0,"F",1,137500,832
1563321,10,0,0,7,0,"F",1,187500,833
1563505,10,0,0,8,0,"M",0,62500,834
1563807,10,1,0,11,2,"F",0,112500,835
1564353,10,0,0,7,0,"F",1,137500,836
1564381,10,0,0,8,1,"F",1,42500,837
1564432,10,0,0,10,1,"F",1,20000,838
1564440,10,0,0,8,0,"F",1,62500,839
1564588,10,0,0,2.78723406791687,0,"F",1,162500,840
1565437,10,0,0,12,1,"F",1,87500,841
1565459,10,0,0,12,0,"F",1,162500,842
1565552,10,0,0,5,0,"F",1,187500,843
1565565,10,0,0,10,0,"M",0,112500,844
1565621,10,0,0,8,0,"F",1,42500,845
1566766,10,0,0,8,0,"F",1,62500,846
1566910,10,0,0,1,0,"M",0,42500,847
1567216,10,0,0,11,0,"F",1,112500,848
1567225,10,0,0,11,0,"F",1,42500,849
1567585,10,0,0,11,1,"M",0,87500,850
1568736,10,0,0,5,2,"F",1,137500,851
1569143,10,0,0,12,3,"F",1,87500,852
1569250,10,0,0,8,1,"M",0,7500,853
1570352,10,0,0,7,0,"F",1,62500,854
1570791,10,0,0,5,1,"F",1,112500,855
1571168,10,0,0,9,1,"F",1,42500,856
1571704,10,0,0,11,0,"F",1,42500,857
1572013,10,0,0,10,0,"F",1,87500,858
1572475,10,0,0,11,2,"F",1,87500,859
1572791,10,0,0,5,1,"F",0,137500,860
1572826,10,0,0,10,0,"F",1,87500,861
1572876,10,0,0,5,0,"M",0,20000,862
1573368,10,0,0,8,0,"M",0,62500,863
1573406,10,0,0,5,0,"F",1,87500,864
1573782,10,0,0,9,2,"F",1,112500,865
1573961,10,0,0,11,1,"M",1,62500,866
1574217,10,0,0,9,1,"M",1,187500,867
1574944,10,1,0,12,1,"F",1,87500,868
1575622,10,0,0,10,0,"F",1,137500,869
1575638,10,0,0,10,0,"F",1,87500,870
1575664,10,0,0,7,2,"F",0,20000,871
1576304,10,0,0,12,1,"M",1,250000,872
1576669,10,0,0,10,1,"F",1,112500,873
1576876,10,0,0,3,1,"F",1,137500,874
1576998,10,0,0,6,0,"F",1,250000,875
1577505,10,0,0,9,0,"M",0,20000,876
1577931,10,0,0,10,1,"F",0,112500,877
1580292,10,0,0,11,1,"F",1,250000,878
1580324,10,0,0,11,1,"M",1,87500,879
1580380,10,0,0,11,3,"F",1,187500,880
1580422,10,0,0,1,1,"M",1,225000,881
1580699,10,0,0,8,1,"M",1,30000,882
1581113,10,0,0,11,0,"F",0,112500,883
1581720,10,0,0,6,0,"F",1,250000,884
1582050,10,0,0,7,0,"F",1,137500,885
1582294,10,0,0,8,0,"F",1,250000,886
1582445,10,0,0,3,0,"F",1,137500,887
1582970,10,0,0,2,0,"F",1,187500,888
1583212,10,0,0,6,0,"F",1,250000,889
1583903,10,0,0,10,1,"F",1,250000,890
1583918,10,0,0,10,0,"F",0,162500,891
1584353,10,0,0,9,1,"F",0,87500,892
1584557,10,0,0,7,3,"F",1,62500,893
1584736,10,0,0,10,1,"F",0,87500,894
1584822,10,0,0,11,0,"F",1,62500,895
1585152,10,0,0,18,1,"F",1,30000,896
1586387,10,0,0,12,3,"F",1,187500,897
1586988,10,0,0,9,0,"F",1,87500,898
1587401,10,0,0,11,1,"F",1,87500,899
1587615,10,0,0,10,2,"F",1,30000,900
1587812,10,0,0,11,1,"F",1,225000,901
1588035,10,0,0,3,0,"F",1,112500,902
1588596,10,0,0,10,0,"M",1,137500,903
1588827,10,0,0,2,0,"M",1,137500,904
1588865,10,0,0,4,0,"M",1,112500,905
1589682,10,0,0,11,0,"F",1,250000,906
1589774,10,0,0,7,0,"M",1,62500,907
1590492,10,0,0,11,3,"M",1,250000,908
1590674,10,0,0,10,0,"F",1,20000,909
1590711,10,0,0,8,0,"F",1,187500,910
1590921,10,0,0,12,0,"F",1,250000,911
1590969,10,0,0,8,0,"F",0,42500,912
1591056,10,0,0,3,0,"F",1,225000,913
1591165,10,0,0,4,0,"F",1,250000,914
1591251,10,0,0,11,0,"F",0,87500,915
1591366,10,0,0,9,2,"M",1,250000,916
1591670,10,0,0,8,0,"M",1,137500,917
1591722,10,0,0,6,0,"F",0,62500,918
1591917,10,0,0,10,0,"F",1,187500,919
1591990,10,0,0,2,1,"M",0,42500,920
1592216,10,0,0,9,1,"F",1,62500,921
1592278,10,0,0,10,2,"F",1,187500,922
1592293,10,0,0,11,1,"F",1,112500,923
1592707,10,0,0,13,1,"F",1,250000,924
1592744,10,0,0,8,0,"F",0,112500,925
1592908,10,0,0,10,0,"F",1,87500,926
1593038,10,0,0,10,2,"F",1,112500,927
1593301,10,2,0,9,4,"M",1,62500,928
1593487,10,0,0,11,3,"M",1,87500,929
1593651,10,0,0,5,1,"F",1,42500,930
1593813,10,0,0,11,0,"F",0,20000,931
1594152,10,1,0,9,1,"F",1,87500,932
1594307,10,0,0,10,0,"F",0,87500,933
1594407,10,0,0,11,0,"F",1,187500,934
1594775,10,0,0,12,1,"F",1,42500,935
1596452,10,0,0,8,1,"F",1,112500,936
1596829,10,0,0,9,0,"M",1,112500,937
1597491,10,0,0,6,0,"F",1,42500,938
1598463,10,0,0,11,2,"F",1,62500,939
1598633,10,0,0,11,1,"F",1,112500,940
1598919,10,0,0,3,0,"F",0,62500,941
1599722,10,0,0,9,0,"M",1,42500,942
1599748,10,0,0,9,1,"F",0,7500,943
1601262,10,0,0,11,1,"F",1,62500,944
1601710,10,0,0,5,0,"F",1,87500,945
1601726,10,0,0,10,0,"F",1,87500,946
1602013,10,0,0,5,0,"F",0,42500,947
1602093,10,0,0,3,1,"M",1,42500,948
1602541,10,0,0,5,2,"M",1,112500,949
1603217,10,0,0,11,0,"F",1,62500,950
1603225,10,0,0,10,0,"F",0,225000,951
1603429,10,0,0,12,2,"F",1,62500,952
1604015,10,0,0,11,0,"F",1,62500,953
1604126,10,0,0,11,0,"F",1,112500,954
1604128,10,0,0,11,0,"F",0,187500,955
1604268,10,0,0,1,0,"F",1,62500,956
1604528,10,0,0,7,1,"F",1,112500,957
1605044,10,0,0,11,1,"F",1,225000,958
1605048,10,0,0,4,0,"F",1,187500,959
1605961,10,0,0,7,0,"F",0,112500,960
1608086,10,0,0,7,0,"F",0,112500,961
1608536,10,0,0,7,1,"M",1,87500,962
1608611,10,0,0,8,0,"F",1,62500,963
1608612,10,0,0,13,1,"F",0,20000,964
1608644,10,0,0,12,0,"F",0,250000,965
1609138,10,0,0,3,0,"F",1,112500,966
1609335,10,0,0,11,0,"F",1,87500,967
1609688,10,0,0,10,0,"F",0,42500,968
1609694,10,0,0,7,1,"M",1,42500,969
1609742,10,0,0,11,1,"F",1,20000,970
1610234,10,0,0,12,0,"F",1,42500,971
1610404,10,0,0,12,1,"M",0,62500,972
1611512,10,0,0,3,0,"F",1,30000,973
1611563,10,0,0,6,0,"F",1,250000,974
1612208,10,0,0,10,0,"M",1,187500,975
1612444,10,0,0,12,0,"F",1,250000,976
1612702,10,0,0,10,0,"F",1,137500,977
1612863,10,0,0,9,1,"F",0,42500,978
1612987,10,0,0,12,6,"F",0,187500,979
1613295,10,0,0,17,0,"F",1,7500,980
1613630,10,0,0,6,0,"F",1,137500,981
1613669,10,0,0,5,1,"F",1,225000,982
1613754,10,0,0,4,1,"F",1,250000,983
1613787,10,0,0,12,1,"M",1,187500,984
1614408,10,0,0,9,0,"F",1,225000,985
1614896,10,0,0,8,0,"F",0,112500,986
1614950,10,0,0,8,1,"F",1,62500,987
1614982,10,0,0,11,0,"M",0,62500,988
1615046,10,0,0,8,1,"F",0,42500,989
1615126,10,0,0,4,0,"M",1,112500,990
1616126,10,0,0,2,0,"F",1,112500,991
1616413,10,0,0,2,0,"F",1,42500,992
1617245,10,0,0,11,2,"F",0,30000,993
1617490,10,0,0,10,0,"F",1,187500,994
1617675,10,1,0,12,1,"F",0,87500,995
1617709,10,0,0,2,0,"F",1,62500,996
1618855,10,0,0,6,3,"F",0,62500,997
1619223,10,0,0,8,1,"F",1,20000,998
1620927,10,0,0,10,0,"M",0,112500,999
1620942,10,0,0,10,1,"F",1,20000,1000
117514,11,0,0,6,1,"F",0,42500,1
287398,11,0,0,2,1,"F",0,42500,2
469734,11,0,0,7,0,"F",1,250000,3
1054974,11,0,0,6,0,"F",1,137500,4
1060246,11,0,0,8,2,"F",1,62500,5
1061355,11,0,0,6,3,"F",1,87500,6
1061649,11,0,1,5,1,"M",1,225000,7
1062171,11,0,1,7,0,"F",1,250000,8
1063617,11,0,1,6,2,"F",1,250000,9
1068288,11,0,0,5,2,"F",0,30000,10
1071414,11,0,0,5,2,"F",1,62500,11
1077480,11,0,0,2,0,"F",0,62500,12
1081075,11,0,1,7,1,"F",1,250000,13
1081928,11,0,0,6,0,"F",1,62500,14
1082351,11,0,0,5,0,"F",0,30000,15
1087152,11,0,0,6,0,"F",1,187500,16
1089142,11,0,1,4,0,"F",1,87500,17
1091840,11,1,0,5,5,"F",1,30000,18
1094021,11,0,0,2,2,"F",1,87500,19
1094281,11,0,0,3,0,"F",1,62500,20
1100417,11,0,0,3,1,"F",1,62500,21
1100757,11,0,0,4,1,"F",0,112500,22
1102828,11,0,0,7,0,"F",0,62500,23
1103923,11,0,0,2,0,"F",1,225000,24
1107037,11,0,0,6,1,"F",1,112500,25
1108749,11,0,1,7,2,"F",0,87500,26
1108764,11,0,0,4,0,"F",0,62500,27
1111628,11,0,1,7,4,"F",1,137500,28
1111718,11,0,0,5,1,"F",1,112500,29
1114150,11,0,0,3,0,"F",0,30000,30
1117270,11,0,1,4,0,"M",1,20000,31
1120531,11,0,1,6,4,"F",1,62500,32
1122158,11,0,0,5,1,"F",0,62500,33
1128451,11,0,0,5,1,"F",1,42500,34
1136393,11,1,1,7,1,"F",0,112500,35
1136784,11,0,0,5,4,"M",0,225000,36
1139371,11,0,0,2,0,"F",0,42500,37
1139886,11,0,0,4,3,"F",1,112500,38
1144195,11,0,0,5,0,"M",1,250000,39
1144979,11,0,0,9,1,"F",1,112500,40
1145339,11,0,0,8,2,"F",1,62500,41
1145483,11,0,0,3,0,"F",0,7500,42
1146117,11,0,0,4,0,"M",0,87500,43
1147315,11,0,0,6,1,"F",1,187500,44
1148446,11,0,0,6,3,"F",0,20000,45
1149897,11,0,0,3,0,"M",0,30000,46
1149964,11,0,0,6,0,"F",1,42500,47
1150751,11,0,0,4,1,"M",0,7500,48
1150797,11,0,0,4,1,"F",1,162500,49
1151559,11,0,0,7,2,"F",1,112500,50
1151769,11,0,1,7,0,"F",0,112500,51
1152166,11,0,0,5,0,"M",1,137500,52
1152366,11,1,0,3,5,"F",1,87500,53
1153528,11,0,0,6,4,"M",1,62500,54
1153766,11,0,0,6,0,"F",1,162500,55
1155123,11,0,0,3,0,"F",1,112500,56
1156205,11,1,0,6,4,"F",0,112500,57
1156827,11,0,0,6,1,"F",0,7500,58
1157198,11,0,0,4,0,"F",1,20000,59
1165832,11,0,0,8,2,"F",0,62500,60
1166157,11,0,0,8,3,"F",0,137500,61
1167911,11,1,0,6,2,"F",1,87500,62
1168134,11,0,0,6,1,"F",0,162500,63
1168271,11,0,0,6,2,"F",1,112500,64
1171923,11,0,0,3,0,"F",0,62500,65
1172112,11,0,0,2,0,"F",0,20000,66
1174038,11,0,0,2,1,"M",1,112500,67
1174562,11,0,0,5,4,"F",1,62500,68
1174985,11,0,0,6,1,"F",1,62500,69
1176048,11,1,0,6,4,"F",1,62500,70
1179432,11,0,0,6,1,"F",1,87500,71
1179878,11,0,0,2,1,"M",1,62500,72
1180407,11,0,0,6,1,"F",0,62500,73
1180590,11,0,0,5,1,"F",0,112500,74
1180640,11,0,0,3,0,"F",1,62500,75
1181283,11,0,1,3,1,"F",1,62500,76
1181372,11,0,0,1.50793647766113,0,"M",1,62500,77
1181576,11,0,0,4,1,"F",1,87500,78
1182877,11,0,1,6,0,"M",1,62500,79
1184139,11,0,0,6,0,"F",1,20000,80
1184169,11,0,0,6,1,"F",1,112500,81
1184297,11,0,0,3,0,"M",1,112500,82
1184913,11,0,0,6,0,"F",1,87500,83
1185813,11,0,1,5,1,"M",1,87500,84
1185876,11,0,0,1.11764705181122,0,"F",1,137500,85
1186126,11,0,1,8,1,"F",1,62500,86
1187131,11,0,0,2,0,"M",0,42500,87
1187232,11,0,0,7,1,"F",0,62500,88
1187420,11,0,0,6,5,"F",1,87500,89
1187873,11,0,0,5,2,"M",1,112500,90
1187978,11,0,0,5,0,"F",1,62500,91
1188069,11,0,0,5,0,"F",1,162500,92
1188761,11,0,0,5,1,"F",1,162500,93
1188833,11,0,1,7,1,"F",1,62500,94
1189258,11,0,0,7,0,"F",1,225000,95
1189412,11,0,0,2,0,"F",1,20000,96
1189715,11,0,0,4,1,"M",1,162500,97
1189764,11,0,0,3,2,"F",1,137500,98
1190134,11,0,0,6,3,"F",0,20000,99
1190711,11,0,0,7,1,"F",1,162500,100
1191253,11,0,0,6,2,"F",0,62500,101
1191595,11,0,0,5,2,"F",1,62500,102
1191968,11,0,0,2,0,"F",1,112500,103
1192704,11,0,0,5,0,"F",1,62500,104
1192874,11,0,0,5,0,"F",1,62500,105
1193114,11,0,0,6,2,"F",1,162500,106
1193232,11,0,0,2,0,"M",1,112500,107
1193743,11,0,0,5,1,"F",1,20000,108
1193751,11,0,0,2,1,"F",0,42500,109
1193787,11,0,0,4,1,"F",1,62500,110
1194121,11,0,1,5,0,"F",0,42500,111
1194319,11,0,0,5,1,"F",0,62500,112
1194477,11,0,1,9,1,"F",1,112500,113
1195243,11,0,0,7,1,"F",1,62500,114
1195315,11,0,0,5,0,"M",1,112500,115
1195629,11,0,0,6,0,"M",1,62500,116
1196370,11,0,0,6,2,"F",0,137500,117
1196373,11,0,1,4,0,"F",1,87500,118
1196532,11,0,0,6,0,"F",1,112500,119
1196672,11,0,0,6,1,"F",0,62500,120
1196715,11,0,0,7,2,"F",1,62500,121
1196867,11,0,0,5,0,"F",1,62500,122
1197628,11,0,0,2,0,"M",0,137500,123
1198131,11,0,0,2,1,"F",0,42500,124
1198229,11,0,0,6,3,"F",1,62500,125
1198340,11,1,0,2.20731711387634,1,"F",1,112500,126
1198656,11,0,0,2,1,"F",0,42500,127
1198936,11,0,0,6,3,"M",0,162500,128
1199872,11,0,1,6,1,"F",0,87500,129
1202556,11,0,0,6,1,"F",1,62500,130
1204291,11,0,0,3,0,"F",0,20000,131
1204517,11,0,0,6,1,"F",1,62500,132
1204703,11,0,0,5,1,"F",0,87500,133
1205899,11,0,0,4,0,"F",1,162500,134
1207119,11,0,0,3,0,"F",1,62500,135
1208107,11,0,0,3,1,"F",1,112500,136
1208888,11,0,0,1,0,"F",0,20000,137
1209486,11,0,1,7,3,"F",1,62500,138
1209955,11,0,1,3,1,"M",1,225000,139
1210800,11,0,0,6,3,"F",1,250000,140
1211027,11,0,0,3,1,"F",1,112500,141
1211068,11,0,3,16,1,"F",0,250000,142
1211288,11,0,0,5,0,"F",0,7500,143
1211807,11,0,0,3,0,"F",1,42500,144
1212464,11,0,0,4,0,"F",0,42500,145
1213078,11,0,0,6,2,"F",1,250000,146
1213693,11,0,0,7,2,"F",1,162500,147
1216811,11,1,0,3,4,"F",1,162500,148
1217376,11,0,0,7,2,"F",1,137500,149
1217401,11,1,1,6,1,"F",0,62500,150
1221162,11,0,0,3,0,"F",1,62500,151
1222034,11,0,0,6,3,"M",1,87500,152
1222561,11,0,0,5,0,"F",1,62500,153
1224353,11,0,0,4,1,"F",1,87500,154
1224379,11,0,0,3,3,"F",1,162500,155
1225029,11,0,0,3,0,"F",1,62500,156
1225288,11,0,0,5,1,"F",1,112500,157
1225581,11,0,0,5,3,"F",1,30000,158
1226932,11,1,0,5,1,"F",1,87500,159
1226943,11,0,0,7,5,"F",1,162500,160
1227191,11,0,0,5,1,"F",1,112500,161
1227743,11,0,1,11,1,"F",0,62500,162
1228628,11,0,0,4,0,"F",1,62500,163
1228793,11,0,0,4,1,"F",0,87500,164
1229147,11,0,0,8,3,"F",1,87500,165
1229564,11,0,0,7,0,"F",1,62500,166
1229612,11,0,0,6,0,"M",1,187500,167
1229771,11,0,0,12,1,"F",1,87500,168
1229884,11,0,0,3,1,"F",1,112500,169
1230105,11,1,0,6,2,"F",1,137500,170
1230445,11,0,0,6,2,"F",1,62500,171
1230648,11,0,0,5,1,"F",1,87500,172
1230860,11,0,0,4,1,"F",1,62500,173
1231637,11,0,0,2,2,"F",1,112500,174
1233436,11,0,1,8,0,"F",0,162500,175
1233553,11,0,2,8,0,"F",1,112500,176
1234916,11,0,0,5,0,"M",1,62500,177
1237257,11,0,0,5,0,"F",1,62500,178
1237667,11,0,0,6,1,"F",1,87500,179
1238108,11,0,0,5,0,"F",1,42500,180
1238707,11,0,0,3,1,"F",1,62500,181
1238904,11,0,0,4,1,"M",1,87500,182
1239286,11,0,0,2,0,"F",1,250000,183
1239623,11,0,0,5,1,"F",0,42500,184
1239849,11,0,0,2,0,"F",1,112500,185
1239936,11,0,0,2,0,"F",0,7500,186
1240102,11,0,0,2,0,"F",0,62500,187
1241439,11,1,0,2,2,"F",1,112500,188
1241595,11,1,0,4,3,"F",1,62500,189
1241711,11,1,0,6,1,"F",1,87500,190
1242022,11,0,0,4,4,"F",1,62500,191
1242223,11,0,0,4,0,"M",1,137500,192
1242542,11,0,0,4,1,"M",1,137500,193
1243937,11,1,0,7,2,"F",1,87500,194
1244277,11,0,0,1,2,"F",0,112500,195
1245286,11,0,0,3,1,"F",1,62500,196
1246704,11,0,0,7,1,"F",1,87500,197
1247392,11,0,0,4,0,"F",1,87500,198
1248826,11,1,1,5,2,"F",1,87500,199
1249794,11,1,0,3,2,"F",0,137500,200
1250074,11,0,1,5,0,"F",0,87500,201
1250242,11,0,0,4,0,"F",0,250000,202
1250577,11,0,0,4,2,"F",1,62500,203
1250585,11,0,0,6,1,"F",1,187500,204
1250879,11,0,0,4,0,"F",1,137500,205
1250899,11,0,0,4,1,"M",1,112500,206
1251138,11,0,0,5,1,"M",1,137500,207
1251550,11,0,1,7,1,"F",1,62500,208
1251623,11,0,2,7,1,"F",1,7500,209
1251804,11,0,0,3,0,"F",0,137500,210
1251816,11,0,0,5,1,"F",1,137500,211
1252257,11,1,0,6,1,"F",0,87500,212
1252297,11,0,1,6,0,"M",1,62500,213
1252403,11,0,0,7,5,"M",1,62500,214
1252534,11,0,0,5,2,"F",1,187500,215
1252759,11,0,0,5,1,"F",1,137500,216
1252878,11,1,0,6,2,"F",1,137500,217
1254168,11,0,0,7,3,"F",1,62500,218
1254684,11,0,0,6,0,"M",1,112500,219
1258925,11,0,1,7,4,"F",1,42500,220
1259640,11,0,0,6,2,"M",1,87500,221
1259672,11,0,0,6,0,"F",1,62500,222
1259740,11,0,0,4,1,"F",1,30000,223
1262332,11,0,0,5,0,"F",1,87500,224
1262373,11,0,0,7,0,"F",1,250000,225
1262926,11,0,0,4,0,"F",1,62500,226
1263058,11,0,0,5,0,"F",0,137500,227
1263919,11,0,0,5,0,"M",0,30000,228
1264065,11,1,0,7,1,"F",1,187500,229
1264317,11,0,0,5,0,"F",1,187500,230
1264505,11,0,1,6,0,"F",1,87500,231
1264703,11,0,0,5,0,"F",0,30000,232
1265443,11,0,0,5,4,"F",0,20000,233
1265755,11,0,0,5,0,"F",1,112500,234
1265835,11,0,0,4,2,"F",1,112500,235
1265892,11,0,0,3,2,"F",0,187500,236
1266201,11,0,0,3,0,"F",1,187500,237
1268413,11,0,0,6,1,"F",1,62500,238
1269756,11,0,0,5,0,"F",1,62500,239
1269824,11,0,1,7,1,"M",0,30000,240
1273931,11,0,0,6,3,"F",1,20000,241
1275308,11,0,0,5,1,"M",1,87500,242
1275698,11,0,0,3,1,"F",1,87500,243
1275888,11,0,0,5,1,"F",1,137500,244
1276784,11,0,0,4,0,"F",0,20000,245
1277335,11,0,0,4,0,"F",1,42500,246
1279299,11,0,0,3,0,"M",1,87500,247
1279847,11,1,0,4,2,"F",1,42500,248
1280469,11,0,1,6,0,"F",0,7500,249
1281674,11,0,0,3,2,"F",0,137500,250
1285561,11,0,2,8,0,"F",1,250000,251
1286058,11,0,0,7,0,"F",1,250000,252
1286676,11,0,1,7,0,"M",1,225000,253
1287337,11,1,0,6,2,"F",0,62500,254
1288054,11,0,0,7,2,"F",1,42500,255
1288246,11,0,0,3,1,"F",0,62500,256
1288502,11,0,0,7,3,"M",0,137500,257
1288666,11,0,0,4,0,"F",1,62500,258
1288675,11,0,0,4,1,"F",1,20000,259
1288774,11,1,0,9,5,"F",1,187500,260
1288902,11,0,0,7,3,"F",1,87500,261
1289229,11,0,0,3,0,"F",0,112500,262
1290077,11,0,0,4,0,"F",1,87500,263
1290515,11,0,0,2,0,"F",0,87500,264
1290723,11,0,0,5,0,"F",0,30000,265
1291318,11,0,0,2,1,"F",1,42500,266
1291608,11,0,0,5,0,"F",0,30000,267
1292847,11,0,0,9,1,"F",1,42500,268
1293296,11,0,1,6,1,"F",1,30000,269
1293595,11,0,0,5,0,"F",1,62500,270
1293939,11,0,1,8,0,"F",1,250000,271
1294157,11,0,0,5,1,"F",1,62500,272
1294200,11,0,0,5,1,"F",1,62500,273
1294399,11,0,0,6,1,"F",0,30000,274
1294837,11,0,0,6,2,"F",0,62500,275
1297008,11,0,0,2,2,"F",0,7500,276
1297323,11,0,0,7,1,"F",0,7500,277
1297452,11,0,0,5,0,"M",1,87500,278
1297615,11,0,0,4,2,"F",0,20000,279
1297678,11,0,0,3,3,"M",1,62500,280
1298036,11,0,0,4,0,"F",0,7500,281
1298136,11,0,0,7,2,"M",0,30000,282
1298614,11,0,1,7,0,"F",1,62500,283
1300363,11,0,0,2,1,"M",1,42500,284
1300457,11,0,1,5,0,"M",1,42500,285
1301237,11,0,0,2,5,"F",1,20000,286
1301332,11,0,0,7,2,"M",1,42500,287
1301620,11,0,0,5,1,"F",1,87500,288
1302173,11,0,1,8,2,"F",1,225000,289
1302216,11,0,1,4,0,"F",1,62500,290
1302375,11,0,0,6,1,"F",1,87500,291
1303092,11,0,0,5,1,"F",1,62500,292
1303908,11,0,0,6,1,"M",1,87500,293
1304518,11,0,0,6,1,"F",1,87500,294
1304751,11,0,0,4,0,"F",0,30000,295
1306505,11,0,0,4,2,"F",0,62500,296
1307675,11,0,0,10,1,"F",1,62500,297
1307821,11,1,0,5,1,"M",1,42500,298
1310138,11,0,0,4,0,"F",1,62500,299
1310269,11,0,0,7,0,"F",0,112500,300
1311143,11,0,0,4,1,"M",0,62500,301
1311172,11,0,1,5,0,"M",1,137500,302
1311388,11,0,1,7,1,"M",0,20000,303
1312227,11,0,0,6,4,"F",0,62500,304
1313291,11,0,0,3,1,"F",1,162500,305
1313396,11,0,0,8,2,"F",0,30000,306
1313735,11,0,0,5,1,"F",1,20000,307
1313856,11,0,0,7,1,"F",0,20000,308
1314520,11,0,0,6,0,"F",1,62500,309
1314682,11,0,0,3,0,"F",0,20000,310
1314969,11,0,0,4,0,"F",0,87500,311
1315946,11,0,0,6,0,"F",0,62500,312
1317054,11,0,0,3,1,"F",0,7500,313
1317356,11,0,0,2,1,"F",1,62500,314
1318696,11,0,1,7,0,"F",0,62500,315
1318996,11,0,0,5,0,"F",1,62500,316
1319548,11,0,0,4,3,"F",0,20000,317
1319613,11,0,1,8,0,"F",0,137500,318
1319738,11,0,0,3,1,"F",1,137500,319
1320734,11,0,0,5,0,"F",1,20000,320
1320750,11,0,0,4,1,"F",0,7500,321
1322205,11,0,0,10,1,"F",1,62500,322
1322235,11,0,0,3,0,"F",0,62500,323
1322521,11,0,0,4,1,"M",1,42500,324
1322942,11,0,0,6,3,"F",1,87500,325
1323304,11,0,0,7,1,"F",1,162500,326
1323359,11,0,0,7,3,"M",0,187500,327
1323491,11,0,1,5,0,"F",1,250000,328
1323698,11,0,0,5,0,"M",0,250000,329
1323962,11,0,0,5,3,"M",1,62500,330
1324251,11,0,0,3,0,"F",0,20000,331
1324843,11,0,1,6,0,"F",1,87500,332
1325556,11,0,0,3,2,"F",0,20000,333
1327146,11,0,0,7,2,"F",1,162500,334
1328158,11,0,0,5,0,"F",1,62500,335
1328623,11,0,0,5,0,"M",1,30000,336
1328832,11,0,0,4,2,"F",1,187500,337
1329574,11,0,0,5,0,"F",0,42500,338
1330046,11,0,0,5,0,"F",1,112500,339
1330272,11,0,0,5,5,"F",1,137500,340
1330497,11,0,1,6,0,"F",1,162500,341
1331244,11,0,0,5,1,"F",0,30000,342
1331261,11,0,0,4,1,"F",0,7500,343
1331950,11,0,0,6,1,"F",1,62500,344
1333858,11,0,0,4,0,"F",1,112500,345
1335680,11,0,0,4,0,"F",1,62500,346
1335920,11,0,1,6,2,"F",1,42500,347
1335980,11,0,0,6,0,"F",0,20000,348
1336426,11,0,0,6,1,"F",0,20000,349
1336946,11,1,0,4,2,"M",1,20000,350
1338200,11,1,0,4,1,"F",1,162500,351
1338378,11,0,0,6,1,"F",1,225000,352
1339574,11,0,0,6,4,"F",1,42500,353
1339822,11,0,0,4,1,"F",1,112500,354
1340176,11,1,0,4,2,"M",1,42500,355
1340267,11,0,0,5,0,"F",0,42500,356
1341891,11,0,0,4,1,"F",0,62500,357
1342799,11,0,0,4,1,"F",0,62500,358
1343216,11,0,0,4,2,"F",0,187500,359
1344265,11,0,0,4,1,"F",0,87500,360
1344499,11,0,0,5,3,"F",1,87500,361
1344614,11,0,0,7,2,"M",1,225000,362
1345984,11,0,0,6,3,"F",1,112500,363
1346234,11,0,0,2,1,"F",0,162500,364
1347945,11,0,0,4,1,"F",0,112500,365
1348467,11,1,0,9,3,"F",0,87500,366
1348663,11,0,0,4,0,"F",1,62500,367
1348726,11,0,0,5,0,"F",1,62500,368
1349285,11,0,0,7,0,"F",0,42500,369
1349428,11,0,0,5,1,"F",1,87500,370
1349951,11,0,0,4,1,"F",1,20000,371
1350291,11,0,0,6,2,"M",1,87500,372
1350434,11,0,0,4,0,"F",1,162500,373
1351173,11,0,0,4,2,"F",0,87500,374
1351468,11,0,0,5,3,"F",1,7500,375
1351509,11,0,0,3,0,"F",1,62500,376
1351586,11,0,0,6,0,"F",1,162500,377
1351796,11,0,0,7,0,"F",1,7500,378
1352046,11,0,0,6,0,"F",1,87500,379
1352301,11,0,0,3,0,"F",1,42500,380
1352756,11,0,0,6,2,"F",1,62500,381
1352986,11,0,1,8,2,"F",1,42500,382
1353809,11,1,0,8,4,"F",1,112500,383
1353961,11,1,0,5,1,"F",0,20000,384
1354452,11,0,0,5,0,"F",1,62500,385
1354598,11,1,0,4,1,"F",0,42500,386
1354602,11,0,0,7,0,"M",1,62500,387
1354673,11,0,0,5,0,"F",0,7500,388
1355604,11,0,0,3,0,"M",1,7500,389
1356206,11,0,1,6,1,"F",1,62500,390
1358021,11,0,0,5,1,"F",1,112500,391
1358933,11,0,0,5,1,"F",0,112500,392
1361465,11,0,0,4,0,"F",0,137500,393
1362107,11,0,0,3,1,"M",1,162500,394
1363023,11,0,0,3,0,"F",1,30000,395
1363370,11,0,0,3,0,"M",1,62500,396
1364059,11,0,0,7,2,"M",1,112500,397
1366217,11,0,0,3,2,"M",0,112500,398
1366244,11,0,0,9,0,"F",0,112500,399
1367411,11,0,0,6,1,"F",1,20000,400
1367420,11,0,1,15,2,"F",1,162500,401
1368140,11,0,0,6,0,"F",1,62500,402
1368385,11,0,0,5,0,"M",1,162500,403
1369918,11,0,0,4,2,"F",1,87500,404
1372221,11,0,1,4,0,"F",1,7500,405
1372333,11,0,1,5,0,"F",1,62500,406
1374105,11,0,0,5,1,"F",0,7500,407
1374132,11,0,0,4,2,"M",1,62500,408
1374680,11,0,0,4,1,"F",1,62500,409
1375113,11,0,0,6,0,"F",1,87500,410
1376245,11,0,0,1,0,"F",0,62500,411
1377492,11,0,1,9,2,"F",1,137500,412
1377719,11,0,0,3,1,"F",1,137500,413
1378071,11,0,0,6,1,"F",0,62500,414
1378409,11,0,1,7,3,"F",1,62500,415
1380721,11,0,0,5,0,"F",1,42500,416
1381136,11,0,0,4,0,"F",1,62500,417
1381384,11,0,0,4,2,"F",1,162500,418
1381552,11,0,0,7,2,"M",1,87500,419
1381639,11,0,0,5,0,"F",1,225000,420
1381711,11,0,0,6,0,"F",1,87500,421
1382137,11,0,0,4,1,"F",1,112500,422
1382624,11,0,0,6,2,"F",1,62500,423
1382975,11,0,1,8,0,"F",1,112500,424
1384230,11,0,2,9,0,"F",1,137500,425
1384341,11,0,0,4,1,"F",0,137500,426
1385468,11,0,0,2,0,"F",1,250000,427
1385831,11,0,0,5,0,"F",1,42500,428
1386066,11,0,0,2,0,"F",1,112500,429
1386120,11,1,0,4,3,"F",1,42500,430
1387428,11,0,0,6,1,"F",0,62500,431
1387588,11,0,0,4,0,"F",1,42500,432
1388210,11,0,1,7,1,"M",1,62500,433
1388355,11,0,1,3,0,"F",1,62500,434
1388513,11,0,0,6,0,"F",1,162500,435
1388833,11,0,0,7,0,"F",0,42500,436
1389030,11,0,0,5,1,"F",1,62500,437
1389384,11,0,1,6,3,"F",0,42500,438
1389406,11,0,0,7,0,"F",1,87500,439
1389477,11,0,0,7,0,"F",1,62500,440
1390351,11,0,1,7,2,"M",1,162500,441
1392387,11,0,0,5,2,"F",0,87500,442
1393255,11,0,0,7,0,"F",1,87500,443
1393466,11,1,0,4,3,"M",1,87500,444
1393929,11,0,0,9,0,"F",1,225000,445
1394027,11,0,0,3,0,"F",1,162500,446
1395064,11,0,1,9,1,"F",1,162500,447
1395309,11,0,1,7,0,"F",0,42500,448
1395394,11,0,0,8,0,"F",0,7500,449
1396474,11,0,0,1,0,"F",1,62500,450
1396597,11,0,0,3,0,"F",1,87500,451
1396618,11,0,0,3,0,"F",1,87500,452
1396830,11,0,0,6,0,"F",1,87500,453
1397814,11,0,1,5,0,"M",1,137500,454
1398493,11,0,0,4,2,"F",1,87500,455
1398606,11,1,0,3,1,"M",1,20000,456
1399233,11,0,1,6,0,"F",0,42500,457
1399269,11,0,0,6,0,"F",1,62500,458
1399329,11,0,1,8,3,"F",1,112500,459
1401246,11,0,0,2,0,"F",1,42500,460
1401458,11,0,1,4,0,"F",1,62500,461
1403021,11,0,0,3,3,"F",1,112500,462
1403631,11,0,1,6,0,"F",1,62500,463
1403972,11,0,1,8,8,"F",1,162500,464
1404355,11,0,1,6,1,"F",1,87500,465
1404418,11,0,1,5,0,"F",1,42500,466
1404842,11,0,0,5,1,"M",1,112500,467
1405544,11,0,0,7,2,"F",0,20000,468
1406907,11,0,0,6,0,"F",1,87500,469
1408575,11,1,0,4,3,"M",0,30000,470
1410385,11,0,0,6,3,"F",1,162500,471
1411418,11,0,1,5,0,"M",1,87500,472
1412397,11,0,0,4,3,"M",1,42500,473
1412511,11,0,0,3,1,"F",1,42500,474
1412646,11,2,0,11,3,"F",1,162500,475
1413182,11,1,1,8,1,"F",1,112500,476
1413837,11,0,1,4,0,"F",1,225000,477
1413925,11,0,1,6,2,"F",0,62500,478
1414361,11,0,0,2,1,"F",1,112500,479
1414857,11,0,0,6,0,"M",1,162500,480
1414873,11,0,0,4,0,"F",1,112500,481
1415098,11,0,0,7,3,"F",0,87500,482
1415320,11,0,1,8,1,"F",1,162500,483
1416429,11,0,1,8,0,"F",1,87500,484
1416731,11,0,1,4,0,"F",1,162500,485
1416940,11,0,0,5,1,"F",0,137500,486
1417159,11,0,0,4,0,"M",0,20000,487
1417523,11,0,0,3,0,"F",1,187500,488
1418358,11,0,0,3,5,"F",0,112500,489
1418818,11,0,1,8,0,"F",1,87500,490
1419071,11,0,0,5,0,"M",1,87500,491
1419406,11,0,0,6,1,"F",1,62500,492
1419467,11,0,0,5,1,"F",1,162500,493
1419627,11,0,1,6,0,"M",1,87500,494
1419833,11,0,0,6,2,"F",1,225000,495
1420095,11,0,1,4,0,"M",1,187500,496
1420139,11,0,0,6,1,"F",1,112500,497
1420150,11,0,0,5,1,"F",0,7500,498
1420458,11,0,0,7,1,"M",1,20000,499
1420461,11,0,0,5,1,"F",1,62500,500
1420462,11,0,1,7,2,"F",1,162500,501
1420478,11,0,1,5,0,"F",1,42500,502
1420505,11,0,0,3,2,"F",0,7500,503
1420957,11,0,0,2,2,"F",1,225000,504
1420990,11,0,1,7,3,"F",0,87500,505
1421112,11,0,0,3,1,"F",0,87500,506
1421265,11,0,0,7,2,"F",0,137500,507
1421359,11,0,0,3,0,"F",0,7500,508
1422155,11,0,1,8,1,"F",1,187500,509
1422249,11,0,0,3,0,"M",0,62500,510
1424297,11,1,0,2,1,"M",1,20000,511
1424626,11,0,1,10,1,"F",0,112500,512
1425960,11,0,0,5,0,"F",0,20000,513
1426165,11,0,1,7,1,"F",0,112500,514
1426230,11,0,0,3,1,"F",0,7500,515
1426266,11,0,1,7,0,"F",1,112500,516
1426799,11,0,0,4,4,"F",1,87500,517
1427258,11,0,0,3,1,"F",0,62500,518
1427579,11,0,0,2,0,"F",1,87500,519
1427915,11,0,0,3,0,"F",0,62500,520
1428277,11,0,1,6,3,"M",1,112500,521
1429936,11,0,2,9,1,"F",1,187500,522
1430214,11,0,0,5,2,"M",0,112500,523
1430754,11,0,0,5,0,"M",1,187500,524
1431104,11,0,0,4.36190462112427,1,"F",0,250000,525
1431118,11,0,1,3,0,"F",1,62500,526
1431340,11,0,0,6,0,"F",0,87500,527
1431513,11,0,0,7,0,"F",1,62500,528
1431697,11,1,1,3,1,"F",1,87500,529
1431949,11,0,0,5,1,"F",1,42500,530
1432387,11,0,1,6,0,"F",0,162500,531
1432724,11,0,0,7,0,"F",1,20000,532
1432840,11,0,0,5,0,"F",1,20000,533
1432998,11,0,0,4,2,"F",1,62500,534
1433194,11,0,0,6,1,"F",1,42500,535
1433587,11,0,0,7,2,"M",1,87500,536
1434275,11,0,0,8,1,"F",1,20000,537
1434712,11,0,0,1,1,"F",1,42500,538
1435022,11,0,0,3,0,"F",1,187500,539
1435557,11,0,0,3,1,"M",1,62500,540
1435794,11,0,0,3,1,"F",0,87500,541
1435996,11,0,1,6,1,"F",1,112500,542
1436928,11,0,0,2,0,"F",1,112500,543
1437747,11,0,0,6,0,"F",1,137500,544
1437857,11,0,1,8,2,"M",1,62500,545
1437869,11,0,0,6,1,"F",1,187500,546
1437899,11,0,0,7,4,"F",1,137500,547
1438760,11,1,1,8,7,"F",1,137500,548
1438884,11,0,0,7,0,"M",1,87500,549
1439629,11,0,0,7,3,"F",1,7500,550
1439689,11,0,0,3,0,"F",1,112500,551
1439713,11,0,0,3,1,"F",1,62500,552
1440356,11,0,0,3,0,"M",1,250000,553
1441053,11,0,0,4,3,"M",1,30000,554
1441466,11,0,1,6,2,"F",1,250000,555
1442287,11,0,0,5,2,"F",0,187500,556
1442704,11,0,0,7,0,"F",1,87500,557
1443687,11,1,0,5,1,"F",0,87500,558
1443964,11,0,0,6,0,"F",1,250000,559
1444485,11,1,0,3,1,"F",1,112500,560
1445100,11,0,1,6,1,"F",1,87500,561
1446288,11,0,0,6,1,"F",0,62500,562
1447092,11,0,0,3,0,"M",1,42500,563
1447298,11,0,0,7,1,"F",1,62500,564
1448763,11,0,0,4,0,"F",0,62500,565
1448901,11,0,0,2,0,"F",0,62500,566
1449431,11,0,0,3,1,"F",1,137500,567
1450170,11,1,1,9,5,"F",0,62500,568
1450180,11,0,0,4,1,"M",1,62500,569
1450746,11,1,0,5,3,"F",1,7500,570
1450805,11,1,1,4,2,"M",1,225000,571
1450890,11,0,0,6,0,"F",1,225000,572
1451275,11,0,0,5,0,"M",1,62500,573
1451865,11,0,0,4,1,"F",1,225000,574
1452879,11,1,0,7,3,"F",1,137500,575
1454110,11,0,0,6,1,"F",1,62500,576
1454343,11,0,0,6,0,"M",0,30000,577
1454425,11,0,0,5,2,"F",1,112500,578
1454661,11,0,1,9,0,"F",1,87500,579
1455466,11,0,0,6,0,"F",1,87500,580
1455615,11,0,0,4,1,"F",1,7500,581
1455721,11,0,0,1,0,"M",1,87500,582
1455906,11,0,2,8,2,"F",1,250000,583
1456029,11,2,1,8,2,"F",1,42500,584
1456155,11,0,1,6,0,"F",1,250000,585
1456186,11,0,0,4,1,"F",1,20000,586
1456531,11,0,0,4,0,"F",1,187500,587
1456609,11,0,0,2,1,"F",1,62500,588
1456628,11,1,0,6,2,"F",1,250000,589
1456919,11,0,0,4,1,"F",1,30000,590
1457625,11,0,0,5,1,"F",1,112500,591
1457777,11,0,0,4,2,"F",1,62500,592
1457830,11,0,0,3,0,"F",1,112500,593
1457984,11,0,0,8,0,"F",1,112500,594
1458214,11,0,0,5,1,"F",1,225000,595
1460277,11,0,0,3,0,"F",1,62500,596
1460380,11,0,0,5,1,"F",0,42500,597
1460953,11,0,0,5,0,"F",0,250000,598
1461151,11,0,0,4,0,"F",1,87500,599
1461397,11,0,0,6,2,"F",1,137500,600
1462847,11,1,0,7,1,"F",1,162500,601
1462878,11,0,1,8,2,"F",1,7500,602
1463072,11,0,1,6,1,"F",1,87500,603
1464188,11,0,0,2,0,"F",1,137500,604
1464264,11,0,1,7,2,"M",1,112500,605
1464335,11,0,0,7,3,"F",1,187500,606
1464618,11,0,0,5,1,"F",1,112500,607
1465220,11,0,0,8,5,"F",1,137500,608
1466204,11,0,1,7,2,"F",1,87500,609
1466494,11,0,0,5,0,"M",1,20000,610
1466816,11,0,1,8,4,"F",1,137500,611
1466833,11,0,1,8,3,"F",1,87500,612
1466886,11,0,1,7,0,"F",1,137500,613
1466955,11,0,0,5,2,"F",1,250000,614
1467019,11,0,0,4,0,"F",0,137500,615
1467058,11,0,0,5,1,"F",0,20000,616
1467155,11,0,1,6,1,"M",0,62500,617
1467520,11,0,0,3,0,"F",1,250000,618
1467621,11,0,0,4,1,"F",1,62500,619
1468654,11,0,0,2,0,"F",1,87500,620
1468709,11,0,0,3,0,"F",1,30000,621
1468714,11,0,1,9,1,"F",0,112500,622
1468733,11,0,1,6,0,"F",1,62500,623
1468745,11,0,0,5,2,"M",1,62500,624
1469175,11,0,1,13,1,"F",0,87500,625
1469204,11,1,0,5,3,"F",1,112500,626
1469239,11,0,1,7,0,"F",1,112500,627
1469248,11,0,0,4,0,"F",1,112500,628
1469990,11,0,1,7,1,"M",1,187500,629
1470110,11,0,0,5,1,"F",0,62500,630
1470965,11,0,0,6,1,"F",0,62500,631
1471445,11,0,0,4,0,"F",1,162500,632
1471473,11,0,0,4,0,"M",1,62500,633
1471528,11,0,0,5,1,"F",1,112500,634
1471566,11,0,0,2,1,"F",1,30000,635
1471723,11,0,1,7,0,"F",1,187500,636
1471767,11,0,0,4,1,"M",1,87500,637
1471934,11,0,1,5,0,"F",0,112500,638
1472977,11,0,0,7,3,"F",1,87500,639
1474598,11,0,1,8,8,"M",1,87500,640
1475170,11,0,0,6,1,"M",0,87500,641
1477477,11,0,0,1.65277779102325,0,"M",0,112500,642
1478058,11,0,0,5,1,"F",1,87500,643
1478617,11,0,0,5,1,"F",1,225000,644
1479489,11,0,0,6,0,"F",1,62500,645
1480578,11,0,0,2,2,"F",0,62500,646
1481279,11,0,0,4,2,"F",0,162500,647
1481476,11,0,0,3,1,"F",1,7500,648
1482005,11,0,0,3,0,"M",1,62500,649
1482267,11,0,0,3,2,"F",1,225000,650
1482614,11,0,0,4,1,"F",0,87500,651
1482816,11,0,0,3,1,"F",1,62500,652
1483049,11,0,0,6,2,"F",0,20000,653
1484259,11,0,0,4,2,"F",0,7500,654
1484519,11,0,0,7,3,"F",1,42500,655
1484930,11,0,0,3,0,"F",1,162500,656
1486404,11,0,0,3,1,"F",0,42500,657
1487790,11,0,1,8,1,"M",1,187500,658
1488086,11,0,0,2,0,"F",1,112500,659
1489319,11,0,0,2,0,"F",0,42500,660
1490014,11,0,0,4,0,"M",1,62500,661
1491416,11,0,0,7,0,"F",0,112500,662
1491563,11,0,0,3,0,"M",1,162500,663
1492025,11,0,1,5,4,"F",1,62500,664
1492036,11,0,0,4,1,"F",1,87500,665
1493569,11,0,0,3,1,"F",1,112500,666
1498287,11,0,1,7,1,"F",1,162500,667
1498483,11,0,1,5,1,"F",1,62500,668
1498656,11,0,0,2,1,"M",1,137500,669
1501397,11,0,1,7,3,"M",1,112500,670
1501443,11,0,0,4,0,"F",0,7500,671
1501825,11,1,1,7,2,"F",1,225000,672
1501848,11,0,0,3,0,"F",1,112500,673
1501917,11,0,0,5,2,"F",1,137500,674
1502135,11,0,1,4,0,"F",1,87500,675
1502146,11,0,0,6,1,"F",1,62500,676
1502599,11,0,1,8,0,"F",1,187500,677
1504289,11,0,0,6,1,"F",1,137500,678
1507421,11,0,0,2,0,"F",0,20000,679
1509331,11,0,0,5,2,"M",1,62500,680
1509782,11,0,0,2,1,"F",1,62500,681
1509874,11,0,0,3,0,"F",1,42500,682
1511973,11,0,0,4,0,"M",0,7500,683
1512249,11,0,0,3,1,"F",1,187500,684
1512656,11,0,0,6,2,"F",1,187500,685
1513530,11,0,1,7,1,"F",1,62500,686
1513806,11,0,0,3,0,"F",1,62500,687
1514087,11,0,0,4,2,"F",0,112500,688
1514098,11,0,0,6,2,"F",1,187500,689
1514327,11,0,0,5,1,"F",0,87500,690
1514351,11,0,1,6,1,"M",1,187500,691
1514819,11,1,1,6,2,"F",1,30000,692
1516894,11,0,1,5,2,"M",1,250000,693
1518132,11,0,1,7,0,"F",0,62500,694
1518564,11,0,1,3,0,"F",1,112500,695
1519598,11,0,0,7,1,"F",1,187500,696
1520012,11,0,0,3,1,"F",1,187500,697
1520720,11,0,0,6,0,"F",1,62500,698
1522154,11,0,0,6,1,"F",1,137500,699
1522471,11,0,0,6,2,"M",1,162500,700
1523997,11,0,1,5,0,"F",1,225000,701
1524038,11,0,0,6,0,"F",1,250000,702
1524967,11,0,0,1.25,0,"F",1,250000,703
1525049,11,0,1,8,1,"F",1,187500,704
1525556,11,0,0,7,2,"M",1,162500,705
1526044,11,0,0,4,0,"M",1,87500,706
1526280,11,0,0,4,3,"M",1,20000,707
1526638,11,0,0,3,1,"F",1,225000,708
1527800,11,0,1,4,0,"F",1,137500,709
1527932,11,0,1,7,1,"F",1,187500,710
1527966,11,0,0,4.23364496231079,0,"F",1,250000,711
1528038,11,0,0,5,0,"M",1,225000,712
1528103,11,0,1,8,2,"F",1,225000,713
1528515,11,0,0,4,2,"F",0,225000,714
1529646,11,0,1,8,1,"F",1,225000,715
1530199,11,0,0,3,0,"M",1,62500,716
1530200,11,0,1,8,0,"F",1,137500,717
1530561,11,0,0,6,1,"F",1,42500,718
1530887,11,0,0,5,1,"F",1,87500,719
1531800,11,0,0,6,0,"F",0,62500,720
1531915,11,0,0,2,0,"F",1,250000,721
1531924,11,0,0,7,1,"F",0,225000,722
1531984,11,0,0,7,1,"F",0,42500,723
1532052,11,0,0,4,0,"M",1,87500,724
1532113,11,0,0,8,1,"F",1,87500,725
1532334,11,0,0,6,2,"F",1,225000,726
1532420,11,0,0,2,1,"F",1,30000,727
1532431,11,0,0,6,0,"F",0,20000,728
1532738,11,0,1,9,0,"F",1,225000,729
1532841,11,0,0,5,0,"F",1,42500,730
1533843,11,0,0,6,1,"F",1,42500,731
1533874,11,0,0,6,1,"F",1,137500,732
1533971,11,0,1,5,1,"F",1,137500,733
1534792,11,0,0,4,1,"F",1,187500,734
1535057,11,0,0,6,0,"F",1,137500,735
1535333,11,1,1,8,3,"M",1,87500,736
1535547,11,0,0,5,0,"F",1,187500,737
1535701,11,0,0,6,0,"M",1,62500,738
1535732,11,0,1,8,2,"F",1,187500,739
1535755,11,1,0,5,1,"F",1,112500,740
1536000,11,0,0,5,1,"F",1,187500,741
1536405,11,0,0,6,0,"F",1,62500,742
1536527,11,0,0,4,0,"F",1,225000,743
1536579,11,0,1,4,2,"F",1,187500,744
1537347,11,0,0,5,0,"F",1,225000,745
1537995,11,0,0,2,0,"F",0,62500,746
1538175,11,0,1,9,0,"F",1,250000,747
1538662,11,0,0,6,3,"F",1,112500,748
1538919,11,0,0,4,0,"F",1,250000,749
1539494,11,0,1,8,2,"F",1,250000,750
1539570,11,0,2,7,1,"F",1,87500,751
1540059,11,0,0,5,1,"M",1,87500,752
1540194,11,0,0,1,0,"F",1,187500,753
1540364,11,0,0,6,1,"F",1,7500,754
1540829,11,0,0,4,1,"F",1,187500,755
1540910,11,0,0,7,7,"F",1,137500,756
1540936,11,0,1,7,0,"F",1,62500,757
1541156,11,0,0,6,1,"F",1,7500,758
1541593,11,0,0,6,0,"F",1,250000,759
1541662,11,0,0,5,2,"F",1,112500,760
1541734,11,0,1,9,1,"F",1,137500,761
1541834,11,0,0,3,1,"F",1,250000,762
1541894,11,0,0,6,0,"F",0,42500,763
1542247,11,0,0,3,0,"F",1,225000,764
1542523,11,0,1,8,0,"F",1,187500,765
1542740,11,0,1,10,0,"F",0,30000,766
1543012,11,0,1,7,0,"M",1,112500,767
1543181,11,0,1,9,0,"M",1,250000,768
1543552,11,0,0,6,1,"F",0,112500,769
1543563,11,0,0,5,1,"F",1,250000,770
1543633,11,0,0,5,2,"F",1,112500,771
1544590,11,0,0,6,0,"F",0,187500,772
1544693,11,0,0,6,0,"F",1,250000,773
1545273,11,0,1,7,0,"F",0,137500,774
1545322,11,0,0,6,2,"M",1,250000,775
1546709,11,0,0,4,2,"F",1,250000,776
1546922,11,0,1,7,1,"M",1,137500,777
1546932,11,0,0,3,0,"F",0,112500,778
1546959,11,0,1,8,1,"F",1,187500,779
1546989,11,0,0,6,1,"M",1,225000,780
1547464,11,0,1,5,0,"F",1,87500,781
1547476,11,0,1,6,1,"F",0,225000,782
1547622,11,0,0,5,1,"F",1,187500,783
1547752,11,0,0,2,1,"F",1,112500,784
1547850,11,2,0,3,4,"F",1,20000,785
1548040,11,0,0,4,1,"F",0,112500,786
1548129,11,0,0,2,0,"F",1,112500,787
1548209,11,0,0,3,0,"F",1,20000,788
1548503,11,0,0,6,2,"F",1,62500,789
1548540,11,0,0,7,3,"F",1,87500,790
1548673,11,0,1,6,0,"F",1,112500,791
1549599,11,0,1,7,2,"M",1,187500,792
1550040,11,0,1,6,0,"M",1,20000,793
1550161,11,0,1,7,3,"F",1,62500,794
1550456,11,0,0,5,3,"F",1,225000,795
1550894,11,0,0,3,2,"F",1,87500,796
1551030,11,0,0,4,0,"F",1,225000,797
1551330,11,0,0,3,0,"M",1,87500,798
1551510,11,1,0,4,2,"F",1,162500,799
1551891,11,0,0,7,0,"F",1,187500,800
1552409,11,0,0,5,3,"M",1,137500,801
1552458,11,0,0,5,2,"F",1,62500,802
1552507,11,1,0,4,2,"F",1,137500,803
1552803,11,0,1,6,2,"F",1,225000,804
1552831,11,0,0,4,1,"M",1,112500,805
1553098,11,0,1,6,0,"F",1,87500,806
1553185,11,0,0,4,0,"F",1,187500,807
1553615,11,0,0,5,2,"F",1,187500,808
1553840,11,0,0,7,1,"M",1,20000,809
1553857,11,0,0,2,0,"M",1,87500,810
1553951,11,0,0,5,0,"F",1,225000,811
1554033,11,0,0,6,0,"F",1,62500,812
1554034,11,0,0,4,0,"F",1,162500,813
1554062,11,0,0,2,0,"F",1,87500,814
1554533,11,0,0,5,1,"F",1,62500,815
1554853,11,0,0,3,1,"M",1,42500,816
1554983,11,0,0,3,0,"M",1,87500,817
1555310,11,0,0,7,1,"F",1,187500,818
1555529,11,0,1,7,5,"M",1,225000,819
1555776,11,0,0,6,1,"F",1,20000,820
1555876,11,0,0,7,0,"F",0,112500,821
1556592,11,0,0,5,0,"F",1,62500,822
1556634,11,0,0,2,0,"M",0,87500,823
1556652,11,0,0,5,0,"F",1,42500,824
1557407,11,0,0,2,0,"F",1,162500,825
1557751,11,0,0,5,2,"F",1,162500,826
1558181,11,0,1,6,0,"F",0,62500,827
1558593,11,0,1,8,0,"F",1,137500,828
1559861,11,0,0,3,1,"F",0,20000,829
1560624,11,0,0,4,2,"F",1,62500,830
1561366,11,0,0,5,4,"F",1,62500,831
1561573,11,0,1,5,0,"F",1,137500,832
1563321,11,0,1,5,0,"F",1,187500,833
1563505,11,1,0,4,1,"M",0,62500,834
1563807,11,0,0,8,2,"F",0,112500,835
1564353,11,0,0,4,2,"F",1,137500,836
1564381,11,0,0,4,2,"F",1,42500,837
1564432,11,0,0,7,2,"F",1,20000,838
1564440,11,0,0,6,3,"F",1,62500,839
1564588,11,0,0,2,0,"F",1,162500,840
1565437,11,0,1,9,1,"F",1,87500,841
1565459,11,0,0,6,1,"F",1,162500,842
1565552,11,0,0,3,1,"F",1,187500,843
1565565,11,0,0,4,1,"M",0,112500,844
1565621,11,0,0,4,2,"F",1,42500,845
1566766,11,0,0,4,0,"F",1,62500,846
1566910,11,0,0,2,0,"M",0,42500,847
1567216,11,1,1,6,3,"F",1,112500,848
1567225,11,0,1,6,0,"F",1,42500,849
1567585,11,0,0,6,0,"M",0,87500,850
1568736,11,0,0,3,0,"F",1,137500,851
1569143,11,0,0,6,3,"F",1,87500,852
1569250,11,0,0,4,1,"M",0,7500,853
1570352,11,0,0,5,0,"F",1,62500,854
1570791,11,0,0,2,2,"F",1,112500,855
1571168,11,0,0,5,2,"F",1,42500,856
1571704,11,1,0,6,1,"F",1,42500,857
1572013,11,0,0,5,0,"F",1,87500,858
1572475,11,0,0,6,2,"F",1,87500,859
1572791,11,0,0,6,0,"F",0,137500,860
1572826,11,0,0,5,1,"F",1,87500,861
1572876,11,0,0,3,0,"M",0,20000,862
1573368,11,0,1,6,0,"M",0,62500,863
1573406,11,0,0,4,0,"F",1,87500,864
1573782,11,0,0,7,0,"F",1,112500,865
1573961,11,0,0,7,0,"M",1,62500,866
1574217,11,0,0,5,1,"M",1,187500,867
1574944,11,0,1,8,1,"F",1,87500,868
1575622,11,0,0,5,0,"F",1,137500,869
1575638,11,0,0,6,1,"F",1,87500,870
1575664,11,0,0,4,0,"F",0,20000,871
1576304,11,0,0,8,3,"M",1,250000,872
1576669,11,0,0,5,2,"F",1,112500,873
1576876,11,0,0,2,1,"F",1,137500,874
1576998,11,0,0,3,2,"F",1,250000,875
1577505,11,0,0,5,0,"M",0,20000,876
1577931,11,0,1,7,1,"F",0,112500,877
1580292,11,0,0,6,0,"F",1,250000,878
1580324,11,0,1,6,1,"M",1,87500,879
1580380,11,0,0,6,2,"F",1,187500,880
1580422,11,0,0,1.49230766296387,1,"M",1,225000,881
1580699,11,0,0,3,0,"M",1,30000,882
1581113,11,0,0,6,0,"F",0,112500,883
1581720,11,0,1,4,1,"F",1,250000,884
1582050,11,0,0,2,1,"F",1,137500,885
1582294,11,0,0,3,1,"F",1,250000,886
1582445,11,0,1,4,0,"F",1,137500,887
1582970,11,0,0,2,0,"F",1,187500,888
1583212,11,0,0,2,2,"F",1,250000,889
1583903,11,0,0,6,0,"F",1,250000,890
1583918,11,0,0,5,0,"F",0,162500,891
1584353,11,0,0,4,1,"F",0,87500,892
1584557,11,0,1,7,1,"F",1,62500,893
1584736,11,0,0,5,1,"F",0,87500,894
1584822,11,0,0,5,0,"F",1,62500,895
1585152,11,0,0,8,1,"F",1,30000,896
1586387,11,1,1,7,1,"F",1,187500,897
1586988,11,0,0,4,0,"F",1,87500,898
1587401,11,0,0,6,3,"F",1,87500,899
1587615,11,0,0,5,2,"F",1,30000,900
1587812,11,0,0,3,0,"F",1,225000,901
1588035,11,0,0,2,0,"F",1,112500,902
1588596,11,0,1,6,0,"M",1,137500,903
1588827,11,0,0,2,0,"M",1,137500,904
1588865,11,0,1,4,0,"M",1,112500,905
1589682,11,0,0,7,1,"F",1,250000,906
1589774,11,0,0,4,0,"M",1,62500,907
1590492,11,0,0,6,1,"M",1,250000,908
1590674,11,0,0,7,3,"F",1,20000,909
1590711,11,1,1,7,1,"F",1,187500,910
1590921,11,0,1,9,3,"F",1,250000,911
1590969,11,0,0,4,0,"F",0,42500,912
1591056,11,0,0,2,0,"F",1,225000,913
1591165,11,0,0,4,1,"F",1,250000,914
1591251,11,0,0,6,0,"F",0,87500,915
1591366,11,0,0,6,1,"M",1,250000,916
1591670,11,0,0,7,1,"M",1,137500,917
1591722,11,0,0,2,1,"F",0,62500,918
1591917,11,0,0,4,1,"F",1,187500,919
1591990,11,0,0,2,1,"M",0,42500,920
1592216,11,0,0,5,0,"F",1,62500,921
1592278,11,2,0,6,2,"F",1,187500,922
1592293,11,2,0,6,4,"F",1,112500,923
1592707,11,0,1,9,2,"F",1,250000,924
1592744,11,0,0,7,2,"F",0,112500,925
1592908,11,0,0,6,0,"F",1,87500,926
1593038,11,0,0,6,3,"F",1,112500,927
1593301,11,0,1,7,0,"M",1,62500,928
1593487,11,0,1,7,2,"M",1,87500,929
1593651,11,0,0,3,0,"F",1,42500,930
1593813,11,0,0,5,1,"F",0,20000,931
1594152,11,0,0,6,2,"F",1,87500,932
1594307,11,0,0,6,2,"F",0,87500,933
1594407,11,0,0,6,4,"F",1,187500,934
1594775,11,0,0,8,4,"F",1,42500,935
1596452,11,0,0,5,4,"F",1,112500,936
1596829,11,0,0,5,0,"M",1,112500,937
1597491,11,0,0,4,1,"F",1,42500,938
1598463,11,0,0,7,1,"F",1,62500,939
1598633,11,0,1,7,3,"F",1,112500,940
1598919,11,0,0,4,0,"F",0,62500,941
1599722,11,0,0,4,1,"M",1,42500,942
1599748,11,1,0,6,2,"F",0,7500,943
1601262,11,0,0,6,1,"F",1,62500,944
1601710,11,0,0,5,1,"F",1,87500,945
1601726,11,0,0,5,1,"F",1,87500,946
1602013,11,0,0,5,1,"F",0,42500,947
1602093,11,0,1,4,0,"M",1,42500,948
1602541,11,0,2,11,0,"M",1,112500,949
1603217,11,0,0,8,0,"F",1,62500,950
1603225,11,1,1,7,5,"F",0,225000,951
1603429,11,0,0,6,4,"F",1,62500,952
1604015,11,0,1,6,0,"F",1,62500,953
1604126,11,0,0,5,0,"F",1,112500,954
1604128,11,0,2,8,1,"F",0,187500,955
1604268,11,0,0,2.06578946113586,0,"F",1,62500,956
1604528,11,0,0,4,1,"F",1,112500,957
1605044,11,0,1,7,0,"F",1,225000,958
1605048,11,0,0,2,1,"F",1,187500,959
1605961,11,0,0,4,0,"F",0,112500,960
1608086,11,0,0,3,1,"F",0,112500,961
1608536,11,1,1,6,4,"M",1,87500,962
1608611,11,0,0,6,1,"F",1,62500,963
1608612,11,0,0,8,1,"F",0,20000,964
1608644,11,0,1,8,2,"F",0,250000,965
1609138,11,0,0,2,0,"F",1,112500,966
1609335,11,0,0,5,1,"F",1,87500,967
1609688,11,0,0,4,0,"F",0,42500,968
1609694,11,0,1,4,4,"M",1,42500,969
1609742,11,0,0,7,0,"F",1,20000,970
1610234,11,0,0,6,1,"F",1,42500,971
1610404,11,0,0,7,1,"M",0,62500,972
1611512,11,0,0,3,0,"F",1,30000,973
1611563,11,0,0,2,0,"F",1,250000,974
1612208,11,0,1,6,1,"M",1,187500,975
1612444,11,0,0,6,4,"F",1,250000,976
1612702,11,0,1,8,1,"F",1,137500,977
1612863,11,0,0,4,0,"F",0,42500,978
1612987,11,2,1,7,5,"F",0,187500,979
1613295,11,0,0,10,0,"F",1,7500,980
1613630,11,0,0,5,1,"F",1,137500,981
1613669,11,0,1,5,0,"F",1,225000,982
1613754,11,0,0,2,1,"F",1,250000,983
1613787,11,0,0,6,3,"M",1,187500,984
1614408,11,0,0,5,0,"F",1,225000,985
1614896,11,0,0,3,1,"F",0,112500,986
1614950,11,0,0,4,0,"F",1,62500,987
1614982,11,0,1,7,0,"M",0,62500,988
1615046,11,0,0,6,2,"F",0,42500,989
1615126,11,0,1,4,0,"M",1,112500,990
1616126,11,0,0,2,1,"F",1,112500,991
1616413,11,1,0,3,1,"F",1,42500,992
1617245,11,0,0,6,3,"F",0,30000,993
1617490,11,0,0,5,1,"F",1,187500,994
1617675,11,1,0,7,4,"F",0,87500,995
1617709,11,0,0,1,1,"F",1,62500,996
1618855,11,0,1,3,0,"F",0,62500,997
1619223,11,0,0,5,2,"F",1,20000,998
1620927,11,0,1,9,0,"M",0,112500,999
1620942,11,1,0,6,3,"F",1,20000,1000
117514,12,0,0,3,0,"F",0,42500,1
287398,12,0,0,1,1,"F",0,42500,2
469734,12,0,0,2,1,"F",1,250000,3
1054974,12,1,0,2,1,"F",1,137500,4
1060246,12,0,0,2,0,"F",1,62500,5
1061355,12,0,0,2,0,"F",1,87500,6
1061649,12,0,0,1,2,"M",1,225000,7
1062171,12,1,0,3,2,"F",1,250000,8
1063617,12,0,0,2,2,"F",1,250000,9
1068288,12,0,0,2,1,"F",0,30000,10
1071414,12,0,0,2,0,"F",1,62500,11
1077480,12,0,0,1,2,"F",0,62500,12
1081075,12,0,0,2,0,"F",1,250000,13
1081928,12,0,0,2,0,"F",1,62500,14
1082351,12,0,0,2,0,"F",0,30000,15
1087152,12,0,0,3,1,"F",1,187500,16
1089142,12,0,0,1,0,"F",1,87500,17
1091840,12,0,0,2,0,"F",1,30000,18
1094021,12,0,0,1,0,"F",1,87500,19
1094281,12,0,0,1,1,"F",1,62500,20
1100417,12,0,0,1,0,"F",1,62500,21
1100757,12,0,0,1,0,"F",0,112500,22
1102828,12,0,0,3,2,"F",0,62500,23
1103923,12,0,0,1,0,"F",1,225000,24
1107037,12,0,0,2,0,"F",1,112500,25
1108749,12,2,0,2,3,"F",0,87500,26
1108764,12,0,0,1,2,"F",0,62500,27
1111628,12,0,0,2,0,"F",1,137500,28
1111718,12,0,0,2,0,"F",1,112500,29
1114150,12,0,0,1,2,"F",0,30000,30
1117270,12,0,0,1,0,"M",1,20000,31
1120531,12,1,0,2,2,"F",1,62500,32
1122158,12,0,0,3,2,"F",0,62500,33
1128451,12,0,0,1,0,"F",1,42500,34
1136393,12,0,0,1,0,"F",0,112500,35
1136784,12,0,0,2,3,"M",0,225000,36
1139371,12,0,0,2,0,"F",0,42500,37
1139886,12,1,0,2,3,"F",1,112500,38
1144195,12,0,0,2,1,"M",1,250000,39
1144979,12,0,0,3,0,"F",1,112500,40
1145339,12,0,0,3,4,"F",1,62500,41
1145483,12,0,0,1,0,"F",0,7500,42
1146117,12,0,0,2,0,"M",0,87500,43
1147315,12,0,0,2,0,"F",1,187500,44
1148446,12,0,0,1,1,"F",0,20000,45
1149897,12,0,0,2,0,"M",0,30000,46
1149964,12,0,0,2,2,"F",1,42500,47
1150751,12,0,0,1,0,"M",0,7500,48
1150797,12,1,0,3,2,"F",1,162500,49
1151559,12,0,0,2,2,"F",1,112500,50
1151769,12,0,0,2,1,"F",0,112500,51
1152166,12,0,0,1,0,"M",1,137500,52
1152366,12,0,0,1,0,"F",1,87500,53
1153528,12,0,0,2,3,"M",1,62500,54
1153766,12,0,0,3,0,"F",1,162500,55
1155123,12,0,0,1,0,"F",1,112500,56
1156205,12,1,0,2,4,"F",0,112500,57
1156827,12,0,0,2,1,"F",0,7500,58
1157198,12,0,0,2,0,"F",1,20000,59
1165832,12,0,0,2,0,"F",0,62500,60
1166157,12,1,0,4,6,"F",0,137500,61
1167911,12,0,0,1,2,"F",1,87500,62
1168134,12,0,0,2,1,"F",0,162500,63
1168271,12,0,0,2,0,"F",1,112500,64
1171923,12,0,0,2,0,"F",0,62500,65
1172112,12,0,0,1,2,"F",0,20000,66
1174038,12,0,0,2,0,"M",1,112500,67
1174562,12,0,0,2,1,"F",1,62500,68
1174985,12,0,0,2,1,"F",1,62500,69
1176048,12,0,0,2,2,"F",1,62500,70
1179432,12,1,0,1,2,"F",1,87500,71
1179878,12,0,0,2,1,"M",1,62500,72
1180407,12,0,0,3,1,"F",0,62500,73
1180590,12,0,0,2,0,"F",0,112500,74
1180640,12,0,0,2,0,"F",1,62500,75
1181283,12,1,0,2,1,"F",1,62500,76
1181372,12,0,0,1.50793647766113,0,"M",1,62500,77
1181576,12,0,0,2,0,"F",1,87500,78
1182877,12,1,0,1,1,"M",1,62500,79
1184139,12,0,0,1,2,"F",1,20000,80
1184169,12,0,0,2,0,"F",1,112500,81
1184297,12,0,0,3,2,"M",1,112500,82
1184913,12,0,0,2,0,"F",1,87500,83
1185813,12,0,0,1,0,"M",1,87500,84
1185876,12,0,0,1.11764705181122,1,"F",1,137500,85
1186126,12,0,0,2,0,"F",1,62500,86
1187131,12,0,0,1.97826087474823,0,"M",0,42500,87
1187232,12,0,0,2,0,"F",0,62500,88
1187420,12,0,0,2,0,"F",1,87500,89
1187873,12,0,0,2,1,"M",1,112500,90
1187978,12,0,0,2,1,"F",1,62500,91
1188069,12,0,0,1,1,"F",1,162500,92
1188761,12,0,0,2,1,"F",1,162500,93
1188833,12,0,0,2,1,"F",1,62500,94
1189258,12,0,0,3,1,"F",1,225000,95
1189412,12,0,0,1,0,"F",1,20000,96
1189715,12,0,0,1,1,"M",1,162500,97
1189764,12,0,0,1,0,"F",1,137500,98
1190134,12,0,0,2,2,"F",0,20000,99
1190711,12,0,0,2,1,"F",1,162500,100
1191253,12,0,0,2,0,"F",0,62500,101
1191595,12,1,0,2,1,"F",1,62500,102
1191968,12,0,0,2,0,"F",1,112500,103
1192704,12,0,0,3,3,"F",1,62500,104
1192874,12,0,0,3,0,"F",1,62500,105
1193114,12,0,0,2,0,"F",1,162500,106
1193232,12,0,0,1,2,"M",1,112500,107
1193743,12,2,0,3,5,"F",1,20000,108
1193751,12,1,0,1,1,"F",0,42500,109
1193787,12,1,0,2,2,"F",1,62500,110
1194121,12,0,0,1,0,"F",0,42500,111
1194319,12,0,0,2,1,"F",0,62500,112
1194477,12,0,0,2,2,"F",1,112500,113
1195243,12,2,0,2,3,"F",1,62500,114
1195315,12,0,0,2,0,"M",1,112500,115
1195629,12,1,0,3,3,"M",1,62500,116
1196370,12,0,0,5,0,"F",0,137500,117
1196373,12,1,0,1,1,"F",1,87500,118
1196532,12,0,0,2,0,"F",1,112500,119
1196672,12,1,0,2,2,"F",0,62500,120
1196715,12,0,0,3,0,"F",1,62500,121
1196867,12,0,0,3,2,"F",1,62500,122
1197628,12,0,0,2,2,"M",0,137500,123
1198131,12,0,0,1,1,"F",0,42500,124
1198229,12,0,0,2,2,"F",1,62500,125
1198340,12,0,0,1,0,"F",1,112500,126
1198656,12,0,0,1,1,"F",0,42500,127
1198936,12,0,0,2,2,"M",0,162500,128
1199872,12,0,0,3,0,"F",0,87500,129
1202556,12,0,0,2,1,"F",1,62500,130
1204291,12,0,0,1,2,"F",0,20000,131
1204517,12,2,0,2,3,"F",1,62500,132
1204703,12,0,0,2,0,"F",0,87500,133
1205899,12,0,0,2,1,"F",1,162500,134
1207119,12,0,0,1,1,"F",1,62500,135
1208107,12,0,0,2,0,"F",1,112500,136
1208888,12,0,0,1.53030300140381,1,"F",0,20000,137
1209486,12,1,0,2,2,"F",1,62500,138
1209955,12,0,0,2,1,"M",1,225000,139
1210800,12,2,0,3,4,"F",1,250000,140
1211027,12,0,0,2,2,"F",1,112500,141
1211068,12,1,0,4,3,"F",0,250000,142
1211288,12,0,0,2,1,"F",0,7500,143
1211807,12,0,0,1,1,"F",1,42500,144
1212464,12,0,0,2,0,"F",0,42500,145
1213078,12,1,0,2,1,"F",1,250000,146
1213693,12,0,0,2,0,"F",1,162500,147
1216811,12,0,0,2,1,"F",1,162500,148
1217376,12,1,0,3,11,"F",1,137500,149
1217401,12,1,0,3,2,"F",0,62500,150
1221162,12,0,0,1,1,"F",1,62500,151
1222034,12,0,0,2,1,"M",1,87500,152
1222561,12,0,0,1,2,"F",1,62500,153
1224353,12,1,0,2,2,"F",1,87500,154
1224379,12,0,0,2,0,"F",1,162500,155
1225029,12,0,0,1,1,"F",1,62500,156
1225288,12,0,0,1,4,"F",1,112500,157
1225581,12,0,0,2,1,"F",1,30000,158
1226932,12,0,0,1,2,"F",1,87500,159
1226943,12,0,0,2,1,"F",1,162500,160
1227191,12,0,0,2,1,"F",1,112500,161
1227743,12,1,0,3,1,"F",0,62500,162
1228628,12,0,0,1,4,"F",1,62500,163
1228793,12,0,0,4,3,"F",0,87500,164
1229147,12,0,0,3,0,"F",1,87500,165
1229564,12,0,0,2,1,"F",1,62500,166
1229612,12,0,0,2,0,"M",1,187500,167
1229771,12,0,0,5,1,"F",1,87500,168
1229884,12,0,0,2,1,"F",1,112500,169
1230105,12,0,0,1,3,"F",1,137500,170
1230445,12,0,0,2,1,"F",1,62500,171
1230648,12,0,0,2,1,"F",1,87500,172
1230860,12,0,0,2,0,"F",1,62500,173
1231637,12,0,0,1,0,"F",1,112500,174
1233436,12,0,0,3,3,"F",0,162500,175
1233553,12,0,0,2,2,"F",1,112500,176
1234916,12,1,0,1,3,"M",1,62500,177
1237257,12,0,0,2,0,"F",1,62500,178
1237667,12,0,0,2,0,"F",1,87500,179
1238108,12,0,0,2,0,"F",1,42500,180
1238707,12,1,0,2,2,"F",1,62500,181
1238904,12,0,0,2,0,"M",1,87500,182
1239286,12,0,0,1,0,"F",1,250000,183
1239623,12,1,0,2,2,"F",0,42500,184
1239849,12,0,0,2,0,"F",1,112500,185
1239936,12,0,0,1,0,"F",0,7500,186
1240102,12,1,0,2,2,"F",0,62500,187
1241439,12,0,0,2,0,"F",1,112500,188
1241595,12,0,0,2,0,"F",1,62500,189
1241711,12,1,0,3,2,"F",1,87500,190
1242022,12,0,0,1,1,"F",1,62500,191
1242223,12,0,0,2,3,"M",1,137500,192
1242542,12,0,0,1,1,"M",1,137500,193
1243937,12,1,0,2,1,"F",1,87500,194
1244277,12,0,0,1,1,"F",0,112500,195
1245286,12,0,0,2,1,"F",1,62500,196
1246704,12,0,0,2,2,"F",1,87500,197
1247392,12,0,0,2,0,"F",1,87500,198
1248826,12,1,0,2,3,"F",1,87500,199
1249794,12,0,0,1,4,"F",0,137500,200
1250074,12,0,0,2,1,"F",0,87500,201
1250242,12,0,0,2,0,"F",0,250000,202
1250577,12,0,0,2,2,"F",1,62500,203
1250585,12,0,0,3,0,"F",1,187500,204
1250879,12,0,0,1,0,"F",1,137500,205
1250899,12,1,0,1,4,"M",1,112500,206
1251138,12,0,0,2,1,"M",1,137500,207
1251550,12,1,0,3,2,"F",1,62500,208
1251623,12,0,0,2,0,"F",1,7500,209
1251804,12,0,0,1,1,"F",0,137500,210
1251816,12,0,0,2,0,"F",1,137500,211
1252257,12,0,0,2,1,"F",0,87500,212
1252297,12,0,0,2,0,"M",1,62500,213
1252403,12,0,0,3,3,"M",1,62500,214
1252534,12,0,0,3,1,"F",1,187500,215
1252759,12,0,0,2,2,"F",1,137500,216
1252878,12,0,0,2,1,"F",1,137500,217
1254168,12,0,0,2,0,"F",1,62500,218
1254684,12,0,0,2,0,"M",1,112500,219
1258925,12,0,0,2,2,"F",1,42500,220
1259640,12,0,0,2,0,"M",1,87500,221
1259672,12,0,0,2,0,"F",1,62500,222
1259740,12,0,0,2,1,"F",1,30000,223
1262332,12,0,0,2,1,"F",1,87500,224
1262373,12,0,0,3,1,"F",1,250000,225
1262926,12,0,0,3,0,"F",1,62500,226
1263058,12,0,0,2,2,"F",0,137500,227
1263919,12,0,0,2,0,"M",0,30000,228
1264065,12,0,0,2,1,"F",1,187500,229
1264317,12,0,0,2,1,"F",1,187500,230
1264505,12,0,0,1,0,"F",1,87500,231
1264703,12,0,0,3,0,"F",0,30000,232
1265443,12,0,0,2,3,"F",0,20000,233
1265755,12,0,0,2,0,"F",1,112500,234
1265835,12,0,0,1,0,"F",1,112500,235
1265892,12,0,0,2,1,"F",0,187500,236
1266201,12,0,0,1,0,"F",1,187500,237
1268413,12,0,0,2,0,"F",1,62500,238
1269756,12,0,0,2,1,"F",1,62500,239
1269824,12,0,0,1,0,"M",0,30000,240
1273931,12,0,0,2,1,"F",1,20000,241
1275308,12,0,0,2,2,"M",1,87500,242
1275698,12,0,0,1,0,"F",1,87500,243
1275888,12,0,0,1,0,"F",1,137500,244
1276784,12,0,0,2,0,"F",0,20000,245
1277335,12,0,0,1,0,"F",1,42500,246
1279299,12,1,0,2,2,"M",1,87500,247
1279847,12,0,0,2,0,"F",1,42500,248
1280469,12,0,0,2,1,"F",0,7500,249
1281674,12,0,0,2,0,"F",0,137500,250
1285561,12,0,0,2,1,"F",1,250000,251
1286058,12,1,0,2,2,"F",1,250000,252
1286676,12,0,0,2,0,"M",1,225000,253
1287337,12,0,0,2,0,"F",0,62500,254
1288054,12,1,0,2,1,"F",1,42500,255
1288246,12,0,0,2,0,"F",0,62500,256
1288502,12,0,0,3,0,"M",0,137500,257
1288666,12,0,0,2,0,"F",1,62500,258
1288675,12,0,0,1,1,"F",1,20000,259
1288774,12,0,0,4,0,"F",1,187500,260
1288902,12,0,0,2,0,"F",1,87500,261
1289229,12,0,0,1,1,"F",0,112500,262
1290077,12,0,0,2,0,"F",1,87500,263
1290515,12,1,0,1,2,"F",0,87500,264
1290723,12,0,0,3,0,"F",0,30000,265
1291318,12,0,0,2,0,"F",1,42500,266
1291608,12,0,0,2,1,"F",0,30000,267
1292847,12,0,0,4,1,"F",1,42500,268
1293296,12,0,0,2,0,"F",1,30000,269
1293595,12,0,0,2,0,"F",1,62500,270
1293939,12,0,0,2,1,"F",1,250000,271
1294157,12,0,0,4,0,"F",1,62500,272
1294200,12,0,0,2,0,"F",1,62500,273
1294399,12,1,0,1,2,"F",0,30000,274
1294837,12,0,0,2,0,"F",0,62500,275
1297008,12,0,0,2,0,"F",0,7500,276
1297323,12,0,0,1,0,"F",0,7500,277
1297452,12,0,0,4,0,"M",1,87500,278
1297615,12,0,0,2,0,"F",0,20000,279
1297678,12,0,0,2,0,"M",1,62500,280
1298036,12,0,0,2,1,"F",0,7500,281
1298136,12,0,0,3,2,"M",0,30000,282
1298614,12,0,0,2,0,"F",1,62500,283
1300363,12,0,0,2,0,"M",1,42500,284
1300457,12,0,0,1,0,"M",1,42500,285
1301237,12,0,0,1,0,"F",1,20000,286
1301332,12,1,0,2,3,"M",1,42500,287
1301620,12,0,0,1,3,"F",1,87500,288
1302173,12,1,0,2,1,"F",1,225000,289
1302216,12,1,0,1,3,"F",1,62500,290
1302375,12,0,0,2,0,"F",1,87500,291
1303092,12,0,0,3,0,"F",1,62500,292
1303908,12,0,0,2,0,"M",1,87500,293
1304518,12,0,0,2,0,"F",1,87500,294
1304751,12,0,0,2,0,"F",0,30000,295
1306505,12,0,0,3,0,"F",0,62500,296
1307675,12,0,0,3,0,"F",1,62500,297
1307821,12,1,0,2,2,"M",1,42500,298
1310138,12,0,0,2,1,"F",1,62500,299
1310269,12,0,0,2,0,"F",0,112500,300
1311143,12,0,0,1,0,"M",0,62500,301
1311172,12,0,0,2,0,"M",1,137500,302
1311388,12,0,0,3,1,"M",0,20000,303
1312227,12,0,0,2,0,"F",0,62500,304
1313291,12,0,0,1,0,"F",1,162500,305
1313396,12,0,0,3,0,"F",0,30000,306
1313735,12,0,0,2,2,"F",1,20000,307
1313856,12,0,0,2,1,"F",0,20000,308
1314520,12,0,0,2,3,"F",1,62500,309
1314682,12,0,0,1,1,"F",0,20000,310
1314969,12,0,0,2,0,"F",0,87500,311
1315946,12,0,0,2,1,"F",0,62500,312
1317054,12,0,0,2,0,"F",0,7500,313
1317356,12,1,0,2,6,"F",1,62500,314
1318696,12,0,0,2,1,"F",0,62500,315
1318996,12,0,0,2,0,"F",1,62500,316
1319548,12,0,0,2,0,"F",0,20000,317
1319613,12,0,0,3,0,"F",0,137500,318
1319738,12,0,0,1,1,"F",1,137500,319
1320734,12,0,0,2,0,"F",1,20000,320
1320750,12,1,0,2,4,"F",0,7500,321
1322205,12,0,0,4,3,"F",1,62500,322
1322235,12,0,0,2,1,"F",0,62500,323
1322521,12,0,0,2,1,"M",1,42500,324
1322942,12,0,0,1,1,"F",1,87500,325
1323304,12,0,0,2,0,"F",1,162500,326
1323359,12,0,0,2,4,"M",0,187500,327
1323491,12,0,0,2,0,"F",1,250000,328
1323698,12,0,0,1,2,"M",0,250000,329
1323962,12,0,0,2,0,"M",1,62500,330
1324251,12,0,0,1,2,"F",0,20000,331
1324843,12,0,0,2,0,"F",1,87500,332
1325556,12,0,0,1,0,"F",0,20000,333
1327146,12,0,0,4,0,"F",1,162500,334
1328158,12,2,0,2,3,"F",1,62500,335
1328623,12,0,0,4,2,"M",1,30000,336
1328832,12,1,0,2,1,"F",1,187500,337
1329574,12,0,0,2,2,"F",0,42500,338
1330046,12,0,0,2,2,"F",1,112500,339
1330272,12,0,0,3,1,"F",1,137500,340
1330497,12,0,0,2,0,"F",1,162500,341
1331244,12,2,0,2,4,"F",0,30000,342
1331261,12,0,0,2,0,"F",0,7500,343
1331950,12,0,0,1,1,"F",1,62500,344
1333858,12,1,0,2,1,"F",1,112500,345
1335680,12,0,0,1,0,"F",1,62500,346
1335920,12,1,0,3,3,"F",1,42500,347
1335980,12,0,0,2,0,"F",0,20000,348
1336426,12,0,0,2,0,"F",0,20000,349
1336946,12,0,0,1,0,"M",1,20000,350
1338200,12,0,0,2,1,"F",1,162500,351
1338378,12,0,0,2,0,"F",1,225000,352
1339574,12,0,0,2,0,"F",1,42500,353
1339822,12,0,0,2,0,"F",1,112500,354
1340176,12,0,0,1,1,"M",1,42500,355
1340267,12,1,0,2,2,"F",0,42500,356
1341891,12,1,0,2,3,"F",0,62500,357
1342799,12,0,0,1,0,"F",0,62500,358
1343216,12,0,0,1,1,"F",0,187500,359
1344265,12,0,0,1,2,"F",0,87500,360
1344499,12,0,0,2,1,"F",1,87500,361
1344614,12,0,0,3,3,"M",1,225000,362
1345984,12,0,0,4,1,"F",1,112500,363
1346234,12,0,0,2,0,"F",0,162500,364
1347945,12,0,0,2,1,"F",0,112500,365
1348467,12,0,0,2,1,"F",0,87500,366
1348663,12,2,0,2,3,"F",1,62500,367
1348726,12,0,0,3,1,"F",1,62500,368
1349285,12,0,0,2,0,"F",0,42500,369
1349428,12,0,0,2,0,"F",1,87500,370
1349951,12,0,0,3,3,"F",1,20000,371
1350291,12,0,0,2,0,"M",1,87500,372
1350434,12,0,0,2,1,"F",1,162500,373
1351173,12,0,0,1,1,"F",0,87500,374
1351468,12,0,0,2,0,"F",1,7500,375
1351509,12,0,0,1,0,"F",1,62500,376
1351586,12,0,0,3,2,"F",1,162500,377
1351796,12,0,0,2,0,"F",1,7500,378
1352046,12,0,0,2,2,"F",1,87500,379
1352301,12,0,0,1,1,"F",1,42500,380
1352756,12,0,0,2,0,"F",1,62500,381
1352986,12,0,0,1,0,"F",1,42500,382
1353809,12,0,0,4,2,"F",1,112500,383
1353961,12,0,0,2,1,"F",0,20000,384
1354452,12,0,0,2,0,"F",1,62500,385
1354598,12,0,0,2,0,"F",0,42500,386
1354602,12,0,0,2,0,"M",1,62500,387
1354673,12,0,0,2,0,"F",0,7500,388
1355604,12,0,0,2,0,"M",1,7500,389
1356206,12,0,0,2,0,"F",1,62500,390
1358021,12,0,0,3,0,"F",1,112500,391
1358933,12,1,0,2,4,"F",0,112500,392
1361465,12,0,0,2,0,"F",0,137500,393
1362107,12,0,0,2,1,"M",1,162500,394
1363023,12,0,0,2,1,"F",1,30000,395
1363370,12,0,0,1,0,"M",1,62500,396
1364059,12,0,0,3,1,"M",1,112500,397
1366217,12,0,0,1,0,"M",0,112500,398
1366244,12,0,0,2,1,"F",0,112500,399
1367411,12,0,0,2,1,"F",1,20000,400
1367420,12,0,0,6,3,"F",1,162500,401
1368140,12,0,0,3,3,"F",1,62500,402
1368385,12,0,0,1,1,"M",1,162500,403
1369918,12,0,0,2,0,"F",1,87500,404
1372221,12,0,0,1,1,"F",1,7500,405
1372333,12,0,0,1,1,"F",1,62500,406
1374105,12,0,0,2,0,"F",0,7500,407
1374132,12,0,0,2,1,"M",1,62500,408
1374680,12,0,0,2,1,"F",1,62500,409
1375113,12,0,0,2,1,"F",1,87500,410
1376245,12,0,0,1,1,"F",0,62500,411
1377492,12,0,0,3,1,"F",1,137500,412
1377719,12,0,0,1,1,"F",1,137500,413
1378071,12,0,0,2,2,"F",0,62500,414
1378409,12,0,0,1,0,"F",1,62500,415
1380721,12,0,0,1,2,"F",1,42500,416
1381136,12,0,0,1,1,"F",1,62500,417
1381384,12,0,0,2,1,"F",1,162500,418
1381552,12,0,0,2,0,"M",1,87500,419
1381639,12,0,0,2,0,"F",1,225000,420
1381711,12,0,0,3,0,"F",1,87500,421
1382137,12,0,0,2,0,"F",1,112500,422
1382624,12,0,0,2,3,"F",1,62500,423
1382975,12,2,0,3,9,"F",1,112500,424
1384230,12,0,0,2,1,"F",1,137500,425
1384341,12,0,0,2,0,"F",0,137500,426
1385468,12,0,0,1,4,"F",1,250000,427
1385831,12,0,0,2,0,"F",1,42500,428
1386066,12,0,0,1,0,"F",1,112500,429
1386120,12,0,0,2,0,"F",1,42500,430
1387428,12,0,0,2,0,"F",0,62500,431
1387588,12,0,0,1,2,"F",1,42500,432
1388210,12,0,0,1,4,"M",1,62500,433
1388355,12,1,0,1,4,"F",1,62500,434
1388513,12,0,0,2,2,"F",1,162500,435
1388833,12,0,0,2,0,"F",0,42500,436
1389030,12,0,0,2,0,"F",1,62500,437
1389384,12,0,0,1,0,"F",0,42500,438
1389406,12,0,0,3,1,"F",1,87500,439
1389477,12,0,0,2,0,"F",1,62500,440
1390351,12,0,0,3,0,"M",1,162500,441
1392387,12,0,0,1,0,"F",0,87500,442
1393255,12,0,0,2,1,"F",1,87500,443
1393466,12,0,0,1,1,"M",1,87500,444
1393929,12,0,0,3,4,"F",1,225000,445
1394027,12,0,0,1,0,"F",1,162500,446
1395064,12,0,0,3,1,"F",1,162500,447
1395309,12,0,0,2,0,"F",0,42500,448
1395394,12,0,0,2,2,"F",0,7500,449
1396474,12,0,0,1,1,"F",1,62500,450
1396597,12,0,0,1,0,"F",1,87500,451
1396618,12,0,0,2,1,"F",1,87500,452
1396830,12,0,0,2,2,"F",1,87500,453
1397814,12,0,0,1,0,"M",1,137500,454
1398493,12,0,0,1,0,"F",1,87500,455
1398606,12,1,0,1,3,"M",1,20000,456
1399233,12,0,0,2,1,"F",0,42500,457
1399269,12,0,0,2,0,"F",1,62500,458
1399329,12,0,0,2,1,"F",1,112500,459
1401246,12,0,0,1,0,"F",1,42500,460
1401458,12,0,0,1,1,"F",1,62500,461
1403021,12,1,0,1,1,"F",1,112500,462
1403631,12,0,0,2,1,"F",1,62500,463
1403972,12,1,0,2,3,"F",1,162500,464
1404355,12,0,0,2,1,"F",1,87500,465
1404418,12,0,0,2,2,"F",1,42500,466
1404842,12,0,0,1,1,"M",1,112500,467
1405544,12,0,0,2,2,"F",0,20000,468
1406907,12,1,0,2,1,"F",1,87500,469
1408575,12,0,0,1,0,"M",0,30000,470
1410385,12,1,0,1,3,"F",1,162500,471
1411418,12,1,0,1,4,"M",1,87500,472
1412397,12,0,0,2,2,"M",1,42500,473
1412511,12,0,0,1,0,"F",1,42500,474
1412646,12,0,0,5,0,"F",1,162500,475
1413182,12,0,0,2,1,"F",1,112500,476
1413837,12,0,0,2,0,"F",1,225000,477
1413925,12,0,0,3,1,"F",0,62500,478
1414361,12,0,0,2,1,"F",1,112500,479
1414857,12,0,0,2,3,"M",1,162500,480
1414873,12,0,0,1,0,"F",1,112500,481
1415098,12,0,0,2,1,"F",0,87500,482
1415320,12,0,0,3,2,"F",1,162500,483
1416429,12,0,0,3,2,"F",1,87500,484
1416731,12,0,0,1,1,"F",1,162500,485
1416940,12,0,0,2,2,"F",0,137500,486
1417159,12,0,0,1,2,"M",0,20000,487
1417523,12,0,0,1,1,"F",1,187500,488
1418358,12,0,0,1,1,"F",0,112500,489
1418818,12,0,0,3,1,"F",1,87500,490
1419071,12,0,0,1,0,"M",1,87500,491
1419406,12,0,0,2,1,"F",1,62500,492
1419467,12,0,0,2,0,"F",1,162500,493
1419627,12,0,0,2,2,"M",1,87500,494
1419833,12,0,0,2,1,"F",1,225000,495
1420095,12,0,0,1,0,"M",1,187500,496
1420139,12,0,0,2,2,"F",1,112500,497
1420150,12,0,0,3,0,"F",0,7500,498
1420458,12,0,0,2,1,"M",1,20000,499
1420461,12,1,0,1,5,"F",1,62500,500
1420462,12,2,0,2,5,"F",1,162500,501
1420478,12,0,0,2,1,"F",1,42500,502
1420505,12,0,0,1,1,"F",0,7500,503
1420957,12,0,0,1,1,"F",1,225000,504
1420990,12,0,0,2,0,"F",0,87500,505
1421112,12,0,0,2,0,"F",0,87500,506
1421265,12,0,0,3,1,"F",0,137500,507
1421359,12,0,0,2,0,"F",0,7500,508
1422155,12,0,0,2,1,"F",1,187500,509
1422249,12,0,0,1,0,"M",0,62500,510
1424297,12,0,0,1,0,"M",1,20000,511
1424626,12,0,0,4,2,"F",0,112500,512
1425960,12,0,0,2,1,"F",0,20000,513
1426165,12,0,0,2,1,"F",0,112500,514
1426230,12,0,0,1,3,"F",0,7500,515
1426266,12,0,0,3,0,"F",1,112500,516
1426799,12,0,0,1,1,"F",1,87500,517
1427258,12,0,0,2,0,"F",0,62500,518
1427579,12,1,0,1,3,"F",1,87500,519
1427915,12,0,0,1,0,"F",0,62500,520
1428277,12,0,0,1,1,"M",1,112500,521
1429936,12,0,0,2,4,"F",1,187500,522
1430214,12,0,0,3,1,"M",0,112500,523
1430754,12,0,0,1,3,"M",1,187500,524
1431104,12,0,0,4.36190462112427,0,"F",0,250000,525
1431118,12,0,0,1,0,"F",1,62500,526
1431340,12,0,0,2,1,"F",0,87500,527
1431513,12,0,0,1,1,"F",1,62500,528
1431697,12,0,0,2,3,"F",1,87500,529
1431949,12,1,0,2,1,"F",1,42500,530
1432387,12,0,0,2,0,"F",0,162500,531
1432724,12,0,0,2,0,"F",1,20000,532
1432840,12,0,0,2,0,"F",1,20000,533
1432998,12,0,0,1,0,"F",1,62500,534
1433194,12,1,0,3,2,"F",1,42500,535
1433587,12,0,0,2,0,"M",1,87500,536
1434275,12,0,0,3,0,"F",1,20000,537
1434712,12,0,0,1,0,"F",1,42500,538
1435022,12,0,0,2,0,"F",1,187500,539
1435557,12,0,0,1,0,"M",1,62500,540
1435794,12,1,0,2,1,"F",0,87500,541
1435996,12,0,0,2,3,"F",1,112500,542
1436928,12,0,0,1,0,"F",1,112500,543
1437747,12,0,0,2,3,"F",1,137500,544
1437857,12,4,0,2,5,"M",1,62500,545
1437869,12,0,0,3,2,"F",1,187500,546
1437899,12,0,0,2,3,"F",1,137500,547
1438760,12,0,0,3,1,"F",1,137500,548
1438884,12,0,0,2,1,"M",1,87500,549
1439629,12,0,0,2,1,"F",1,7500,550
1439689,12,0,0,1,2,"F",1,112500,551
1439713,12,0,0,2,0,"F",1,62500,552
1440356,12,0,0,1,1,"M",1,250000,553
1441053,12,0,0,2,1,"M",1,30000,554
1441466,12,0,0,2,2,"F",1,250000,555
1442287,12,0,0,2,1,"F",0,187500,556
1442704,12,0,0,3,1,"F",1,87500,557
1443687,12,0,0,2,1,"F",0,87500,558
1443964,12,0,0,3,1,"F",1,250000,559
1444485,12,0,0,3,0,"F",1,112500,560
1445100,12,0,0,2,2,"F",1,87500,561
1446288,12,0,0,3,5,"F",0,62500,562
1447092,12,0,0,1,0,"M",1,42500,563
1447298,12,0,0,3,1,"F",1,62500,564
1448763,12,0,0,1,2,"F",0,62500,565
1448901,12,0,0,2,0,"F",0,62500,566
1449431,12,0,0,1,3,"F",1,137500,567
1450170,12,0,0,2,1,"F",0,62500,568
1450180,12,0,0,1,1,"M",1,62500,569
1450746,12,0,0,3,1,"F",1,7500,570
1450805,12,0,0,1,1,"M",1,225000,571
1450890,12,1,0,2,1,"F",1,225000,572
1451275,12,0,0,1,2,"M",1,62500,573
1451865,12,0,0,2,2,"F",1,225000,574
1452879,12,0,0,3,0,"F",1,137500,575
1454110,12,0,0,2,1,"F",1,62500,576
1454343,12,0,0,2,3,"M",0,30000,577
1454425,12,1,0,3,1,"F",1,112500,578
1454661,12,0,0,3,4,"F",1,87500,579
1455466,12,0,0,3,1,"F",1,87500,580
1455615,12,0,0,1,0,"F",1,7500,581
1455721,12,1,0,2,1,"M",1,87500,582
1455906,12,0,0,3,3,"F",1,250000,583
1456029,12,0,0,2,0,"F",1,42500,584
1456155,12,0,0,2,3,"F",1,250000,585
1456186,12,0,0,2,1,"F",1,20000,586
1456531,12,0,0,2,0,"F",1,187500,587
1456609,12,0,0,1,0,"F",1,62500,588
1456628,12,0,0,2,0,"F",1,250000,589
1456919,12,0,0,1,0,"F",1,30000,590
1457625,12,0,0,2,0,"F",1,112500,591
1457777,12,1,0,3,1,"F",1,62500,592
1457830,12,0,0,2,0,"F",1,112500,593
1457984,12,0,0,2,0,"F",1,112500,594
1458214,12,0,0,2,0,"F",1,225000,595
1460277,12,0,0,2,0,"F",1,62500,596
1460380,12,0,0,2,0,"F",0,42500,597
1460953,12,0,0,2,0,"F",0,250000,598
1461151,12,0,0,1,0,"F",1,87500,599
1461397,12,0,0,3,0,"F",1,137500,600
1462847,12,7,0,2,11,"F",1,162500,601
1462878,12,0,0,2,1,"F",1,7500,602
1463072,12,0,0,3,1,"F",1,87500,603
1464188,12,0,0,1.54166662693024,0,"F",1,137500,604
1464264,12,0,0,2,1,"M",1,112500,605
1464335,12,1,0,4,1,"F",1,187500,606
1464618,12,0,0,1,1,"F",1,112500,607
1465220,12,0,0,3,4,"F",1,137500,608
1466204,12,0,0,2,0,"F",1,87500,609
1466494,12,0,0,1,2,"M",1,20000,610
1466816,12,1,0,3,1,"F",1,137500,611
1466833,12,0,0,3,1,"F",1,87500,612
1466886,12,0,0,2,2,"F",1,137500,613
1466955,12,0,0,2,2,"F",1,250000,614
1467019,12,0,0,3,2,"F",0,137500,615
1467058,12,0,0,2,2,"F",0,20000,616
1467155,12,0,0,2,0,"M",0,62500,617
1467520,12,0,0,1,1,"F",1,250000,618
1467621,12,0,0,2,1,"F",1,62500,619
1468654,12,0,0,1,1,"F",1,87500,620
1468709,12,0,0,1,0,"F",1,30000,621
1468714,12,0,0,2,1,"F",0,112500,622
1468733,12,0,0,1,1,"F",1,62500,623
1468745,12,0,0,2,5,"M",1,62500,624
1469175,12,0,0,5,2,"F",0,87500,625
1469204,12,0,0,2,1,"F",1,112500,626
1469239,12,0,0,2,0,"F",1,112500,627
1469248,12,0,0,2,0,"F",1,112500,628
1469990,12,2,0,1,3,"M",1,187500,629
1470110,12,0,0,1,0,"F",0,62500,630
1470965,12,0,0,2,2,"F",0,62500,631
1471445,12,0,0,2,1,"F",1,162500,632
1471473,12,0,0,1,2,"M",1,62500,633
1471528,12,1,0,2,3,"F",1,112500,634
1471566,12,0,0,2,0,"F",1,30000,635
1471723,12,1,0,3,4,"F",1,187500,636
1471767,12,0,0,1,1,"M",1,87500,637
1471934,12,0,0,2,1,"F",0,112500,638
1472977,12,0,0,3,3,"F",1,87500,639
1474598,12,1,0,3,2,"M",1,87500,640
1475170,12,0,0,2,0,"M",0,87500,641
1477477,12,0,0,1.65277779102325,1,"M",0,112500,642
1478058,12,1,0,2,6,"F",1,87500,643
1478617,12,0,0,2,2,"F",1,225000,644
1479489,12,0,0,2,1,"F",1,62500,645
1480578,12,1,0,1,1,"F",0,62500,646
1481279,12,1,0,2,2,"F",0,162500,647
1481476,12,1,0,2,5,"F",1,7500,648
1482005,12,0,0,1,1,"M",1,62500,649
1482267,12,0,0,2,0,"F",1,225000,650
1482614,12,0,0,2,1,"F",0,87500,651
1482816,12,0,0,2,0,"F",1,62500,652
1483049,12,0,0,2,0,"F",0,20000,653
1484259,12,0,0,2,1,"F",0,7500,654
1484519,12,0,0,2,2,"F",1,42500,655
1484930,12,0,0,3,1,"F",1,162500,656
1486404,12,0,0,2,1,"F",0,42500,657
1487790,12,0,0,2,1,"M",1,187500,658
1488086,12,0,0,2,0,"F",1,112500,659
1489319,12,0,0,1,0,"F",0,42500,660
1490014,12,0,0,1,1,"M",1,62500,661
1491416,12,0,0,3,1,"F",0,112500,662
1491563,12,0,0,1,0,"M",1,162500,663
1492025,12,0,0,2,0,"F",1,62500,664
1492036,12,0,0,2,0,"F",1,87500,665
1493569,12,1,0,1,2,"F",1,112500,666
1498287,12,1,0,3,1,"F",1,162500,667
1498483,12,0,0,1,0,"F",1,62500,668
1498656,12,1,0,1,1,"M",1,137500,669
1501397,12,0,0,2,0,"M",1,112500,670
1501443,12,0,0,2,0,"F",0,7500,671
1501825,12,1,0,2,3,"F",1,225000,672
1501848,12,0,0,2,1,"F",1,112500,673
1501917,12,0,0,2,2,"F",1,137500,674
1502135,12,0,0,1,1,"F",1,87500,675
1502146,12,0,0,2,0,"F",1,62500,676
1502599,12,0,0,3,0,"F",1,187500,677
1504289,12,0,0,1,1,"F",1,137500,678
1507421,12,0,0,1.86138617992401,1,"F",0,20000,679
1509331,12,0,0,3,0,"M",1,62500,680
1509782,12,0,0,1,2,"F",1,62500,681
1509874,12,0,0,1.95402300357819,1,"F",1,42500,682
1511973,12,0,0,1,1,"M",0,7500,683
1512249,12,0,0,1,0,"F",1,187500,684
1512656,12,1,0,3,2,"F",1,187500,685
1513530,12,0,0,2,1,"F",1,62500,686
1513806,12,0,0,1,2,"F",1,62500,687
1514087,12,0,0,1,1,"F",0,112500,688
1514098,12,0,0,3,0,"F",1,187500,689
1514327,12,1,0,2,1,"F",0,87500,690
1514351,12,0,0,3,0,"M",1,187500,691
1514819,12,0,0,1,3,"F",1,30000,692
1516894,12,0,0,2,4,"M",1,250000,693
1518132,12,0,0,2,0,"F",0,62500,694
1518564,12,0,0,1,2,"F",1,112500,695
1519598,12,0,0,3,1,"F",1,187500,696
1520012,12,0,0,1,1,"F",1,187500,697
1520720,12,0,0,4,2,"F",1,62500,698
1522154,12,2,0,2,3,"F",1,137500,699
1522471,12,0,0,2,2,"M",1,162500,700
1523997,12,1,0,3,1,"F",1,225000,701
1524038,12,0,0,3,1,"F",1,250000,702
1524967,12,0,0,1.25,0,"F",1,250000,703
1525049,12,1,0,3,2,"F",1,187500,704
1525556,12,0,0,2,0,"M",1,162500,705
1526044,12,0,0,1,0,"M",1,87500,706
1526280,12,0,0,1,0,"M",1,20000,707
1526638,12,0,0,1,0,"F",1,225000,708
1527800,12,1,0,1,5,"F",1,137500,709
1527932,12,0,0,3,0,"F",1,187500,710
1527966,12,0,0,3,0,"F",1,250000,711
1528038,12,0,0,3,1,"M",1,225000,712
1528103,12,0,0,3,0,"F",1,225000,713
1528515,12,0,0,1,0,"F",0,225000,714
1529646,12,0,0,3,2,"F",1,225000,715
1530199,12,0,0,1,1,"M",1,62500,716
1530200,12,0,0,3,1,"F",1,137500,717
1530561,12,0,0,2,2,"F",1,42500,718
1530887,12,1,0,3,1,"F",1,87500,719
1531800,12,1,0,3,2,"F",0,62500,720
1531915,12,0,0,1,1,"F",1,250000,721
1531924,12,0,0,1,1,"F",0,225000,722
1531984,12,0,0,2,0,"F",0,42500,723
1532052,12,0,0,2,2,"M",1,87500,724
1532113,12,0,0,2,2,"F",1,87500,725
1532334,12,0,0,2,1,"F",1,225000,726
1532420,12,0,0,1,0,"F",1,30000,727
1532431,12,0,0,2,1,"F",0,20000,728
1532738,12,0,0,3,1,"F",1,225000,729
1532841,12,0,0,2,1,"F",1,42500,730
1533843,12,0,0,2,1,"F",1,42500,731
1533874,12,0,0,2,0,"F",1,137500,732
1533971,12,0,0,2,0,"F",1,137500,733
1534792,12,0,0,3,1,"F",1,187500,734
1535057,12,0,0,2,1,"F",1,137500,735
1535333,12,0,0,3,1,"M",1,87500,736
1535547,12,0,0,2,1,"F",1,187500,737
1535701,12,0,0,3,4,"M",1,62500,738
1535732,12,0,0,3,1,"F",1,187500,739
1535755,12,0,0,2,0,"F",1,112500,740
1536000,12,0,0,2,0,"F",1,187500,741
1536405,12,0,0,3,2,"F",1,62500,742
1536527,12,0,0,1,1,"F",1,225000,743
1536579,12,0,0,2,0,"F",1,187500,744
1537347,12,0,0,3,0,"F",1,225000,745
1537995,12,0,0,1,1,"F",0,62500,746
1538175,12,0,0,3,1,"F",1,250000,747
1538662,12,0,0,3,0,"F",1,112500,748
1538919,12,0,0,1,0,"F",1,250000,749
1539494,12,0,0,3,0,"F",1,250000,750
1539570,12,0,0,2,2,"F",1,87500,751
1540059,12,0,0,2,3,"M",1,87500,752
1540194,12,0,0,1,3,"F",1,187500,753
1540364,12,0,0,2,0,"F",1,7500,754
1540829,12,0,0,2,0,"F",1,187500,755
1540910,12,1,0,2,7,"F",1,137500,756
1540936,12,1,0,2,2,"F",1,62500,757
1541156,12,0,0,3,0,"F",1,7500,758
1541593,12,0,0,2,0,"F",1,250000,759
1541662,12,0,0,1,1,"F",1,112500,760
1541734,12,0,0,3,3,"F",1,137500,761
1541834,12,0,0,1,0,"F",1,250000,762
1541894,12,0,0,2,0,"F",0,42500,763
1542247,12,1,0,2,2,"F",1,225000,764
1542523,12,0,0,3,0,"F",1,187500,765
1542740,12,0,0,3,5,"F",0,30000,766
1543012,12,0,0,2,1,"M",1,112500,767
1543181,12,0,0,3,1,"M",1,250000,768
1543552,12,0,0,2,1,"F",0,112500,769
1543563,12,0,0,3,0,"F",1,250000,770
1543633,12,0,0,2,0,"F",1,112500,771
1544590,12,0,0,3,0,"F",0,187500,772
1544693,12,0,0,3,1,"F",1,250000,773
1545273,12,0,0,2,1,"F",0,137500,774
1545322,12,2,0,2,2,"M",1,250000,775
1546709,12,0,0,3,0,"F",1,250000,776
1546922,12,1,0,2,2,"M",1,137500,777
1546932,12,0,0,2,0,"F",0,112500,778
1546959,12,1,0,2,1,"F",1,187500,779
1546989,12,0,0,4,1,"M",1,225000,780
1547464,12,0,0,2,1,"F",1,87500,781
1547476,12,0,0,2,0,"F",0,225000,782
1547622,12,1,0,2,1,"F",1,187500,783
1547752,12,0,0,1,0,"F",1,112500,784
1547850,12,0,0,1,0,"F",1,20000,785
1548040,12,0,0,1,0,"F",0,112500,786
1548129,12,0,0,2,0,"F",1,112500,787
1548209,12,0,0,1,0,"F",1,20000,788
1548503,12,0,0,4,1,"F",1,62500,789
1548540,12,0,0,2,0,"F",1,87500,790
1548673,12,0,0,2,2,"F",1,112500,791
1549599,12,0,0,2,2,"M",1,187500,792
1550040,12,0,0,2,0,"M",1,20000,793
1550161,12,0,0,3,2,"F",1,62500,794
1550456,12,0,0,2,0,"F",1,225000,795
1550894,12,0,0,2,0,"F",1,87500,796
1551030,12,0,0,2,2,"F",1,225000,797
1551330,12,0,0,1,0,"M",1,87500,798
1551510,12,0,0,1,1,"F",1,162500,799
1551891,12,0,0,2,0,"F",1,187500,800
1552409,12,0,0,1,0,"M",1,137500,801
1552458,12,0,0,2,2,"F",1,62500,802
1552507,12,1,0,2,1,"F",1,137500,803
1552803,12,0,0,3,1,"F",1,225000,804
1552831,12,0,0,3,1,"M",1,112500,805
1553098,12,0,0,2,2,"F",1,87500,806
1553185,12,1,0,2,3,"F",1,187500,807
1553615,12,1,0,2,4,"F",1,187500,808
1553840,12,0,0,2,0,"M",1,20000,809
1553857,12,0,0,2.21875,1,"M",1,87500,810
1553951,12,0,0,3,2,"F",1,225000,811
1554033,12,0,0,1,0,"F",1,62500,812
1554034,12,0,0,2,2,"F",1,162500,813
1554062,12,0,0,1,1,"F",1,87500,814
1554533,12,0,0,3,0,"F",1,62500,815
1554853,12,0,0,1,0,"M",1,42500,816
1554983,12,1,0,1,1,"M",1,87500,817
1555310,12,0,0,3,0,"F",1,187500,818
1555529,12,0,0,2,0,"M",1,225000,819
1555776,12,0,0,2,1,"F",1,20000,820
1555876,12,1,0,2,1,"F",0,112500,821
1556592,12,1,0,2,1,"F",1,62500,822
1556634,12,0,0,2,0,"M",0,87500,823
1556652,12,0,0,2,1,"F",1,42500,824
1557407,12,0,0,1,2,"F",1,162500,825
1557751,12,0,0,3,2,"F",1,162500,826
1558181,12,0,0,1,1,"F",0,62500,827
1558593,12,0,0,2,4,"F",1,137500,828
1559861,12,0,0,2,0,"F",0,20000,829
1560624,12,0,0,2,0,"F",1,62500,830
1561366,12,0,0,2,0,"F",1,62500,831
1561573,12,0,0,1,1,"F",1,137500,832
1563321,12,0,0,1,1,"F",1,187500,833
1563505,12,0,0,2,0,"M",0,62500,834
1563807,12,1,0,3,3,"F",0,112500,835
1564353,12,0,0,2,0,"F",1,137500,836
1564381,12,0,0,2,0,"F",1,42500,837
1564432,12,0,0,3,1,"F",1,20000,838
1564440,12,0,0,2,1,"F",1,62500,839
1564588,12,0,0,2.78723406791687,1,"F",1,162500,840
1565437,12,0,0,2,1,"F",1,87500,841
1565459,12,0,0,2,0,"F",1,162500,842
1565552,12,0,0,1,0,"F",1,187500,843
1565565,12,0,0,2,0,"M",0,112500,844
1565621,12,0,0,3,0,"F",1,42500,845
1566766,12,0,0,2,0,"F",1,62500,846
1566910,12,0,0,3.34313726425171,3,"M",0,42500,847
1567216,12,2,0,3,2,"F",1,112500,848
1567225,12,0,0,2,0,"F",1,42500,849
1567585,12,0,0,2,1,"M",0,87500,850
1568736,12,0,0,1,0,"F",1,137500,851
1569143,12,0,0,2,0,"F",1,87500,852
1569250,12,0,0,1,1,"M",0,7500,853
1570352,12,0,0,2,0,"F",1,62500,854
1570791,12,0,0,1,1,"F",1,112500,855
1571168,12,0,0,2,1,"F",1,42500,856
1571704,12,0,0,2,2,"F",1,42500,857
1572013,12,0,0,1,1,"F",1,87500,858
1572475,12,0,0,2,1,"F",1,87500,859
1572791,12,0,0,3,1,"F",0,137500,860
1572826,12,0,0,2,1,"F",1,87500,861
1572876,12,0,0,1,1,"M",0,20000,862
1573368,12,0,0,1,1,"M",0,62500,863
1573406,12,0,0,1,0,"F",1,87500,864
1573782,12,0,0,2,1,"F",1,112500,865
1573961,12,0,0,3,2,"M",1,62500,866
1574217,12,1,0,2,2,"M",1,187500,867
1574944,12,0,0,2,0,"F",1,87500,868
1575622,12,0,0,2,0,"F",1,137500,869
1575638,12,0,0,3,2,"F",1,87500,870
1575664,12,0,0,2,0,"F",0,20000,871
1576304,12,0,0,2,2,"M",1,250000,872
1576669,12,1,0,2,5,"F",1,112500,873
1576876,12,0,0,1,1,"F",1,137500,874
1576998,12,0,0,1,1,"F",1,250000,875
1577505,12,0,0,2,0,"M",0,20000,876
1577931,12,0,0,3,2,"F",0,112500,877
1580292,12,0,0,2,3,"F",1,250000,878
1580324,12,0,0,2,0,"M",1,87500,879
1580380,12,1,0,2,4,"F",1,187500,880
1580422,12,0,0,1.49230766296387,1,"M",1,225000,881
1580699,12,0,0,3,2,"M",1,30000,882
1581113,12,0,0,2,2,"F",0,112500,883
1581720,12,0,0,1,0,"F",1,250000,884
1582050,12,1,0,2,3,"F",1,137500,885
1582294,12,0,0,1,0,"F",1,250000,886
1582445,12,0,0,2,1,"F",1,137500,887
1582970,12,0,0,1,0,"F",1,187500,888
1583212,12,0,0,2,1,"F",1,250000,889
1583903,12,0,0,2,1,"F",1,250000,890
1583918,12,0,0,2,1,"F",0,162500,891
1584353,12,0,0,3,0,"F",0,87500,892
1584557,12,0,0,1,0,"F",1,62500,893
1584736,12,0,0,2,3,"F",0,87500,894
1584822,12,0,0,3,0,"F",1,62500,895
1585152,12,0,0,3,0,"F",1,30000,896
1586387,12,0,0,2,2,"F",1,187500,897
1586988,12,0,0,2,1,"F",1,87500,898
1587401,12,0,0,2,0,"F",1,87500,899
1587615,12,0,0,2,1,"F",1,30000,900
1587812,12,0,0,3.25490188598633,1,"F",1,225000,901
1588035,12,0,0,1,0,"F",1,112500,902
1588596,12,0,0,2,0,"M",1,137500,903
1588827,12,0,0,2.13541674613953,0,"M",1,137500,904
1588865,12,0,0,1,0,"M",1,112500,905
1589682,12,0,0,2,1,"F",1,250000,906
1589774,12,0,0,1,2,"M",1,62500,907
1590492,12,0,0,3,0,"M",1,250000,908
1590674,12,0,0,2,3,"F",1,20000,909
1590711,12,0,0,3,1,"F",1,187500,910
1590921,12,0,0,2,0,"F",1,250000,911
1590969,12,0,0,3,0,"F",0,42500,912
1591056,12,0,0,1,0,"F",1,225000,913
1591165,12,0,0,1,0,"F",1,250000,914
1591251,12,0,0,3,1,"F",0,87500,915
1591366,12,1,0,2,3,"M",1,250000,916
1591670,12,0,0,2,1,"M",1,137500,917
1591722,12,0,0,2,0,"F",0,62500,918
1591917,12,0,0,2,0,"F",1,187500,919
1591990,12,0,0,1,0,"M",0,42500,920
1592216,12,0,0,3,1,"F",1,62500,921
1592278,12,1,0,2,1,"F",1,187500,922
1592293,12,0,0,2,0,"F",1,112500,923
1592707,12,0,0,2,0,"F",1,250000,924
1592744,12,0,0,2,0,"F",0,112500,925
1592908,12,1,0,3,1,"F",1,87500,926
1593038,12,1,0,3,2,"F",1,112500,927
1593301,12,0,0,3,0,"M",1,62500,928
1593487,12,0,0,3,3,"M",1,87500,929
1593651,12,0,0,1,1,"F",1,42500,930
1593813,12,0,0,2,2,"F",0,20000,931
1594152,12,0,0,2,1,"F",1,87500,932
1594307,12,0,0,2,1,"F",0,87500,933
1594407,12,0,0,3,0,"F",1,187500,934
1594775,12,0,0,2,0,"F",1,42500,935
1596452,12,0,0,2,2,"F",1,112500,936
1596829,12,0,0,2,1,"M",1,112500,937
1597491,12,0,0,2,0,"F",1,42500,938
1598463,12,0,0,3,0,"F",1,62500,939
1598633,12,0,0,2,2,"F",1,112500,940
1598919,12,0,0,1,1,"F",0,62500,941
1599722,12,1,0,3,2,"M",1,42500,942
1599748,12,1,0,2,1,"F",0,7500,943
1601262,12,2,0,2,4,"F",1,62500,944
1601710,12,0,0,2,4,"F",1,87500,945
1601726,12,0,0,1,2,"F",1,87500,946
1602013,12,0,0,1,1,"F",0,42500,947
1602093,12,0,0,1,1,"M",1,42500,948
1602541,12,0,0,3,2,"M",1,112500,949
1603217,12,0,0,2,3,"F",1,62500,950
1603225,12,0,0,3,0,"F",0,225000,951
1603429,12,0,0,2,2,"F",1,62500,952
1604015,12,0,0,3,4,"F",1,62500,953
1604126,12,0,0,3,1,"F",1,112500,954
1604128,12,0,0,2,0,"F",0,187500,955
1604268,12,0,0,2.06578946113586,1,"F",1,62500,956
1604528,12,0,0,2,0,"F",1,112500,957
1605044,12,0,0,4,1,"F",1,225000,958
1605048,12,0,0,1,1,"F",1,187500,959
1605961,12,2,0,1,3,"F",0,112500,960
1608086,12,1,0,2,1,"F",0,112500,961
1608536,12,0,0,2,0,"M",1,87500,962
1608611,12,0,0,2,1,"F",1,62500,963
1608612,12,0,0,4,0,"F",0,20000,964
1608644,12,0,0,3,1,"F",0,250000,965
1609138,12,0,0,1,1,"F",1,112500,966
1609335,12,0,0,2,2,"F",1,87500,967
1609688,12,0,0,3,1,"F",0,42500,968
1609694,12,0,0,2,0,"M",1,42500,969
1609742,12,0,0,2,2,"F",1,20000,970
1610234,12,0,0,2,0,"F",1,42500,971
1610404,12,0,0,2,1,"M",0,62500,972
1611512,12,0,0,1,4,"F",1,30000,973
1611563,12,0,0,1,0,"F",1,250000,974
1612208,12,0,0,2,0,"M",1,187500,975
1612444,12,0,0,3,0,"F",1,250000,976
1612702,12,0,0,3,1,"F",1,137500,977
1612863,12,0,0,2,1,"F",0,42500,978
1612987,12,1,0,4,3,"F",0,187500,979
1613295,12,0,0,3,1,"F",1,7500,980
1613630,12,0,0,1,1,"F",1,137500,981
1613669,12,0,0,2,2,"F",1,225000,982
1613754,12,0,0,1,1,"F",1,250000,983
1613787,12,0,0,2,0,"M",1,187500,984
1614408,12,0,0,2,0,"F",1,225000,985
1614896,12,0,0,2,1,"F",0,112500,986
1614950,12,0,0,3,1,"F",1,62500,987
1614982,12,0,0,2,3,"M",0,62500,988
1615046,12,0,0,3,0,"F",0,42500,989
1615126,12,0,0,1,1,"M",1,112500,990
1616126,12,0,0,2.47368431091309,0,"F",1,112500,991
1616413,12,0,0,1,1,"F",1,42500,992
1617245,12,0,0,2,1,"F",0,30000,993
1617490,12,0,0,2,0,"F",1,187500,994
1617675,12,0,0,2,4,"F",0,87500,995
1617709,12,0,0,2,0,"F",1,62500,996
1618855,12,0,0,1,0,"F",0,62500,997
1619223,12,0,0,2,1,"F",1,20000,998
1620927,12,0,0,2,0,"M",0,112500,999
1620942,12,0,0,2,1,"F",1,20000,1000
117514,13,0,1,15,0,"F",0,42500,1
287398,13,0,0,8,0,"F",0,42500,2
469734,13,0,1,10,0,"F",1,250000,3
1054974,13,0,1,11,0,"F",1,137500,4
1060246,13,0,1,17,0,"F",1,62500,5
1061355,13,1,1,13,1,"F",1,87500,6
1061649,13,0,0,14,0,"M",1,225000,7
1062171,13,0,1,13,0,"F",1,250000,8
1063617,13,1,0,11,1,"F",1,250000,9
1068288,13,0,1,12,0,"F",0,30000,10
1071414,13,0,1,11,0,"F",1,62500,11
1077480,13,1,0,6,1,"F",0,62500,12
1081075,13,0,1,11,0,"F",1,250000,13
1081928,13,0,1,11,0,"F",1,62500,14
1082351,13,0,0,6,0,"F",0,30000,15
1087152,13,0,1,15,2,"F",1,187500,16
1089142,13,0,0,10,0,"F",1,87500,17
1091840,13,0,1,10,0,"F",1,30000,18
1094021,13,0,0,6,0,"F",1,87500,19
1094281,13,0,0,2,0,"F",1,62500,20
1100417,13,0,0,11,1,"F",1,62500,21
1100757,13,0,0,11,0,"F",0,112500,22
1102828,13,0,1,16,0,"F",0,62500,23
1103923,13,0,0,4,0,"F",1,225000,24
1107037,13,0,1,11,0,"F",1,112500,25
1108749,13,0,1,12,0,"F",0,87500,26
1108764,13,0,0,7,0,"F",0,62500,27
1111628,13,0,1,10,0,"F",1,137500,28
1111718,13,0,1,9,1,"F",1,112500,29
1114150,13,0,0,4,0,"F",0,30000,30
1117270,13,0,0,3,0,"M",1,20000,31
1120531,13,0,1,12,0,"F",1,62500,32
1122158,13,0,1,13,0,"F",0,62500,33
1128451,13,0,1,13,1,"F",1,42500,34
1136393,13,0,0,9,0,"F",0,112500,35
1136784,13,0,1,13,2,"M",0,225000,36
1139371,13,0,0,6,0,"F",0,42500,37
1139886,13,0,1,13,0,"F",1,112500,38
1144195,13,0,0,12,0,"M",1,250000,39
1144979,13,0,1,17,0,"F",1,112500,40
1145339,13,0,0,13,0,"F",1,62500,41
1145483,13,0,0,4,0,"F",0,7500,42
1146117,13,0,0,9,0,"M",0,87500,43
1147315,13,0,1,12,3,"F",1,187500,44
1148446,13,0,0,10,0,"F",0,20000,45
1149897,13,0,0,5,0,"M",0,30000,46
1149964,13,0,1,12,0,"F",1,42500,47
1150751,13,0,0,7,0,"M",0,7500,48
1150797,13,0,1,19,4,"F",1,162500,49
1151559,13,0,1,15,0,"F",1,112500,50
1151769,13,0,1,13,0,"F",0,112500,51
1152166,13,0,0,14,1,"M",1,137500,52
1152366,13,0,0,11,0,"F",1,87500,53
1153528,13,1,1,10,1,"M",1,62500,54
1153766,13,0,1,9,0,"F",1,162500,55
1155123,13,0,0,1,0,"F",1,112500,56
1156205,13,0,1,17,1,"F",0,112500,57
1156827,13,0,1,13,0,"F",0,7500,58
1157198,13,0,0,9,0,"F",1,20000,59
1165832,13,0,1,13,1,"F",0,62500,60
1166157,13,2,2,27,2,"F",0,137500,61
1167911,13,0,0,11,1,"F",1,87500,62
1168134,13,1,0,15,1,"F",0,162500,63
1168271,13,0,1,15,0,"F",1,112500,64
1171923,13,0,1,13,0,"F",0,62500,65
1172112,13,1,0,7,2,"F",0,20000,66
1174038,13,0,0,7,1,"M",1,112500,67
1174562,13,2,0,12,3,"F",1,62500,68
1174985,13,0,1,13,0,"F",1,62500,69
1176048,13,0,0,12,0,"F",1,62500,70
1179432,13,0,0,15,0,"F",1,87500,71
1179878,13,0,0,6,0,"M",1,62500,72
1180407,13,0,1,12,0,"F",0,62500,73
1180590,13,0,1,9,0,"F",0,112500,74
1180640,13,0,1,8,0,"F",1,62500,75
1181283,13,0,0,5,0,"F",1,62500,76
1181372,13,0,0,1,0,"M",1,62500,77
1181576,13,0,0,7,0,"F",1,87500,78
1182877,13,0,0,5,1,"M",1,62500,79
1184139,13,0,1,12,0,"F",1,20000,80
1184169,13,0,1,16,0,"F",1,112500,81
1184297,13,0,1,10,1,"M",1,112500,82
1184913,13,0,0,12,0,"F",1,87500,83
1185813,13,0,0,4,0,"M",1,87500,84
1185876,13,0,0,1,0,"F",1,137500,85
1186126,13,0,1,14,1,"F",1,62500,86
1187131,13,0,0,2,0,"M",0,42500,87
1187232,13,0,1,9,0,"F",0,62500,88
1187420,13,0,1,14,0,"F",1,87500,89
1187873,13,0,0,18,2,"M",1,112500,90
1187978,13,0,0,7,0,"F",1,62500,91
1188069,13,0,0,9,1,"F",1,162500,92
1188761,13,0,1,8,0,"F",1,162500,93
1188833,13,0,1,13,1,"F",1,62500,94
1189258,13,0,0,8,0,"F",1,225000,95
1189412,13,0,0,2,0,"F",1,20000,96
1189715,13,0,0,9,0,"M",1,162500,97
1189764,13,0,0,3,0,"F",1,137500,98
1190134,13,0,1,16,1,"F",0,20000,99
1190711,13,0,1,17,0,"F",1,162500,100
1191253,13,0,1,13,0,"F",0,62500,101
1191595,13,0,1,13,0,"F",1,62500,102
1191968,13,0,1,6,0,"F",1,112500,103
1192704,13,0,1,10,1,"F",1,62500,104
1192874,13,0,1,13,0,"F",1,62500,105
1193114,13,0,1,14,0,"F",1,162500,106
1193232,13,0,0,5,0,"M",1,112500,107
1193743,13,0,1,19,3,"F",1,20000,108
1193751,13,0,0,6,0,"F",0,42500,109
1193787,13,0,1,11,0,"F",1,62500,110
1194121,13,0,1,9,0,"F",0,42500,111
1194319,13,0,1,14,0,"F",0,62500,112
1194477,13,0,1,15,1,"F",1,112500,113
1195243,13,1,1,16,1,"F",1,62500,114
1195315,13,0,0,7,0,"M",1,112500,115
1195629,13,0,1,15,0,"M",1,62500,116
1196370,13,3,1,19,5,"F",0,137500,117
1196373,13,0,0,10,0,"F",1,87500,118
1196532,13,0,1,15,0,"F",1,112500,119
1196672,13,2,1,12,2,"F",0,62500,120
1196715,13,0,1,11,0,"F",1,62500,121
1196867,13,0,1,14,0,"F",1,62500,122
1197628,13,1,0,11,1,"M",0,137500,123
1198131,13,0,0,5,0,"F",0,42500,124
1198229,13,0,1,10,0,"F",1,62500,125
1198340,13,0,0,2,0,"F",1,112500,126
1198656,13,0,0,6,1,"F",0,42500,127
1198936,13,0,1,13,0,"M",0,162500,128
1199872,13,2,1,12,2,"F",0,87500,129
1202556,13,1,1,13,1,"F",1,62500,130
1204291,13,0,0,2,0,"F",0,20000,131
1204517,13,2,1,27,4,"F",1,62500,132
1204703,13,0,1,7,0,"F",0,87500,133
1205899,13,0,0,7,0,"F",1,162500,134
1207119,13,0,0,4,0,"F",1,62500,135
1208107,13,1,0,7,1,"F",1,112500,136
1208888,13,0,0,2,0,"F",0,20000,137
1209486,13,0,1,14,1,"F",1,62500,138
1209955,13,0,0,8,0,"M",1,225000,139
1210800,13,0,1,9,0,"F",1,250000,140
1211027,13,0,1,10,0,"F",1,112500,141
1211068,13,0,2,20,0,"F",0,250000,142
1211288,13,1,1,12,1,"F",0,7500,143
1211807,13,0,0,6,0,"F",1,42500,144
1212464,13,0,1,11,0,"F",0,42500,145
1213078,13,0,1,10,0,"F",1,250000,146
1213693,13,0,1,9,0,"F",1,162500,147
1216811,13,1,1,10,1,"F",1,162500,148
1217376,13,1,1,19,3,"F",1,137500,149
1217401,13,0,1,11,1,"F",0,62500,150
1221162,13,0,0,10,0,"F",1,62500,151
1222034,13,0,1,11,1,"M",1,87500,152
1222561,13,0,0,12,0,"F",1,62500,153
1224353,13,0,1,13,0,"F",1,87500,154
1224379,13,0,0,11,0,"F",1,162500,155
1225029,13,0,0,9,0,"F",1,62500,156
1225288,13,1,0,12,1,"F",1,112500,157
1225581,13,0,1,9,0,"F",1,30000,158
1226932,13,0,0,11,0,"F",1,87500,159
1226943,13,0,1,21,1,"F",1,162500,160
1227191,13,0,1,13,0,"F",1,112500,161
1227743,13,0,1,18,0,"F",0,62500,162
1228628,13,0,0,7,0,"F",1,62500,163
1228793,13,0,1,18,1,"F",0,87500,164
1229147,13,0,1,12,0,"F",1,87500,165
1229564,13,1,1,15,2,"F",1,62500,166
1229612,13,0,1,11,0,"M",1,187500,167
1229771,13,0,2,20,0,"F",1,87500,168
1229884,13,0,0,7,0,"F",1,112500,169
1230105,13,0,1,15,1,"F",1,137500,170
1230445,13,0,1,9,0,"F",1,62500,171
1230648,13,0,1,12,0,"F",1,87500,172
1230860,13,0,0,12,0,"F",1,62500,173
1231637,13,0,1,7,0,"F",1,112500,174
1233436,13,0,1,17,0,"F",0,162500,175
1233553,13,0,1,12,0,"F",1,112500,176
1234916,13,0,1,18,1,"M",1,62500,177
1237257,13,0,1,10,1,"F",1,62500,178
1237667,13,0,0,9,0,"F",1,87500,179
1238108,13,0,0,8,0,"F",1,42500,180
1238707,13,0,0,10,0,"F",1,62500,181
1238904,13,0,1,11,1,"M",1,87500,182
1239286,13,0,0,6,0,"F",1,250000,183
1239623,13,0,1,9,0,"F",0,42500,184
1239849,13,0,0,5,0,"F",1,112500,185
1239936,13,0,0,1,0,"F",0,7500,186
1240102,13,1,0,12,2,"F",0,62500,187
1241439,13,0,0,16,1,"F",1,112500,188
1241595,13,1,1,20,1,"F",1,62500,189
1241711,13,0,1,14,0,"F",1,87500,190
1242022,13,0,0,8,0,"F",1,62500,191
1242223,13,0,1,14,0,"M",1,137500,192
1242542,13,0,0,7,0,"M",1,137500,193
1243937,13,0,1,15,0,"F",1,87500,194
1244277,13,0,1,3,0,"F",0,112500,195
1245286,13,0,1,5,0,"F",1,62500,196
1246704,13,1,1,16,3,"F",1,87500,197
1247392,13,1,0,11,2,"F",1,87500,198
1248826,13,1,1,15,4,"F",1,87500,199
1249794,13,0,0,9,2,"F",0,137500,200
1250074,13,0,1,12,0,"F",0,87500,201
1250242,13,0,0,6,1,"F",0,250000,202
1250577,13,0,1,10,1,"F",1,62500,203
1250585,13,0,1,15,1,"F",1,187500,204
1250879,13,0,0,11,0,"F",1,137500,205
1250899,13,0,1,11,0,"M",1,112500,206
1251138,13,0,0,8,1,"M",1,137500,207
1251550,13,1,1,12,1,"F",1,62500,208
1251623,13,0,0,10,0,"F",1,7500,209
1251804,13,0,1,5,0,"F",0,137500,210
1251816,13,0,1,13,1,"F",1,137500,211
1252257,13,0,1,11,0,"F",0,87500,212
1252297,13,0,0,15,1,"M",1,62500,213
1252403,13,0,1,16,0,"M",1,62500,214
1252534,13,0,1,11,3,"F",1,187500,215
1252759,13,0,1,14,0,"F",1,137500,216
1252878,13,0,1,14,0,"F",1,137500,217
1254168,13,1,1,14,1,"F",1,62500,218
1254684,13,0,1,13,1,"M",1,112500,219
1258925,13,0,1,11,0,"F",1,42500,220
1259640,13,0,0,7,0,"M",1,87500,221
1259672,13,0,1,15,0,"F",1,62500,222
1259740,13,1,1,13,1,"F",1,30000,223
1262332,13,0,1,14,0,"F",1,87500,224
1262373,13,1,1,15,1,"F",1,250000,225
1262926,13,0,0,6,0,"F",1,62500,226
1263058,13,0,0,7,0,"F",0,137500,227
1263919,13,0,1,9,0,"M",0,30000,228
1264065,13,0,1,14,0,"F",1,187500,229
1264317,13,0,1,10,2,"F",1,187500,230
1264505,13,0,0,8,1,"F",1,87500,231
1264703,13,0,1,12,0,"F",0,30000,232
1265443,13,1,1,18,1,"F",0,20000,233
1265755,13,0,1,14,0,"F",1,112500,234
1265835,13,0,1,8,0,"F",1,112500,235
1265892,13,0,1,12,1,"F",0,187500,236
1266201,13,0,0,2,0,"F",1,187500,237
1268413,13,0,1,13,0,"F",1,62500,238
1269756,13,0,1,11,0,"F",1,62500,239
1269824,13,0,0,9,0,"M",0,30000,240
1273931,13,1,1,10,1,"F",1,20000,241
1275308,13,0,1,14,1,"M",1,87500,242
1275698,13,0,0,10,0,"F",1,87500,243
1275888,13,0,0,6,0,"F",1,137500,244
1276784,13,0,1,7,2,"F",0,20000,245
1277335,13,0,0,8,0,"F",1,42500,246
1279299,13,0,0,9,0,"M",1,87500,247
1279847,13,0,1,10,1,"F",1,42500,248
1280469,13,1,1,11,1,"F",0,7500,249
1281674,13,0,1,13,0,"F",0,137500,250
1285561,13,0,1,17,0,"F",1,250000,251
1286058,13,0,1,10,0,"F",1,250000,252
1286676,13,0,1,16,0,"M",1,225000,253
1287337,13,0,1,13,2,"F",0,62500,254
1288054,13,0,1,14,0,"F",1,42500,255
1288246,13,0,1,8,0,"F",0,62500,256
1288502,13,0,1,11,1,"M",0,137500,257
1288666,13,0,1,10,0,"F",1,62500,258
1288675,13,0,0,10,0,"F",1,20000,259
1288774,13,1,1,15,2,"F",1,187500,260
1288902,13,1,1,13,1,"F",1,87500,261
1289229,13,0,0,7,0,"F",0,112500,262
1290077,13,0,0,14,0,"F",1,87500,263
1290515,13,0,0,5,1,"F",0,87500,264
1290723,13,0,1,10,0,"F",0,30000,265
1291318,13,0,1,7,2,"F",1,42500,266
1291608,13,0,1,10,0,"F",0,30000,267
1292847,13,0,2,23,0,"F",1,42500,268
1293296,13,0,1,12,0,"F",1,30000,269
1293595,13,0,1,10,0,"F",1,62500,270
1293939,13,0,1,13,1,"F",1,250000,271
1294157,13,0,1,12,0,"F",1,62500,272
1294200,13,0,1,12,1,"F",1,62500,273
1294399,13,0,0,11,0,"F",0,30000,274
1294837,13,0,1,15,2,"F",0,62500,275
1297008,13,0,1,9,0,"F",0,7500,276
1297323,13,0,0,7,0,"F",0,7500,277
1297452,13,0,1,11,1,"M",1,87500,278
1297615,13,0,1,9,0,"F",0,20000,279
1297678,13,0,1,11,0,"M",1,62500,280
1298036,13,0,0,6,2,"F",0,7500,281
1298136,13,0,1,15,0,"M",0,30000,282
1298614,13,0,1,19,0,"F",1,62500,283
1300363,13,0,1,10,0,"M",1,42500,284
1300457,13,0,0,8,2,"M",1,42500,285
1301237,13,0,1,8,0,"F",1,20000,286
1301332,13,1,1,16,1,"M",1,42500,287
1301620,13,2,0,7,2,"F",1,87500,288
1302173,13,1,1,12,2,"F",1,225000,289
1302216,13,0,0,7,0,"F",1,62500,290
1302375,13,0,1,10,0,"F",1,87500,291
1303092,13,0,1,12,0,"F",1,62500,292
1303908,13,0,1,11,1,"M",1,87500,293
1304518,13,0,1,12,0,"F",1,87500,294
1304751,13,0,1,11,1,"F",0,30000,295
1306505,13,0,1,15,0,"F",0,62500,296
1307675,13,0,1,20,0,"F",1,62500,297
1307821,13,0,1,13,1,"M",1,42500,298
1310138,13,1,0,14,1,"F",1,62500,299
1310269,13,0,1,12,0,"F",0,112500,300
1311143,13,2,0,10,2,"M",0,62500,301
1311172,13,0,0,9,0,"M",1,137500,302
1311388,13,0,1,12,0,"M",0,20000,303
1312227,13,0,0,8,0,"F",0,62500,304
1313291,13,0,0,13,1,"F",1,162500,305
1313396,13,1,1,13,1,"F",0,30000,306
1313735,13,0,1,12,0,"F",1,20000,307
1313856,13,0,1,14,2,"F",0,20000,308
1314520,13,1,1,11,1,"F",1,62500,309
1314682,13,1,0,3,1,"F",0,20000,310
1314969,13,0,1,9,0,"F",0,87500,311
1315946,13,0,1,12,1,"F",0,62500,312
1317054,13,0,1,12,0,"F",0,7500,313
1317356,13,1,0,10,1,"F",1,62500,314
1318696,13,1,0,13,2,"F",0,62500,315
1318996,13,0,1,21,1,"F",1,62500,316
1319548,13,0,0,9,0,"F",0,20000,317
1319613,13,0,1,15,0,"F",0,137500,318
1319738,13,0,0,6,0,"F",1,137500,319
1320734,13,0,1,14,0,"F",1,20000,320
1320750,13,0,0,8,0,"F",0,7500,321
1322205,13,0,0,18,0,"F",1,62500,322
1322235,13,0,1,12,1,"F",0,62500,323
1322521,13,0,1,11,0,"M",1,42500,324
1322942,13,0,1,16,1,"F",1,87500,325
1323304,13,0,1,18,0,"F",1,162500,326
1323359,13,0,1,14,1,"M",0,187500,327
1323491,13,0,0,9,0,"F",1,250000,328
1323698,13,0,0,11,1,"M",0,250000,329
1323962,13,0,0,15,0,"M",1,62500,330
1324251,13,0,0,9,0,"F",0,20000,331
1324843,13,0,0,9,0,"F",1,87500,332
1325556,13,0,0,3,0,"F",0,20000,333
1327146,13,0,1,12,0,"F",1,162500,334
1328158,13,0,0,10,0,"F",1,62500,335
1328623,13,1,1,11,2,"M",1,30000,336
1328832,13,0,0,10,0,"F",1,187500,337
1329574,13,0,1,14,2,"F",0,42500,338
1330046,13,1,1,15,1,"F",1,112500,339
1330272,13,0,1,12,0,"F",1,137500,340
1330497,13,0,0,8,0,"F",1,162500,341
1331244,13,0,1,12,0,"F",0,30000,342
1331261,13,0,0,6,0,"F",0,7500,343
1331950,13,1,1,17,1,"F",1,62500,344
1333858,13,1,1,10,1,"F",1,112500,345
1335680,13,0,0,5,0,"F",1,62500,346
1335920,13,3,1,18,4,"F",1,42500,347
1335980,13,0,0,8,0,"F",0,20000,348
1336426,13,0,0,9,0,"F",0,20000,349
1336946,13,0,1,10,0,"M",1,20000,350
1338200,13,0,1,13,0,"F",1,162500,351
1338378,13,0,0,10,0,"F",1,225000,352
1339574,13,1,1,16,2,"F",1,42500,353
1339822,13,0,1,11,0,"F",1,112500,354
1340176,13,0,1,9,0,"M",1,42500,355
1340267,13,0,1,10,2,"F",0,42500,356
1341891,13,0,1,8,1,"F",0,62500,357
1342799,13,0,0,7,0,"F",0,62500,358
1343216,13,0,1,6,0,"F",0,187500,359
1344265,13,0,0,7,0,"F",0,87500,360
1344499,13,0,1,13,1,"F",1,87500,361
1344614,13,0,1,17,0,"M",1,225000,362
1345984,13,0,1,20,1,"F",1,112500,363
1346234,13,0,0,8,0,"F",0,162500,364
1347945,13,0,1,14,1,"F",0,112500,365
1348467,13,0,1,12,0,"F",0,87500,366
1348663,13,0,1,13,0,"F",1,62500,367
1348726,13,0,1,10,0,"F",1,62500,368
1349285,13,0,1,14,0,"F",0,42500,369
1349428,13,0,1,11,0,"F",1,87500,370
1349951,13,0,1,8,0,"F",1,20000,371
1350291,13,1,1,15,2,"M",1,87500,372
1350434,13,0,0,6,0,"F",1,162500,373
1351173,13,0,0,6,0,"F",0,87500,374
1351468,13,0,1,12,0,"F",1,7500,375
1351509,13,0,0,8,1,"F",1,62500,376
1351586,13,0,1,10,0,"F",1,162500,377
1351796,13,0,1,16,0,"F",1,7500,378
1352046,13,0,0,12,1,"F",1,87500,379
1352301,13,0,0,7,0,"F",1,42500,380
1352756,13,0,1,13,0,"F",1,62500,381
1352986,13,0,1,12,0,"F",1,42500,382
1353809,13,0,1,20,2,"F",1,112500,383
1353961,13,0,1,15,1,"F",0,20000,384
1354452,13,0,1,11,0,"F",1,62500,385
1354598,13,0,1,9,0,"F",0,42500,386
1354602,13,0,1,15,1,"M",1,62500,387
1354673,13,0,1,12,0,"F",0,7500,388
1355604,13,0,0,10,0,"M",1,7500,389
1356206,13,0,0,11,0,"F",1,62500,390
1358021,13,0,1,12,0,"F",1,112500,391
1358933,13,1,1,13,1,"F",0,112500,392
1361465,13,0,1,7,1,"F",0,137500,393
1362107,13,1,0,3,1,"M",1,162500,394
1363023,13,1,1,13,1,"F",1,30000,395
1363370,13,0,0,11,1,"M",1,62500,396
1364059,13,1,1,14,1,"M",1,112500,397
1366217,13,0,0,8,0,"M",0,112500,398
1366244,13,0,0,8,0,"F",0,112500,399
1367411,13,1,1,12,2,"F",1,20000,400
1367420,13,0,2,21,0,"F",1,162500,401
1368140,13,0,1,10,0,"F",1,62500,402
1368385,13,0,0,8,0,"M",1,162500,403
1369918,13,0,1,10,0,"F",1,87500,404
1372221,13,0,1,4,0,"F",1,7500,405
1372333,13,0,0,8,0,"F",1,62500,406
1374105,13,0,0,13,0,"F",0,7500,407
1374132,13,1,0,14,1,"M",1,62500,408
1374680,13,0,1,9,0,"F",1,62500,409
1375113,13,0,0,14,0,"F",1,87500,410
1376245,13,0,1,2,0,"F",0,62500,411
1377492,13,0,1,14,0,"F",1,137500,412
1377719,13,1,0,10,2,"F",1,137500,413
1378071,13,0,1,13,0,"F",0,62500,414
1378409,13,0,1,15,0,"F",1,62500,415
1380721,13,2,0,3,2,"F",1,42500,416
1381136,13,1,0,10,1,"F",1,62500,417
1381384,13,0,1,15,0,"F",1,162500,418
1381552,13,0,1,14,2,"M",1,87500,419
1381639,13,0,1,15,1,"F",1,225000,420
1381711,13,0,1,9,0,"F",1,87500,421
1382137,13,0,0,13,0,"F",1,112500,422
1382624,13,0,1,14,0,"F",1,62500,423
1382975,13,0,1,16,0,"F",1,112500,424
1384230,13,0,1,10,0,"F",1,137500,425
1384341,13,0,1,11,1,"F",0,137500,426
1385468,13,0,0,4,1,"F",1,250000,427
1385831,13,0,1,9,1,"F",1,42500,428
1386066,13,0,0,2,0,"F",1,112500,429
1386120,13,0,1,9,0,"F",1,42500,430
1387428,13,0,1,11,0,"F",0,62500,431
1387588,13,0,1,12,2,"F",1,42500,432
1388210,13,0,1,12,0,"M",1,62500,433
1388355,13,0,0,7,0,"F",1,62500,434
1388513,13,0,1,8,0,"F",1,162500,435
1388833,13,1,1,17,1,"F",0,42500,436
1389030,13,0,1,12,1,"F",1,62500,437
1389384,13,1,0,12,3,"F",0,42500,438
1389406,13,0,1,12,0,"F",1,87500,439
1389477,13,0,1,16,0,"F",1,62500,440
1390351,13,0,1,12,0,"M",1,162500,441
1392387,13,0,1,11,0,"F",0,87500,442
1393255,13,0,1,9,0,"F",1,87500,443
1393466,13,1,0,9,1,"M",1,87500,444
1393929,13,0,1,13,0,"F",1,225000,445
1394027,13,0,0,8,0,"F",1,162500,446
1395064,13,4,1,16,6,"F",1,162500,447
1395309,13,0,1,8,0,"F",0,42500,448
1395394,13,0,1,10,0,"F",0,7500,449
1396474,13,0,0,2,0,"F",1,62500,450
1396597,13,0,0,11,0,"F",1,87500,451
1396618,13,0,1,13,0,"F",1,87500,452
1396830,13,0,1,9,0,"F",1,87500,453
1397814,13,1,0,13,1,"M",1,137500,454
1398493,13,0,0,4,0,"F",1,87500,455
1398606,13,1,0,11,1,"M",1,20000,456
1399233,13,0,0,8,0,"F",0,42500,457
1399269,13,1,1,13,1,"F",1,62500,458
1399329,13,0,1,21,2,"F",1,112500,459
1401246,13,0,0,3,1,"F",1,42500,460
1401458,13,0,0,7,0,"F",1,62500,461
1403021,13,0,0,5,0,"F",1,112500,462
1403631,13,0,1,11,0,"F",1,62500,463
1403972,13,1,1,26,3,"F",1,162500,464
1404355,13,0,1,13,0,"F",1,87500,465
1404418,13,1,0,9,1,"F",1,42500,466
1404842,13,0,0,9,0,"M",1,112500,467
1405544,13,0,1,12,1,"F",0,20000,468
1406907,13,0,1,9,0,"F",1,87500,469
1408575,13,0,0,8,0,"M",0,30000,470
1410385,13,2,1,16,4,"F",1,162500,471
1411418,13,0,0,9,0,"M",1,87500,472
1412397,13,2,0,8,2,"M",1,42500,473
1412511,13,0,0,3,0,"F",1,42500,474
1412646,13,0,1,24,1,"F",1,162500,475
1413182,13,1,1,12,1,"F",1,112500,476
1413837,13,0,1,8,0,"F",1,225000,477
1413925,13,0,1,13,0,"F",0,62500,478
1414361,13,0,0,8,0,"F",1,112500,479
1414857,13,1,1,13,1,"M",1,162500,480
1414873,13,0,1,6,0,"F",1,112500,481
1415098,13,1,1,18,3,"F",0,87500,482
1415320,13,1,1,14,1,"F",1,162500,483
1416429,13,1,1,22,1,"F",1,87500,484
1416731,13,0,0,6,0,"F",1,162500,485
1416940,13,1,1,16,2,"F",0,137500,486
1417159,13,0,0,6,0,"M",0,20000,487
1417523,13,0,0,2,0,"F",1,187500,488
1418358,13,0,1,15,0,"F",0,112500,489
1418818,13,1,1,11,1,"F",1,87500,490
1419071,13,0,0,12,0,"M",1,87500,491
1419406,13,0,1,12,0,"F",1,62500,492
1419467,13,0,0,10,1,"F",1,162500,493
1419627,13,0,0,11,0,"M",1,87500,494
1419833,13,0,1,11,0,"F",1,225000,495
1420095,13,0,0,3,0,"M",1,187500,496
1420139,13,0,1,14,0,"F",1,112500,497
1420150,13,0,1,11,0,"F",0,7500,498
1420458,13,0,1,13,0,"M",1,20000,499
1420461,13,0,1,9,0,"F",1,62500,500
1420462,13,1,1,15,3,"F",1,162500,501
1420478,13,0,1,10,0,"F",1,42500,502
1420505,13,0,0,7,0,"F",0,7500,503
1420957,13,0,0,4,0,"F",1,225000,504
1420990,13,0,1,12,0,"F",0,87500,505
1421112,13,0,0,7,1,"F",0,87500,506
1421265,13,0,0,16,0,"F",0,137500,507
1421359,13,0,0,8,0,"F",0,7500,508
1422155,13,0,1,13,1,"F",1,187500,509
1422249,13,0,0,2,0,"M",0,62500,510
1424297,13,0,0,3,0,"M",1,20000,511
1424626,13,0,1,14,0,"F",0,112500,512
1425960,13,1,1,9,1,"F",0,20000,513
1426165,13,0,1,13,0,"F",0,112500,514
1426230,13,0,0,10,1,"F",0,7500,515
1426266,13,0,1,13,1,"F",1,112500,516
1426799,13,0,0,11,0,"F",1,87500,517
1427258,13,0,1,8,0,"F",0,62500,518
1427579,13,0,1,5,0,"F",1,87500,519
1427915,13,0,0,7,0,"F",0,62500,520
1428277,13,0,0,9,1,"M",1,112500,521
1429936,13,0,1,16,1,"F",1,187500,522
1430214,13,0,1,10,0,"M",0,112500,523
1430754,13,0,0,6,0,"M",1,187500,524
1431104,13,0,0,13,1,"F",0,250000,525
1431118,13,0,0,9,0,"F",1,62500,526
1431340,13,1,1,14,1,"F",0,87500,527
1431513,13,0,1,9,0,"F",1,62500,528
1431697,13,0,0,7,1,"F",1,87500,529
1431949,13,1,1,13,1,"F",1,42500,530
1432387,13,0,1,14,0,"F",0,162500,531
1432724,13,0,1,10,0,"F",1,20000,532
1432840,13,0,1,14,2,"F",1,20000,533
1432998,13,0,0,12,1,"F",1,62500,534
1433194,13,0,0,17,0,"F",1,42500,535
1433587,13,0,0,11,0,"M",1,87500,536
1434275,13,0,1,17,1,"F",1,20000,537
1434712,13,0,0,5,0,"F",1,42500,538
1435022,13,0,0,4,0,"F",1,187500,539
1435557,13,0,0,1,1,"M",1,62500,540
1435794,13,0,1,10,0,"F",0,87500,541
1435996,13,0,0,10,0,"F",1,112500,542
1436928,13,0,0,12,0,"F",1,112500,543
1437747,13,0,1,8,0,"F",1,137500,544
1437857,13,0,1,17,0,"M",1,62500,545
1437869,13,0,1,14,1,"F",1,187500,546
1437899,13,0,1,14,2,"F",1,137500,547
1438760,13,1,1,16,3,"F",1,137500,548
1438884,13,0,1,13,1,"M",1,87500,549
1439629,13,0,1,15,0,"F",1,7500,550
1439689,13,1,0,8,1,"F",1,112500,551
1439713,13,1,1,14,3,"F",1,62500,552
1440356,13,0,0,4,0,"M",1,250000,553
1441053,13,0,1,13,0,"M",1,30000,554
1441466,13,0,1,13,0,"F",1,250000,555
1442287,13,1,1,13,1,"F",0,187500,556
1442704,13,0,1,11,1,"F",1,87500,557
1443687,13,0,1,10,0,"F",0,87500,558
1443964,13,0,1,8,0,"F",1,250000,559
1444485,13,0,1,13,0,"F",1,112500,560
1445100,13,1,1,19,4,"F",1,87500,561
1446288,13,1,1,21,1,"F",0,62500,562
1447092,13,0,0,9,0,"M",1,42500,563
1447298,13,0,1,15,1,"F",1,62500,564
1448763,13,0,0,5,0,"F",0,62500,565
1448901,13,0,0,7,1,"F",0,62500,566
1449431,13,0,0,10,0,"F",1,137500,567
1450170,13,1,0,23,1,"F",0,62500,568
1450180,13,0,1,9,0,"M",1,62500,569
1450746,13,1,1,13,2,"F",1,7500,570
1450805,13,2,0,9,2,"M",1,225000,571
1450890,13,0,1,14,2,"F",1,225000,572
1451275,13,0,0,8,0,"M",1,62500,573
1451865,13,1,0,9,2,"F",1,225000,574
1452879,13,2,1,14,3,"F",1,137500,575
1454110,13,0,0,11,0,"F",1,62500,576
1454343,13,0,1,13,1,"M",0,30000,577
1454425,13,0,0,13,0,"F",1,112500,578
1454661,13,0,1,12,0,"F",1,87500,579
1455466,13,0,1,15,0,"F",1,87500,580
1455615,13,0,0,5,0,"F",1,7500,581
1455721,13,1,1,7,1,"M",1,87500,582
1455906,13,0,1,14,1,"F",1,250000,583
1456029,13,0,1,13,0,"F",1,42500,584
1456155,13,0,1,13,0,"F",1,250000,585
1456186,13,0,1,8,0,"F",1,20000,586
1456531,13,1,1,12,3,"F",1,187500,587
1456609,13,0,0,6,0,"F",1,62500,588
1456628,13,0,1,15,1,"F",1,250000,589
1456919,13,0,0,10,0,"F",1,30000,590
1457625,13,0,1,11,0,"F",1,112500,591
1457777,13,0,1,10,1,"F",1,62500,592
1457830,13,0,0,10,0,"F",1,112500,593
1457984,13,0,1,13,1,"F",1,112500,594
1458214,13,0,1,12,1,"F",1,225000,595
1460277,13,0,0,7,1,"F",1,62500,596
1460380,13,0,1,12,1,"F",0,42500,597
1460953,13,1,1,15,2,"F",0,250000,598
1461151,13,0,0,3,0,"F",1,87500,599
1461397,13,0,1,13,0,"F",1,137500,600
1462847,13,1,1,13,1,"F",1,162500,601
1462878,13,0,1,13,2,"F",1,7500,602
1463072,13,0,1,8,0,"F",1,87500,603
1464188,13,0,0,1,0,"F",1,137500,604
1464264,13,0,1,13,0,"M",1,112500,605
1464335,13,0,1,19,1,"F",1,187500,606
1464618,13,0,1,9,0,"F",1,112500,607
1465220,13,0,1,15,0,"F",1,137500,608
1466204,13,0,1,12,0,"F",1,87500,609
1466494,13,0,0,4,1,"M",1,20000,610
1466816,13,0,1,18,1,"F",1,137500,611
1466833,13,0,1,13,0,"F",1,87500,612
1466886,13,0,1,14,0,"F",1,137500,613
1466955,13,0,1,14,0,"F",1,250000,614
1467019,13,0,0,9,0,"F",0,137500,615
1467058,13,0,1,16,0,"F",0,20000,616
1467155,13,0,1,10,0,"M",0,62500,617
1467520,13,0,0,15,1,"F",1,250000,618
1467621,13,0,1,12,0,"F",1,62500,619
1468654,13,0,0,6,0,"F",1,87500,620
1468709,13,0,0,9,0,"F",1,30000,621
1468714,13,0,1,12,0,"F",0,112500,622
1468733,13,0,1,14,0,"F",1,62500,623
1468745,13,0,0,11,1,"M",1,62500,624
1469175,13,0,2,21,0,"F",0,87500,625
1469204,13,0,0,11,1,"F",1,112500,626
1469239,13,2,1,12,2,"F",1,112500,627
1469248,13,0,0,9,0,"F",1,112500,628
1469990,13,0,1,15,1,"M",1,187500,629
1470110,13,0,1,12,0,"F",0,62500,630
1470965,13,1,1,13,2,"F",0,62500,631
1471445,13,0,1,11,0,"F",1,162500,632
1471473,13,0,0,10,0,"M",1,62500,633
1471528,13,0,1,12,0,"F",1,112500,634
1471566,13,0,1,9,0,"F",1,30000,635
1471723,13,0,1,13,0,"F",1,187500,636
1471767,13,0,0,10,1,"M",1,87500,637
1471934,13,0,0,6,0,"F",0,112500,638
1472977,13,0,1,10,0,"F",1,87500,639
1474598,13,0,1,16,0,"M",1,87500,640
1475170,13,0,1,13,1,"M",0,87500,641
1477477,13,0,0,1,0,"M",0,112500,642
1478058,13,0,1,10,0,"F",1,87500,643
1478617,13,1,1,11,1,"F",1,225000,644
1479489,13,1,1,12,1,"F",1,62500,645
1480578,13,0,0,6,0,"F",0,62500,646
1481279,13,0,1,12,0,"F",0,162500,647
1481476,13,1,1,17,2,"F",1,7500,648
1482005,13,0,0,8,0,"M",1,62500,649
1482267,13,0,0,10,0,"F",1,225000,650
1482614,13,0,1,10,0,"F",0,87500,651
1482816,13,0,0,9,1,"F",1,62500,652
1483049,13,1,1,15,1,"F",0,20000,653
1484259,13,1,1,12,1,"F",0,7500,654
1484519,13,0,1,13,0,"F",1,42500,655
1484930,13,0,0,7,0,"F",1,162500,656
1486404,13,0,1,12,0,"F",0,42500,657
1487790,13,0,1,12,0,"M",1,187500,658
1488086,13,1,0,9,1,"F",1,112500,659
1489319,13,0,0,8,0,"F",0,42500,660
1490014,13,0,0,8,1,"M",1,62500,661
1491416,13,0,1,18,3,"F",0,112500,662
1491563,13,0,0,6,1,"M",1,162500,663
1492025,13,0,1,14,0,"F",1,62500,664
1492036,13,0,1,12,0,"F",1,87500,665
1493569,13,0,0,9,0,"F",1,112500,666
1498287,13,0,1,16,0,"F",1,162500,667
1498483,13,0,0,7,0,"F",1,62500,668
1498656,13,0,0,10,0,"M",1,137500,669
1501397,13,0,1,13,0,"M",1,112500,670
1501443,13,0,0,11,1,"F",0,7500,671
1501825,13,2,1,13,2,"F",1,225000,672
1501848,13,0,0,5,0,"F",1,112500,673
1501917,13,0,0,10,1,"F",1,137500,674
1502135,13,0,1,9,0,"F",1,87500,675
1502146,13,0,1,11,0,"F",1,62500,676
1502599,13,0,1,12,1,"F",1,187500,677
1504289,13,0,0,8,1,"F",1,137500,678
1507421,13,0,0,3,0,"F",0,20000,679
1509331,13,1,0,17,3,"M",1,62500,680
1509782,13,0,0,4,0,"F",1,62500,681
1509874,13,0,1,4,0,"F",1,42500,682
1511973,13,0,0,9,1,"M",0,7500,683
1512249,13,0,1,11,0,"F",1,187500,684
1512656,13,0,1,11,1,"F",1,187500,685
1513530,13,1,1,13,1,"F",1,62500,686
1513806,13,0,0,8,0,"F",1,62500,687
1514087,13,0,0,8,0,"F",0,112500,688
1514098,13,0,1,9,0,"F",1,187500,689
1514327,13,0,0,13,1,"F",0,87500,690
1514351,13,1,1,12,1,"M",1,187500,691
1514819,13,0,0,13,0,"F",1,30000,692
1516894,13,0,0,11,1,"M",1,250000,693
1518132,13,0,1,12,0,"F",0,62500,694
1518564,13,0,0,7,0,"F",1,112500,695
1519598,13,0,1,12,1,"F",1,187500,696
1520012,13,0,0,6,0,"F",1,187500,697
1520720,13,0,1,12,0,"F",1,62500,698
1522154,13,0,1,14,0,"F",1,137500,699
1522471,13,0,1,7,0,"M",1,162500,700
1523997,13,0,1,11,0,"F",1,225000,701
1524038,13,0,1,12,0,"F",1,250000,702
1524967,13,1,1,2,1,"F",1,250000,703
1525049,13,0,1,13,0,"F",1,187500,704
1525556,13,0,1,16,1,"M",1,162500,705
1526044,13,0,0,6,1,"M",1,87500,706
1526280,13,0,0,12,2,"M",1,20000,707
1526638,13,0,0,9,0,"F",1,225000,708
1527800,13,0,0,4,0,"F",1,137500,709
1527932,13,0,0,12,0,"F",1,187500,710
1527966,13,3,0,10,6,"F",1,250000,711
1528038,13,0,0,12,0,"M",1,225000,712
1528103,13,1,1,18,5,"F",1,225000,713
1528515,13,0,1,2,0,"F",0,225000,714
1529646,13,0,1,13,0,"F",1,225000,715
1530199,13,0,0,7,0,"M",1,62500,716
1530200,13,0,1,15,0,"F",1,137500,717
1530561,13,0,1,10,0,"F",1,42500,718
1530887,13,0,1,16,1,"F",1,87500,719
1531800,13,0,1,14,1,"F",0,62500,720
1531915,13,0,0,6,0,"F",1,250000,721
1531924,13,1,1,15,1,"F",0,225000,722
1531984,13,0,1,12,0,"F",0,42500,723
1532052,13,0,1,11,1,"M",1,87500,724
1532113,13,0,1,16,1,"F",1,87500,725
1532334,13,0,1,9,0,"F",1,225000,726
1532420,13,0,0,3,0,"F",1,30000,727
1532431,13,0,1,8,0,"F",0,20000,728
1532738,13,0,1,17,1,"F",1,225000,729
1532841,13,0,1,11,0,"F",1,42500,730
1533843,13,0,1,9,0,"F",1,42500,731
1533874,13,0,1,13,0,"F",1,137500,732
1533971,13,0,1,12,0,"F",1,137500,733
1534792,13,0,1,11,0,"F",1,187500,734
1535057,13,0,1,10,0,"F",1,137500,735
1535333,13,1,1,17,1,"M",1,87500,736
1535547,13,0,1,10,0,"F",1,187500,737
1535701,13,0,1,15,0,"M",1,62500,738
1535732,13,0,1,14,0,"F",1,187500,739
1535755,13,1,0,12,1,"F",1,112500,740
1536000,13,0,1,6,0,"F",1,187500,741
1536405,13,0,1,13,0,"F",1,62500,742
1536527,13,0,0,5,0,"F",1,225000,743
1536579,13,0,0,7,0,"F",1,187500,744
1537347,13,0,1,12,0,"F",1,225000,745
1537995,13,0,1,2,0,"F",0,62500,746
1538175,13,2,1,16,3,"F",1,250000,747
1538662,13,0,1,14,2,"F",1,112500,748
1538919,13,0,0,9,0,"F",1,250000,749
1539494,13,0,1,12,0,"F",1,250000,750
1539570,13,0,0,12,0,"F",1,87500,751
1540059,13,0,1,15,0,"M",1,87500,752
1540194,13,0,1,4,1,"F",1,187500,753
1540364,13,0,1,12,1,"F",1,7500,754
1540829,13,0,1,15,1,"F",1,187500,755
1540910,13,0,1,22,2,"F",1,137500,756
1540936,13,0,1,16,0,"F",1,62500,757
1541156,13,0,1,14,0,"F",1,7500,758
1541593,13,0,1,12,0,"F",1,250000,759
1541662,13,0,1,13,0,"F",1,112500,760
1541734,13,0,1,16,1,"F",1,137500,761
1541834,13,0,0,7,0,"F",1,250000,762
1541894,13,0,1,6,0,"F",0,42500,763
1542247,13,0,0,11,1,"F",1,225000,764
1542523,13,0,1,14,1,"F",1,187500,765
1542740,13,0,1,13,0,"F",0,30000,766
1543012,13,2,0,13,2,"M",1,112500,767
1543181,13,0,1,12,1,"M",1,250000,768
1543552,13,0,1,12,1,"F",0,112500,769
1543563,13,0,1,13,0,"F",1,250000,770
1543633,13,0,1,13,1,"F",1,112500,771
1544590,13,0,1,11,0,"F",0,187500,772
1544693,13,0,1,12,3,"F",1,250000,773
1545273,13,0,1,13,0,"F",0,137500,774
1545322,13,0,1,10,0,"M",1,250000,775
1546709,13,0,1,13,2,"F",1,250000,776
1546922,13,0,1,12,0,"M",1,137500,777
1546932,13,0,1,11,1,"F",0,112500,778
1546959,13,0,1,13,0,"F",1,187500,779
1546989,13,0,1,14,1,"M",1,225000,780
1547464,13,0,1,11,0,"F",1,87500,781
1547476,13,0,0,11,1,"F",0,225000,782
1547622,13,1,1,14,1,"F",1,187500,783
1547752,13,0,0,9,0,"F",1,112500,784
1547850,13,1,0,8,1,"F",1,20000,785
1548040,13,0,0,5,0,"F",0,112500,786
1548129,13,0,1,11,0,"F",1,112500,787
1548209,13,0,1,9,0,"F",1,20000,788
1548503,13,2,1,12,2,"F",1,62500,789
1548540,13,0,1,12,0,"F",1,87500,790
1548673,13,0,1,13,0,"F",1,112500,791
1549599,13,0,1,11,1,"M",1,187500,792
1550040,13,0,1,17,1,"M",1,20000,793
1550161,13,0,1,16,1,"F",1,62500,794
1550456,13,0,1,12,0,"F",1,225000,795
1550894,13,1,1,10,1,"F",1,87500,796
1551030,13,0,1,6,0,"F",1,225000,797
1551330,13,0,0,3,0,"M",1,87500,798
1551510,13,1,0,8,1,"F",1,162500,799
1551891,13,0,1,11,0,"F",1,187500,800
1552409,13,0,1,10,0,"M",1,137500,801
1552458,13,0,1,10,0,"F",1,62500,802
1552507,13,0,0,12,0,"F",1,137500,803
1552803,13,0,1,16,2,"F",1,225000,804
1552831,13,0,0,11,0,"M",1,112500,805
1553098,13,0,1,8,0,"F",1,87500,806
1553185,13,0,1,10,0,"F",1,187500,807
1553615,13,0,1,13,0,"F",1,187500,808
1553840,13,0,1,15,0,"M",1,20000,809
1553857,13,0,0,3,0,"M",1,87500,810
1553951,13,0,1,10,1,"F",1,225000,811
1554033,13,0,0,8,0,"F",1,62500,812
1554034,13,0,1,11,0,"F",1,162500,813
1554062,13,0,0,2,0,"F",1,87500,814
1554533,13,0,1,10,0,"F",1,62500,815
1554853,13,0,0,6,0,"M",1,42500,816
1554983,13,0,0,9,1,"M",1,87500,817
1555310,13,0,1,14,0,"F",1,187500,818
1555529,13,0,1,15,2,"M",1,225000,819
1555776,13,0,1,13,0,"F",1,20000,820
1555876,13,0,0,6,0,"F",0,112500,821
1556592,13,0,0,12,1,"F",1,62500,822
1556634,13,0,0,7,0,"M",0,87500,823
1556652,13,0,1,13,1,"F",1,42500,824
1557407,13,0,0,1,0,"F",1,162500,825
1557751,13,0,1,12,0,"F",1,162500,826
1558181,13,0,1,8,0,"F",0,62500,827
1558593,13,0,1,17,0,"F",1,137500,828
1559861,13,0,1,10,1,"F",0,20000,829
1560624,13,1,1,8,1,"F",1,62500,830
1561366,13,0,1,12,0,"F",1,62500,831
1561573,13,0,0,7,1,"F",1,137500,832
1563321,13,0,0,8,0,"F",1,187500,833
1563505,13,0,0,9,0,"M",0,62500,834
1563807,13,1,1,14,2,"F",0,112500,835
1564353,13,0,1,16,1,"F",1,137500,836
1564381,13,0,1,11,0,"F",1,42500,837
1564432,13,3,1,11,3,"F",1,20000,838
1564440,13,0,1,9,0,"F",1,62500,839
1564588,13,0,0,4,0,"F",1,162500,840
1565437,13,0,1,12,0,"F",1,87500,841
1565459,13,0,1,13,0,"F",1,162500,842
1565552,13,0,0,7,0,"F",1,187500,843
1565565,13,0,1,8,0,"M",0,112500,844
1565621,13,0,1,9,0,"F",1,42500,845
1566766,13,0,1,10,1,"F",1,62500,846
1566910,13,0,0,5,0,"M",0,42500,847
1567216,13,0,1,19,0,"F",1,112500,848
1567225,13,0,1,12,0,"F",1,42500,849
1567585,13,0,0,13,0,"M",0,87500,850
1568736,13,0,0,11,0,"F",1,137500,851
1569143,13,0,1,16,1,"F",1,87500,852
1569250,13,0,0,9,0,"M",0,7500,853
1570352,13,1,1,11,1,"F",1,62500,854
1570791,13,0,1,8,0,"F",1,112500,855
1571168,13,0,1,14,1,"F",1,42500,856
1571704,13,1,1,16,1,"F",1,42500,857
1572013,13,0,1,10,0,"F",1,87500,858
1572475,13,0,1,16,1,"F",1,87500,859
1572791,13,0,0,4,0,"F",0,137500,860
1572826,13,0,1,11,1,"F",1,87500,861
1572876,13,0,0,7,0,"M",0,20000,862
1573368,13,0,0,11,0,"M",0,62500,863
1573406,13,0,0,6,0,"F",1,87500,864
1573782,13,0,1,10,0,"F",1,112500,865
1573961,13,0,1,14,1,"M",1,62500,866
1574217,13,0,0,10,0,"M",1,187500,867
1574944,13,0,1,15,2,"F",1,87500,868
1575622,13,0,1,10,1,"F",1,137500,869
1575638,13,0,1,11,0,"F",1,87500,870
1575664,13,0,1,8,0,"F",0,20000,871
1576304,13,0,1,10,0,"M",1,250000,872
1576669,13,2,1,21,2,"F",1,112500,873
1576876,13,0,0,8,0,"F",1,137500,874
1576998,13,0,0,6,0,"F",1,250000,875
1577505,13,2,0,11,2,"M",0,20000,876
1577931,13,0,1,14,3,"F",0,112500,877
1580292,13,0,1,12,0,"F",1,250000,878
1580324,13,0,1,13,0,"M",1,87500,879
1580380,13,0,1,13,2,"F",1,187500,880
1580422,13,0,0,2,0,"M",1,225000,881
1580699,13,0,1,9,0,"M",1,30000,882
1581113,13,0,1,10,0,"F",0,112500,883
1581720,13,0,0,5,0,"F",1,250000,884
1582050,13,0,1,14,0,"F",1,137500,885
1582294,13,0,0,9,0,"F",1,250000,886
1582445,13,0,1,11,0,"F",1,137500,887
1582970,13,0,0,2,0,"F",1,187500,888
1583212,13,1,0,10,1,"F",1,250000,889
1583903,13,0,1,12,2,"F",1,250000,890
1583918,13,0,0,11,1,"F",0,162500,891
1584353,13,0,1,10,0,"F",0,87500,892
1584557,13,0,0,9,2,"F",1,62500,893
1584736,13,0,1,11,0,"F",0,87500,894
1584822,13,0,1,12,0,"F",1,62500,895
1585152,13,0,1,16,0,"F",1,30000,896
1586387,13,0,1,15,1,"F",1,187500,897
1586988,13,0,1,12,1,"F",1,87500,898
1587401,13,0,1,16,0,"F",1,87500,899
1587615,13,0,1,13,3,"F",1,30000,900
1587812,13,0,0,7,1,"F",1,225000,901
1588035,13,0,0,7,0,"F",1,112500,902
1588596,13,0,0,14,1,"M",1,137500,903
1588827,13,0,0,1,0,"M",1,137500,904
1588865,13,1,0,7,1,"M",1,112500,905
1589682,13,0,1,16,0,"F",1,250000,906
1589774,13,0,0,10,1,"M",1,62500,907
1590492,13,0,1,10,0,"M",1,250000,908
1590674,13,0,1,14,1,"F",1,20000,909
1590711,13,1,1,11,1,"F",1,187500,910
1590921,13,0,1,20,0,"F",1,250000,911
1590969,13,0,1,8,0,"F",0,42500,912
1591056,13,0,0,2,0,"F",1,225000,913
1591165,13,0,0,2,0,"F",1,250000,914
1591251,13,0,1,10,1,"F",0,87500,915
1591366,13,0,1,15,0,"M",1,250000,916
1591670,13,0,0,18,0,"M",1,137500,917
1591722,13,0,0,8,0,"F",0,62500,918
1591917,13,0,1,9,0,"F",1,187500,919
1591990,13,0,0,4,0,"M",0,42500,920
1592216,13,0,1,9,0,"F",1,62500,921
1592278,13,0,0,13,0,"F",1,187500,922
1592293,13,0,1,13,2,"F",1,112500,923
1592707,13,0,1,15,1,"F",1,250000,924
1592744,13,0,1,14,1,"F",0,112500,925
1592908,13,1,1,13,3,"F",1,87500,926
1593038,13,0,1,10,1,"F",1,112500,927
1593301,13,1,1,13,2,"M",1,62500,928
1593487,13,1,1,15,4,"M",1,87500,929
1593651,13,0,0,7,0,"F",1,42500,930
1593813,13,0,1,14,3,"F",0,20000,931
1594152,13,0,1,9,0,"F",1,87500,932
1594307,13,0,1,10,0,"F",0,87500,933
1594407,13,0,1,12,1,"F",1,187500,934
1594775,13,0,1,11,0,"F",1,42500,935
1596452,13,0,1,14,0,"F",1,112500,936
1596829,13,0,0,10,2,"M",1,112500,937
1597491,13,1,1,15,1,"F",1,42500,938
1598463,13,0,1,17,1,"F",1,62500,939
1598633,13,2,1,16,2,"F",1,112500,940
1598919,13,0,0,4,0,"F",0,62500,941
1599722,13,0,1,11,0,"M",1,42500,942
1599748,13,1,1,14,3,"F",0,7500,943
1601262,13,0,1,11,0,"F",1,62500,944
1601710,13,0,0,8,1,"F",1,87500,945
1601726,13,0,1,10,0,"F",1,87500,946
1602013,13,0,0,4,0,"F",0,42500,947
1602093,13,0,0,3,1,"M",1,42500,948
1602541,13,0,1,11,0,"M",1,112500,949
1603217,13,0,1,11,0,"F",1,62500,950
1603225,13,0,1,10,2,"F",0,225000,951
1603429,13,0,1,16,2,"F",1,62500,952
1604015,13,0,1,9,0,"F",1,62500,953
1604126,13,0,1,12,1,"F",1,112500,954
1604128,13,0,1,12,1,"F",0,187500,955
1604268,13,0,0,2,0,"F",1,62500,956
1604528,13,0,1,15,0,"F",1,112500,957
1605044,13,0,1,16,0,"F",1,225000,958
1605048,13,0,0,3,0,"F",1,187500,959
1605961,13,1,0,10,1,"F",0,112500,960
1608086,13,0,0,8,0,"F",0,112500,961
1608536,13,0,1,14,1,"M",1,87500,962
1608611,13,0,1,10,1,"F",1,62500,963
1608612,13,0,2,14,1,"F",0,20000,964
1608644,13,0,1,11,0,"F",0,250000,965
1609138,13,0,0,2,0,"F",1,112500,966
1609335,13,0,1,13,3,"F",1,87500,967
1609688,13,0,1,12,1,"F",0,42500,968
1609694,13,0,0,10,0,"M",1,42500,969
1609742,13,0,1,13,0,"F",1,20000,970
1610234,13,0,1,14,1,"F",1,42500,971
1610404,13,0,1,14,0,"M",0,62500,972
1611512,13,0,0,4,0,"F",1,30000,973
1611563,13,0,0,6,0,"F",1,250000,974
1612208,13,0,0,16,4,"M",1,187500,975
1612444,13,1,1,16,1,"F",1,250000,976
1612702,13,0,1,17,1,"F",1,137500,977
1612863,13,0,1,15,0,"F",0,42500,978
1612987,13,0,1,24,4,"F",0,187500,979
1613295,13,0,1,21,0,"F",1,7500,980
1613630,13,0,0,10,0,"F",1,137500,981
1613669,13,0,1,10,0,"F",1,225000,982
1613754,13,0,0,9,1,"F",1,250000,983
1613787,13,0,1,11,0,"M",1,187500,984
1614408,13,0,1,6,0,"F",1,225000,985
1614896,13,0,1,11,0,"F",0,112500,986
1614950,13,0,1,12,0,"F",1,62500,987
1614982,13,0,1,14,1,"M",0,62500,988
1615046,13,0,1,10,0,"F",0,42500,989
1615126,13,0,0,6,0,"M",1,112500,990
1616126,13,0,0,2,0,"F",1,112500,991
1616413,13,0,0,5,0,"F",1,42500,992
1617245,13,0,1,14,0,"F",0,30000,993
1617490,13,1,1,12,1,"F",1,187500,994
1617675,13,1,1,11,1,"F",0,87500,995
1617709,13,0,0,3,0,"F",1,62500,996
1618855,13,0,0,4,0,"F",0,62500,997
1619223,13,0,1,14,0,"F",1,20000,998
1620927,13,0,0,10,0,"M",0,112500,999
1620942,13,0,1,11,0,"F",1,20000,1000
117514,14,0,0,7,0,"F",0,42500,1
287398,14,0,0,2,1,"F",0,42500,2
469734,14,0,0,7,0,"F",1,250000,3
1054974,14,0,0,7,1,"F",1,137500,4
1060246,14,0,0,6,0,"F",1,62500,5
1061355,14,0,0,5,0,"F",1,87500,6
1061649,14,0,0,6,2,"M",1,225000,7
1062171,14,0,0,7,1,"F",1,250000,8
1063617,14,0,0,3,0,"F",1,250000,9
1068288,14,1,0,6,1,"F",0,30000,10
1071414,14,0,0,6,1,"F",1,62500,11
1077480,14,0,0,3,1,"F",0,62500,12
1081075,14,0,0,5,0,"F",1,250000,13
1081928,14,0,0,5,0,"F",1,62500,14
1082351,14,0,0,2,1,"F",0,30000,15
1087152,14,0,0,9,0,"F",1,187500,16
1089142,14,0,0,6,0,"F",1,87500,17
1091840,14,0,0,5,0,"F",1,30000,18
1094021,14,0,0,3,0,"F",1,87500,19
1094281,14,0,0,1,0,"F",1,62500,20
1100417,14,0,0,4,0,"F",1,62500,21
1100757,14,0,0,4,0,"F",0,112500,22
1102828,14,0,0,6,0,"F",0,62500,23
1103923,14,0,0,2,0,"F",1,225000,24
1107037,14,0,0,5,0,"F",1,112500,25
1108749,14,0,0,7,1,"F",0,87500,26
1108764,14,0,0,2,0,"F",0,62500,27
1111628,14,0,0,5,0,"F",1,137500,28
1111718,14,0,0,4,0,"F",1,112500,29
1114150,14,0,0,1,0,"F",0,30000,30
1117270,14,0,0,3,0,"M",1,20000,31
1120531,14,0,0,6,1,"F",1,62500,32
1122158,14,0,0,6,2,"F",0,62500,33
1128451,14,0,0,6,0,"F",1,42500,34
1136393,14,0,0,4,0,"F",0,112500,35
1136784,14,0,0,6,3,"M",0,225000,36
1139371,14,0,0,2,0,"F",0,42500,37
1139886,14,0,0,6,1,"F",1,112500,38
1144195,14,0,0,5,0,"M",1,250000,39
1144979,14,0,0,9,0,"F",1,112500,40
1145339,14,0,0,6,2,"F",1,62500,41
1145483,14,0,0,2,0,"F",0,7500,42
1146117,14,0,0,4,0,"M",0,87500,43
1147315,14,0,0,6,1,"F",1,187500,44
1148446,14,0,0,4,0,"F",0,20000,45
1149897,14,0,0,2,0,"M",0,30000,46
1149964,14,0,0,8,1,"F",1,42500,47
1150751,14,0,0,3,0,"M",0,7500,48
1150797,14,0,0,7,0,"F",1,162500,49
1151559,14,0,0,6,1,"F",1,112500,50
1151769,14,0,0,6,1,"F",0,112500,51
1152166,14,0,0,6,2,"M",1,137500,52
1152366,14,1,0,3,1,"F",1,87500,53
1153528,14,0,0,4,0,"M",1,62500,54
1153766,14,0,0,5,0,"F",1,162500,55
1155123,14,0,0,3,1,"F",1,112500,56
1156205,14,0,0,7,0,"F",0,112500,57
1156827,14,0,0,5,0,"F",0,7500,58
1157198,14,1,0,4,1,"F",1,20000,59
1165832,14,0,0,6,0,"F",0,62500,60
1166157,14,0,0,14,2,"F",0,137500,61
1167911,14,0,0,8,0,"F",1,87500,62
1168134,14,0,0,6,0,"F",0,162500,63
1168271,14,0,0,6,0,"F",1,112500,64
1171923,14,0,0,4,0,"F",0,62500,65
1172112,14,0,0,5,0,"F",0,20000,66
1174038,14,0,0,2,0,"M",1,112500,67
1174562,14,0,0,3,0,"F",1,62500,68
1174985,14,0,0,7,0,"F",1,62500,69
1176048,14,0,0,7,1,"F",1,62500,70
1179432,14,0,0,7,0,"F",1,87500,71
1179878,14,0,0,3,0,"M",1,62500,72
1180407,14,0,0,5,0,"F",0,62500,73
1180590,14,0,0,5,0,"F",0,112500,74
1180640,14,0,0,3,0,"F",1,62500,75
1181283,14,0,0,2,0,"F",1,62500,76
1181372,14,0,0,1,1,"M",1,62500,77
1181576,14,0,0,4,0,"F",1,87500,78
1182877,14,0,0,4,0,"M",1,62500,79
1184139,14,0,0,5,0,"F",1,20000,80
1184169,14,0,0,10,2,"F",1,112500,81
1184297,14,0,0,6,1,"M",1,112500,82
1184913,14,0,0,4,0,"F",1,87500,83
1185813,14,0,0,3.01980209350586,0,"M",1,87500,84
1185876,14,0,0,1.11764705181122,0,"F",1,137500,85
1186126,14,0,0,6,0,"F",1,62500,86
1187131,14,0,0,1,1,"M",0,42500,87
1187232,14,0,0,4,0,"F",0,62500,88
1187420,14,0,0,7,0,"F",1,87500,89
1187873,14,0,0,9,1,"M",1,112500,90
1187978,14,0,0,3,0,"F",1,62500,91
1188069,14,0,0,2,0,"F",1,162500,92
1188761,14,0,0,5,0,"F",1,162500,93
1188833,14,0,0,5,1,"F",1,62500,94
1189258,14,0,0,3,0,"F",1,225000,95
1189412,14,0,0,1,0,"F",1,20000,96
1189715,14,0,0,3,1,"M",1,162500,97
1189764,14,0,0,2,0,"F",1,137500,98
1190134,14,0,0,6,1,"F",0,20000,99
1190711,14,0,0,4,0,"F",1,162500,100
1191253,14,0,0,5,0,"F",0,62500,101
1191595,14,0,0,7,1,"F",1,62500,102
1191968,14,0,0,2,0,"F",1,112500,103
1192704,14,0,0,7,0,"F",1,62500,104
1192874,14,0,0,3,0,"F",1,62500,105
1193114,14,0,0,6,0,"F",1,162500,106
1193232,14,1,0,4,4,"M",1,112500,107
1193743,14,0,0,6,1,"F",1,20000,108
1193751,14,0,0,3,0,"F",0,42500,109
1193787,14,1,0,7,1,"F",1,62500,110
1194121,14,0,0,5,0,"F",0,42500,111
1194319,14,0,0,4,0,"F",0,62500,112
1194477,14,0,0,10,2,"F",1,112500,113
1195243,14,0,0,5,1,"F",1,62500,114
1195315,14,0,0,2,0,"M",1,112500,115
1195629,14,0,0,6,0,"M",1,62500,116
1196370,14,0,0,9,0,"F",0,137500,117
1196373,14,0,0,3,0,"F",1,87500,118
1196532,14,0,0,6,0,"F",1,112500,119
1196672,14,0,0,4,0,"F",0,62500,120
1196715,14,0,0,6,1,"F",1,62500,121
1196867,14,0,0,5,0,"F",1,62500,122
1197628,14,0,0,4,1,"M",0,137500,123
1198131,14,0,0,1,0,"F",0,42500,124
1198229,14,0,0,5,0,"F",1,62500,125
1198340,14,0,0,3,1,"F",1,112500,126
1198656,14,0,0,1,0,"F",0,42500,127
1198936,14,0,0,7,1,"M",0,162500,128
1199872,14,0,0,7,0,"F",0,87500,129
1202556,14,0,0,7,1,"F",1,62500,130
1204291,14,0,0,1,0,"F",0,20000,131
1204517,14,0,0,10,4,"F",1,62500,132
1204703,14,0,0,3,1,"F",0,87500,133
1205899,14,0,0,4,0,"F",1,162500,134
1207119,14,0,0,1,0,"F",1,62500,135
1208107,14,0,0,4,0,"F",1,112500,136
1208888,14,0,0,1.53030300140381,0,"F",0,20000,137
1209486,14,0,0,4,0,"F",1,62500,138
1209955,14,0,0,1,0,"M",1,225000,139
1210800,14,0,0,7,0,"F",1,250000,140
1211027,14,0,0,7,0,"F",1,112500,141
1211068,14,0,0,10,0,"F",0,250000,142
1211288,14,0,0,6,1,"F",0,7500,143
1211807,14,0,0,2,0,"F",1,42500,144
1212464,14,0,0,5,0,"F",0,42500,145
1213078,14,0,0,5,0,"F",1,250000,146
1213693,14,0,0,8,0,"F",1,162500,147
1216811,14,0,0,5,0,"F",1,162500,148
1217376,14,1,0,7,2,"F",1,137500,149
1217401,14,0,0,5,0,"F",0,62500,150
1221162,14,0,0,5,0,"F",1,62500,151
1222034,14,0,0,7,2,"M",1,87500,152
1222561,14,0,0,3,0,"F",1,62500,153
1224353,14,0,0,4,0,"F",1,87500,154
1224379,14,0,0,3,0,"F",1,162500,155
1225029,14,0,0,3,0,"F",1,62500,156
1225288,14,0,0,5,0,"F",1,112500,157
1225581,14,0,0,8,2,"F",1,30000,158
1226932,14,1,0,6,1,"F",1,87500,159
1226943,14,0,0,9,2,"F",1,162500,160
1227191,14,0,0,3,0,"F",1,112500,161
1227743,14,0,0,8,0,"F",0,62500,162
1228628,14,0,0,2,0,"F",1,62500,163
1228793,14,0,0,5,0,"F",0,87500,164
1229147,14,0,0,6,0,"F",1,87500,165
1229564,14,0,0,5,1,"F",1,62500,166
1229612,14,0,0,6,1,"M",1,187500,167
1229771,14,0,0,7,0,"F",1,87500,168
1229884,14,0,0,5,1,"F",1,112500,169
1230105,14,0,0,6,1,"F",1,137500,170
1230445,14,0,0,4,0,"F",1,62500,171
1230648,14,0,0,4,0,"F",1,87500,172
1230860,14,0,0,3,0,"F",1,62500,173
1231637,14,0,0,3,0,"F",1,112500,174
1233436,14,0,0,9,2,"F",0,162500,175
1233553,14,0,0,6,1,"F",1,112500,176
1234916,14,0,0,6,0,"M",1,62500,177
1237257,14,0,0,7,1,"F",1,62500,178
1237667,14,0,0,5,0,"F",1,87500,179
1238108,14,0,0,4,0,"F",1,42500,180
1238707,14,0,0,6,1,"F",1,62500,181
1238904,14,0,0,5,1,"M",1,87500,182
1239286,14,0,0,4,1,"F",1,250000,183
1239623,14,0,0,4,0,"F",0,42500,184
1239849,14,0,0,4,1,"F",1,112500,185
1239936,14,0,0,1.44736838340759,0,"F",0,7500,186
1240102,14,0,0,4,0,"F",0,62500,187
1241439,14,0,0,3,0,"F",1,112500,188
1241595,14,0,0,6,0,"F",1,62500,189
1241711,14,0,0,5,0,"F",1,87500,190
1242022,14,0,0,3,1,"F",1,62500,191
1242223,14,0,0,5,0,"M",1,137500,192
1242542,14,0,0,3,0,"M",1,137500,193
1243937,14,0,0,5,0,"F",1,87500,194
1244277,14,0,0,4,0,"F",0,112500,195
1245286,14,0,0,2,1,"F",1,62500,196
1246704,14,1,0,6,1,"F",1,87500,197
1247392,14,0,0,5,1,"F",1,87500,198
1248826,14,1,0,7,2,"F",1,87500,199
1249794,14,2,0,7,3,"F",0,137500,200
1250074,14,0,0,5,0,"F",0,87500,201
1250242,14,0,0,3,0,"F",0,250000,202
1250577,14,0,0,9,3,"F",1,62500,203
1250585,14,0,0,5,0,"F",1,187500,204
1250879,14,0,0,4,0,"F",1,137500,205
1250899,14,0,0,4,0,"M",1,112500,206
1251138,14,0,0,3,0,"M",1,137500,207
1251550,14,0,0,4,0,"F",1,62500,208
1251623,14,0,0,3,0,"F",1,7500,209
1251804,14,0,0,2,2,"F",0,137500,210
1251816,14,0,0,4,0,"F",1,137500,211
1252257,14,0,0,5,0,"F",0,87500,212
1252297,14,0,0,6,2,"M",1,62500,213
1252403,14,0,0,7,1,"M",1,62500,214
1252534,14,0,0,6,1,"F",1,187500,215
1252759,14,0,0,8,1,"F",1,137500,216
1252878,14,0,0,8,1,"F",1,137500,217
1254168,14,0,0,6,0,"F",1,62500,218
1254684,14,0,0,7,0,"M",1,112500,219
1258925,14,0,0,5,0,"F",1,42500,220
1259640,14,0,0,3,0,"M",1,87500,221
1259672,14,0,0,4,0,"F",1,62500,222
1259740,14,0,0,6,0,"F",1,30000,223
1262332,14,0,0,4,0,"F",1,87500,224
1262373,14,0,0,5,0,"F",1,250000,225
1262926,14,0,0,3,0,"F",1,62500,226
1263058,14,0,0,3,0,"F",0,137500,227
1263919,14,0,0,5,0,"M",0,30000,228
1264065,14,0,0,5,1,"F",1,187500,229
1264317,14,0,0,5,0,"F",1,187500,230
1264505,14,0,0,6,0,"F",1,87500,231
1264703,14,0,0,5,0,"F",0,30000,232
1265443,14,0,0,5,0,"F",0,20000,233
1265755,14,0,0,5,0,"F",1,112500,234
1265835,14,0,0,5,0,"F",1,112500,235
1265892,14,0,0,6,1,"F",0,187500,236
1266201,14,0,0,2.40229892730713,0,"F",1,187500,237
1268413,14,0,0,4,0,"F",1,62500,238
1269756,14,0,0,6,0,"F",1,62500,239
1269824,14,0,0,2,0,"M",0,30000,240
1273931,14,0,0,5,1,"F",1,20000,241
1275308,14,0,0,6,0,"M",1,87500,242
1275698,14,0,0,3,1,"F",1,87500,243
1275888,14,0,0,2,0,"F",1,137500,244
1276784,14,0,0,4,1,"F",0,20000,245
1277335,14,0,0,3,0,"F",1,42500,246
1279299,14,1,0,6,1,"M",1,87500,247
1279847,14,0,0,4,0,"F",1,42500,248
1280469,14,0,0,7,0,"F",0,7500,249
1281674,14,0,0,6,1,"F",0,137500,250
1285561,14,0,0,7,1,"F",1,250000,251
1286058,14,0,0,6,1,"F",1,250000,252
1286676,14,0,1,9,0,"M",1,225000,253
1287337,14,0,0,4,0,"F",0,62500,254
1288054,14,0,0,6,1,"F",1,42500,255
1288246,14,0,0,5,0,"F",0,62500,256
1288502,14,0,0,11,2,"M",0,137500,257
1288666,14,0,0,5,0,"F",1,62500,258
1288675,14,0,0,5,0,"F",1,20000,259
1288774,14,0,0,7,0,"F",1,187500,260
1288902,14,0,0,6,1,"F",1,87500,261
1289229,14,0,0,1,0,"F",0,112500,262
1290077,14,0,0,4,1,"F",1,87500,263
1290515,14,0,0,2,0,"F",0,87500,264
1290723,14,0,0,5,0,"F",0,30000,265
1291318,14,0,0,5,1,"F",1,42500,266
1291608,14,0,0,5,0,"F",0,30000,267
1292847,14,0,0,13,0,"F",1,42500,268
1293296,14,0,0,5,0,"F",1,30000,269
1293595,14,0,0,4,0,"F",1,62500,270
1293939,14,0,0,6,1,"F",1,250000,271
1294157,14,0,0,6,0,"F",1,62500,272
1294200,14,0,0,5,1,"F",1,62500,273
1294399,14,0,0,5,0,"F",0,30000,274
1294837,14,0,0,6,1,"F",0,62500,275
1297008,14,0,0,3,0,"F",0,7500,276
1297323,14,0,0,3,0,"F",0,7500,277
1297452,14,0,0,7,1,"M",1,87500,278
1297615,14,0,0,4,0,"F",0,20000,279
1297678,14,0,0,8,1,"M",1,62500,280
1298036,14,0,0,5,1,"F",0,7500,281
1298136,14,0,0,9,0,"M",0,30000,282
1298614,14,0,0,5,0,"F",1,62500,283
1300363,14,0,0,6,0,"M",1,42500,284
1300457,14,0,0,2,0,"M",1,42500,285
1301237,14,0,0,3,0,"F",1,20000,286
1301332,14,0,0,6,0,"M",1,42500,287
1301620,14,0,0,5,0,"F",1,87500,288
1302173,14,0,0,5,0,"F",1,225000,289
1302216,14,0,0,2,0,"F",1,62500,290
1302375,14,0,0,5,0,"F",1,87500,291
1303092,14,0,0,5,0,"F",1,62500,292
1303908,14,0,0,8,0,"M",1,87500,293
1304518,14,0,0,6,0,"F",1,87500,294
1304751,14,0,0,4,0,"F",0,30000,295
1306505,14,0,0,8,1,"F",0,62500,296
1307675,14,0,0,6,0,"F",1,62500,297
1307821,14,0,0,6,0,"M",1,42500,298
1310138,14,1,0,5,2,"F",1,62500,299
1310269,14,0,0,7,0,"F",0,112500,300
1311143,14,0,0,2,0,"M",0,62500,301
1311172,14,0,0,4,0,"M",1,137500,302
1311388,14,0,0,7,1,"M",0,20000,303
1312227,14,0,0,5,0,"F",0,62500,304
1313291,14,0,0,3,1,"F",1,162500,305
1313396,14,0,0,5,0,"F",0,30000,306
1313735,14,0,0,5,1,"F",1,20000,307
1313856,14,0,0,5,0,"F",0,20000,308
1314520,14,0,0,4,0,"F",1,62500,309
1314682,14,0,0,3,0,"F",0,20000,310
1314969,14,0,0,5,0,"F",0,87500,311
1315946,14,0,0,3,0,"F",0,62500,312
1317054,14,0,0,7,1,"F",0,7500,313
1317356,14,0,0,4,0,"F",1,62500,314
1318696,14,0,0,7,1,"F",0,62500,315
1318996,14,0,0,5,0,"F",1,62500,316
1319548,14,0,0,5,0,"F",0,20000,317
1319613,14,0,0,4,0,"F",0,137500,318
1319738,14,0,0,4,0,"F",1,137500,319
1320734,14,0,0,5,0,"F",1,20000,320
1320750,14,0,0,4,0,"F",0,7500,321
1322205,14,0,0,7,2,"F",1,62500,322
1322235,14,0,0,6,0,"F",0,62500,323
1322521,14,0,0,4,0,"M",1,42500,324
1322942,14,0,0,6,0,"F",1,87500,325
1323304,14,0,0,8,1,"F",1,162500,326
1323359,14,0,0,7,0,"M",0,187500,327
1323491,14,0,0,3,0,"F",1,250000,328
1323698,14,0,0,3,0,"M",0,250000,329
1323962,14,0,0,7,2,"M",1,62500,330
1324251,14,0,0,3,0,"F",0,20000,331
1324843,14,0,0,4,0,"F",1,87500,332
1325556,14,0,0,1,0,"F",0,20000,333
1327146,14,0,0,7,1,"F",1,162500,334
1328158,14,0,0,5,1,"F",1,62500,335
1328623,14,0,0,5,0,"M",1,30000,336
1328832,14,0,0,5,1,"F",1,187500,337
1329574,14,0,0,5,0,"F",0,42500,338
1330046,14,0,0,5,0,"F",1,112500,339
1330272,14,0,0,5,0,"F",1,137500,340
1330497,14,0,0,4,0,"F",1,162500,341
1331244,14,0,0,5,0,"F",0,30000,342
1331261,14,0,0,4,1,"F",0,7500,343
1331950,14,0,0,6,1,"F",1,62500,344
1333858,14,0,0,5,0,"F",1,112500,345
1335680,14,0,0,2,0,"F",1,62500,346
1335920,14,1,0,6,1,"F",1,42500,347
1335980,14,0,0,3,0,"F",0,20000,348
1336426,14,0,0,5,1,"F",0,20000,349
1336946,14,0,0,3,0,"M",1,20000,350
1338200,14,0,0,5,0,"F",1,162500,351
1338378,14,0,0,3,0,"F",1,225000,352
1339574,14,0,0,6,0,"F",1,42500,353
1339822,14,0,0,7,1,"F",1,112500,354
1340176,14,0,0,6,1,"M",1,42500,355
1340267,14,0,0,6,1,"F",0,42500,356
1341891,14,0,0,4,0,"F",0,62500,357
1342799,14,0,0,3,1,"F",0,62500,358
1343216,14,0,0,3,0,"F",0,187500,359
1344265,14,0,0,2,0,"F",0,87500,360
1344499,14,0,0,8,2,"F",1,87500,361
1344614,14,0,0,6,0,"M",1,225000,362
1345984,14,1,0,7,1,"F",1,112500,363
1346234,14,0,0,4,0,"F",0,162500,364
1347945,14,0,0,6,0,"F",0,112500,365
1348467,14,0,0,4,0,"F",0,87500,366
1348663,14,1,0,10,2,"F",1,62500,367
1348726,14,0,0,5,0,"F",1,62500,368
1349285,14,0,0,6,0,"F",0,42500,369
1349428,14,0,0,4,0,"F",1,87500,370
1349951,14,0,0,5,0,"F",1,20000,371
1350291,14,0,0,7,0,"M",1,87500,372
1350434,14,0,0,5,0,"F",1,162500,373
1351173,14,0,0,2,0,"F",0,87500,374
1351468,14,0,0,7,2,"F",1,7500,375
1351509,14,0,0,2,0,"F",1,62500,376
1351586,14,0,0,6,1,"F",1,162500,377
1351796,14,2,0,9,3,"F",1,7500,378
1352046,14,0,0,5,0,"F",1,87500,379
1352301,14,0,0,4,1,"F",1,42500,380
1352756,14,0,0,4,0,"F",1,62500,381
1352986,14,0,0,5,0,"F",1,42500,382
1353809,14,0,0,17,3,"F",1,112500,383
1353961,14,1,0,5,1,"F",0,20000,384
1354452,14,0,0,5,0,"F",1,62500,385
1354598,14,0,0,5,0,"F",0,42500,386
1354602,14,0,0,7,0,"M",1,62500,387
1354673,14,0,0,6,1,"F",0,7500,388
1355604,14,0,0,2,0,"M",1,7500,389
1356206,14,0,0,4,0,"F",1,62500,390
1358021,14,0,0,5,0,"F",1,112500,391
1358933,14,0,0,6,0,"F",0,112500,392
1361465,14,0,0,4,0,"F",0,137500,393
1362107,14,0,0,2.12745094299316,0,"M",1,162500,394
1363023,14,0,0,5,1,"F",1,30000,395
1363370,14,0,0,3,0,"M",1,62500,396
1364059,14,0,0,7,0,"M",1,112500,397
1366217,14,0,0,4,0,"M",0,112500,398
1366244,14,0,0,5,0,"F",0,112500,399
1367411,14,0,0,5,0,"F",1,20000,400
1367420,14,0,0,13,1,"F",1,162500,401
1368140,14,0,0,5,0,"F",1,62500,402
1368385,14,0,0,1,0,"M",1,162500,403
1369918,14,0,0,5,1,"F",1,87500,404
1372221,14,0,0,2,1,"F",1,7500,405
1372333,14,0,0,4,1,"F",1,62500,406
1374105,14,0,0,5,0,"F",0,7500,407
1374132,14,0,0,2,0,"M",1,62500,408
1374680,14,0,0,3,1,"F",1,62500,409
1375113,14,0,0,5,0,"F",1,87500,410
1376245,14,0,0,1.61538457870483,0,"F",0,62500,411
1377492,14,0,0,7,0,"F",1,137500,412
1377719,14,0,0,5,0,"F",1,137500,413
1378071,14,0,0,6,0,"F",0,62500,414
1378409,14,0,0,8,0,"F",1,62500,415
1380721,14,0,0,1,0,"F",1,42500,416
1381136,14,0,0,4,0,"F",1,62500,417
1381384,14,0,0,4,0,"F",1,162500,418
1381552,14,0,0,5,0,"M",1,87500,419
1381639,14,0,0,6,0,"F",1,225000,420
1381711,14,0,0,4,0,"F",1,87500,421
1382137,14,0,0,4,0,"F",1,112500,422
1382624,14,0,0,7,1,"F",1,62500,423
1382975,14,0,0,7,0,"F",1,112500,424
1384230,14,0,0,5,0,"F",1,137500,425
1384341,14,0,0,4,0,"F",0,137500,426
1385468,14,0,0,4,0,"F",1,250000,427
1385831,14,0,0,5,1,"F",1,42500,428
1386066,14,0,0,2,0,"F",1,112500,429
1386120,14,0,0,4,0,"F",1,42500,430
1387428,14,0,0,5,0,"F",0,62500,431
1387588,14,0,0,4,0,"F",1,42500,432
1388210,14,0,0,4,0,"M",1,62500,433
1388355,14,0,0,2,0,"F",1,62500,434
1388513,14,0,0,5,0,"F",1,162500,435
1388833,14,0,0,4,0,"F",0,42500,436
1389030,14,0,0,5,0,"F",1,62500,437
1389384,14,0,0,5,0,"F",0,42500,438
1389406,14,0,0,6,0,"F",1,87500,439
1389477,14,0,0,7,1,"F",1,62500,440
1390351,14,0,0,6,0,"M",1,162500,441
1392387,14,0,0,5,0,"F",0,87500,442
1393255,14,0,0,6,0,"F",1,87500,443
1393466,14,0,0,3,0,"M",1,87500,444
1393929,14,0,0,6,0,"F",1,225000,445
1394027,14,0,0,1,0,"F",1,162500,446
1395064,14,0,0,6,0,"F",1,162500,447
1395309,14,0,0,6,1,"F",0,42500,448
1395394,14,0,0,7,2,"F",0,7500,449
1396474,14,0,0,1.76344084739685,0,"F",1,62500,450
1396597,14,0,0,6,2,"F",1,87500,451
1396618,14,0,0,4,0,"F",1,87500,452
1396830,14,0,0,4,0,"F",1,87500,453
1397814,14,0,0,6,0,"M",1,137500,454
1398493,14,0,0,1,0,"F",1,87500,455
1398606,14,0,0,5,1,"M",1,20000,456
1399233,14,0,0,4,0,"F",0,42500,457
1399269,14,0,0,6,0,"F",1,62500,458
1399329,14,0,0,9,1,"F",1,112500,459
1401246,14,0,0,1,0,"F",1,42500,460
1401458,14,0,0,5,0,"F",1,62500,461
1403021,14,0,0,4,0,"F",1,112500,462
1403631,14,0,0,5,0,"F",1,62500,463
1403972,14,1,0,13,9,"F",1,162500,464
1404355,14,0,0,5,0,"F",1,87500,465
1404418,14,0,0,4,0,"F",1,42500,466
1404842,14,0,0,3,0,"M",1,112500,467
1405544,14,0,0,8,2,"F",0,20000,468
1406907,14,0,0,5,0,"F",1,87500,469
1408575,14,0,0,3,0,"M",0,30000,470
1410385,14,0,0,6,0,"F",1,162500,471
1411418,14,0,0,5,0,"M",1,87500,472
1412397,14,0,0,5,0,"M",1,42500,473
1412511,14,0,0,1,0,"F",1,42500,474
1412646,14,0,0,9,1,"F",1,162500,475
1413182,14,0,0,6,1,"F",1,112500,476
1413837,14,0,0,4,0,"F",1,225000,477
1413925,14,1,0,5,1,"F",0,62500,478
1414361,14,0,0,3,0,"F",1,112500,479
1414857,14,0,0,3,0,"M",1,162500,480
1414873,14,0,0,3,0,"F",1,112500,481
1415098,14,0,0,7,1,"F",0,87500,482
1415320,14,0,0,5,0,"F",1,162500,483
1416429,14,0,0,9,1,"F",1,87500,484
1416731,14,0,0,5,0,"F",1,162500,485
1416940,14,0,0,6,1,"F",0,137500,486
1417159,14,0,0,4,0,"M",0,20000,487
1417523,14,0,0,2,0,"F",1,187500,488
1418358,14,0,0,8,0,"F",0,112500,489
1418818,14,0,0,6,1,"F",1,87500,490
1419071,14,0,0,4,0,"M",1,87500,491
1419406,14,0,0,5,0,"F",1,62500,492
1419467,14,0,0,5,0,"F",1,162500,493
1419627,14,0,0,9,1,"M",1,87500,494
1419833,14,0,0,5,0,"F",1,225000,495
1420095,14,0,0,3,1,"M",1,187500,496
1420139,14,1,0,6,1,"F",1,112500,497
1420150,14,0,0,6,1,"F",0,7500,498
1420458,14,0,0,6,0,"M",1,20000,499
1420461,14,0,0,4,0,"F",1,62500,500
1420462,14,0,0,5,0,"F",1,162500,501
1420478,14,0,0,4,0,"F",1,42500,502
1420505,14,0,0,5,0,"F",0,7500,503
1420957,14,0,0,1,0,"F",1,225000,504
1420990,14,0,0,7,0,"F",0,87500,505
1421112,14,0,0,3,0,"F",0,87500,506
1421265,14,0,0,8,2,"F",0,137500,507
1421359,14,0,0,3,0,"F",0,7500,508
1422155,14,0,0,8,0,"F",1,187500,509
1422249,14,0,0,1,1,"M",0,62500,510
1424297,14,0,0,1,0,"M",1,20000,511
1424626,14,1,0,9,2,"F",0,112500,512
1425960,14,0,0,6,1,"F",0,20000,513
1426165,14,0,0,5,0,"F",0,112500,514
1426230,14,0,0,5,0,"F",0,7500,515
1426266,14,0,0,6,0,"F",1,112500,516
1426799,14,0,0,9,0,"F",1,87500,517
1427258,14,0,0,4,0,"F",0,62500,518
1427579,14,0,0,4,0,"F",1,87500,519
1427915,14,0,0,3,0,"F",0,62500,520
1428277,14,0,0,5,0,"M",1,112500,521
1429936,14,0,0,11,3,"F",1,187500,522
1430214,14,0,0,8,2,"M",0,112500,523
1430754,14,0,0,3,0,"M",1,187500,524
1431104,14,0,0,5,1,"F",0,250000,525
1431118,14,0,0,4,0,"F",1,62500,526
1431340,14,0,0,5,1,"F",0,87500,527
1431513,14,0,0,6,1,"F",1,62500,528
1431697,14,0,0,4,1,"F",1,87500,529
1431949,14,0,0,7,0,"F",1,42500,530
1432387,14,0,0,5,0,"F",0,162500,531
1432724,14,0,0,4,0,"F",1,20000,532
1432840,14,0,0,5,1,"F",1,20000,533
1432998,14,0,0,4,0,"F",1,62500,534
1433194,14,0,0,7,0,"F",1,42500,535
1433587,14,0,0,3,0,"M",1,87500,536
1434275,14,1,0,10,1,"F",1,20000,537
1434712,14,0,0,1,1,"F",1,42500,538
1435022,14,0,0,3,0,"F",1,187500,539
1435557,14,0,0,2,1,"M",1,62500,540
1435794,14,0,0,4,0,"F",0,87500,541
1435996,14,0,0,6,0,"F",1,112500,542
1436928,14,0,0,5,0,"F",1,112500,543
1437747,14,0,0,6,0,"F",1,137500,544
1437857,14,0,0,7,1,"M",1,62500,545
1437869,14,0,0,5,0,"F",1,187500,546
1437899,14,0,0,8,1,"F",1,137500,547
1438760,14,0,0,8,1,"F",1,137500,548
1438884,14,0,0,7,0,"M",1,87500,549
1439629,14,0,0,5,1,"F",1,7500,550
1439689,14,0,0,6,0,"F",1,112500,551
1439713,14,0,0,5,0,"F",1,62500,552
1440356,14,0,0,1,0,"M",1,250000,553
1441053,14,0,0,7,1,"M",1,30000,554
1441466,14,0,0,9,1,"F",1,250000,555
1442287,14,0,0,7,0,"F",0,187500,556
1442704,14,0,0,7,1,"F",1,87500,557
1443687,14,0,0,3,0,"F",0,87500,558
1443964,14,0,0,4,0,"F",1,250000,559
1444485,14,0,0,6,1,"F",1,112500,560
1445100,14,0,0,7,3,"F",1,87500,561
1446288,14,0,0,7,0,"F",0,62500,562
1447092,14,0,0,4,1,"M",1,42500,563
1447298,14,0,0,7,0,"F",1,62500,564
1448763,14,0,0,3,0,"F",0,62500,565
1448901,14,0,0,2,0,"F",0,62500,566
1449431,14,0,0,4,0,"F",1,137500,567
1450170,14,0,0,4,0,"F",0,62500,568
1450180,14,0,0,4,0,"M",1,62500,569
1450746,14,0,0,7,4,"F",1,7500,570
1450805,14,0,0,5,1,"M",1,225000,571
1450890,14,0,0,4,0,"F",1,225000,572
1451275,14,0,0,4,0,"M",1,62500,573
1451865,14,0,0,4,0,"F",1,225000,574
1452879,14,0,0,5,0,"F",1,137500,575
1454110,14,0,0,5,0,"F",1,62500,576
1454343,14,0,0,7,0,"M",0,30000,577
1454425,14,0,0,6,1,"F",1,112500,578
1454661,14,0,0,6,0,"F",1,87500,579
1455466,14,0,0,6,0,"F",1,87500,580
1455615,14,0,0,1.87640452384949,0,"F",1,7500,581
1455721,14,1,0,4,2,"M",1,87500,582
1455906,14,0,0,7,1,"F",1,250000,583
1456029,14,0,0,4,0,"F",1,42500,584
1456155,14,0,0,5,0,"F",1,250000,585
1456186,14,0,0,5,1,"F",1,20000,586
1456531,14,0,0,7,0,"F",1,187500,587
1456609,14,0,0,3,0,"F",1,62500,588
1456628,14,0,0,5,0,"F",1,250000,589
1456919,14,0,0,2,1,"F",1,30000,590
1457625,14,0,0,5,0,"F",1,112500,591
1457777,14,0,0,5,1,"F",1,62500,592
1457830,14,0,0,5,1,"F",1,112500,593
1457984,14,0,0,6,0,"F",1,112500,594
1458214,14,0,0,4,0,"F",1,225000,595
1460277,14,0,0,5,1,"F",1,62500,596
1460380,14,0,0,9,1,"F",0,42500,597
1460953,14,0,0,5,0,"F",0,250000,598
1461151,14,0,0,1,0,"F",1,87500,599
1461397,14,0,0,5,0,"F",1,137500,600
1462847,14,0,0,8,0,"F",1,162500,601
1462878,14,0,0,10,1,"F",1,7500,602
1463072,14,0,0,5,0,"F",1,87500,603
1464188,14,0,0,1.54166662693024,0,"F",1,137500,604
1464264,14,0,0,4,0,"M",1,112500,605
1464335,14,0,0,10,2,"F",1,187500,606
1464618,14,0,0,7,0,"F",1,112500,607
1465220,14,1,0,7,3,"F",1,137500,608
1466204,14,0,0,6,0,"F",1,87500,609
1466494,14,0,0,2,1,"M",1,20000,610
1466816,14,0,0,5,0,"F",1,137500,611
1466833,14,0,0,6,0,"F",1,87500,612
1466886,14,0,0,6,0,"F",1,137500,613
1466955,14,0,0,5,0,"F",1,250000,614
1467019,14,0,0,5,0,"F",0,137500,615
1467058,14,0,0,5,0,"F",0,20000,616
1467155,14,0,0,4,0,"M",0,62500,617
1467520,14,0,0,4,0,"F",1,250000,618
1467621,14,0,0,5,1,"F",1,62500,619
1468654,14,0,0,3,0,"F",1,87500,620
1468709,14,0,0,3,0,"F",1,30000,621
1468714,14,0,0,8,1,"F",0,112500,622
1468733,14,0,0,5,1,"F",1,62500,623
1468745,14,0,0,5,1,"M",1,62500,624
1469175,14,0,0,9,0,"F",0,87500,625
1469204,14,0,0,6,0,"F",1,112500,626
1469239,14,0,0,6,0,"F",1,112500,627
1469248,14,0,0,4,0,"F",1,112500,628
1469990,14,0,0,6,0,"M",1,187500,629
1470110,14,0,0,6,0,"F",0,62500,630
1470965,14,0,0,6,0,"F",0,62500,631
1471445,14,0,0,5,1,"F",1,162500,632
1471473,14,0,0,1,0,"M",1,62500,633
1471528,14,0,0,4,0,"F",1,112500,634
1471566,14,0,0,4,1,"F",1,30000,635
1471723,14,0,0,6,0,"F",1,187500,636
1471767,14,0,0,5,0,"M",1,87500,637
1471934,14,0,0,4,0,"F",0,112500,638
1472977,14,0,0,6,0,"F",1,87500,639
1474598,14,0,0,7,1,"M",1,87500,640
1475170,14,0,0,6,0,"M",0,87500,641
1477477,14,0,0,1,1,"M",0,112500,642
1478058,14,0,0,7,0,"F",1,87500,643
1478617,14,0,0,7,0,"F",1,225000,644
1479489,14,1,0,8,1,"F",1,62500,645
1480578,14,0,0,3,0,"F",0,62500,646
1481279,14,0,0,6,0,"F",0,162500,647
1481476,14,0,0,4,1,"F",1,7500,648
1482005,14,0,0,4,0,"M",1,62500,649
1482267,14,0,0,6,2,"F",1,225000,650
1482614,14,0,0,4,0,"F",0,87500,651
1482816,14,0,0,3,0,"F",1,62500,652
1483049,14,0,0,6,1,"F",0,20000,653
1484259,14,0,0,3,0,"F",0,7500,654
1484519,14,0,0,7,1,"F",1,42500,655
1484930,14,0,0,3,0,"F",1,162500,656
1486404,14,0,0,3,0,"F",0,42500,657
1487790,14,0,0,5,0,"M",1,187500,658
1488086,14,0,0,5,0,"F",1,112500,659
1489319,14,0,0,3,0,"F",0,42500,660
1490014,14,0,0,2,1,"M",1,62500,661
1491416,14,0,0,6,1,"F",0,112500,662
1491563,14,0,0,2,0,"M",1,162500,663
1492025,14,0,0,4,0,"F",1,62500,664
1492036,14,0,0,5,0,"F",1,87500,665
1493569,14,0,0,3,0,"F",1,112500,666
1498287,14,1,0,8,2,"F",1,162500,667
1498483,14,0,0,4,0,"F",1,62500,668
1498656,14,0,0,3,0,"M",1,137500,669
1501397,14,0,0,7,0,"M",1,112500,670
1501443,14,0,0,4,0,"F",0,7500,671
1501825,14,0,0,6,0,"F",1,225000,672
1501848,14,0,0,2,0,"F",1,112500,673
1501917,14,0,0,3,1,"F",1,137500,674
1502135,14,0,0,3,0,"F",1,87500,675
1502146,14,0,0,6,0,"F",1,62500,676
1502599,14,0,0,6,0,"F",1,187500,677
1504289,14,0,0,4,0,"F",1,137500,678
1507421,14,0,0,1,0,"F",0,20000,679
1509331,14,0,0,8,1,"M",1,62500,680
1509782,14,0,0,2,0,"F",1,62500,681
1509874,14,0,0,2,0,"F",1,42500,682
1511973,14,0,0,4,0,"M",0,7500,683
1512249,14,0,0,6,1,"F",1,187500,684
1512656,14,0,0,5,0,"F",1,187500,685
1513530,14,0,0,7,0,"F",1,62500,686
1513806,14,0,0,3,0,"F",1,62500,687
1514087,14,0,0,2,0,"F",0,112500,688
1514098,14,0,0,5,0,"F",1,187500,689
1514327,14,0,0,3,0,"F",0,87500,690
1514351,14,0,0,8,1,"M",1,187500,691
1514819,14,0,0,4,0,"F",1,30000,692
1516894,14,0,0,6,1,"M",1,250000,693
1518132,14,0,0,6,0,"F",0,62500,694
1518564,14,0,0,3,0,"F",1,112500,695
1519598,14,0,0,7,1,"F",1,187500,696
1520012,14,0,0,4,0,"F",1,187500,697
1520720,14,0,0,6,1,"F",1,62500,698
1522154,14,0,0,5,0,"F",1,137500,699
1522471,14,0,0,4,0,"M",1,162500,700
1523997,14,0,0,5,1,"F",1,225000,701
1524038,14,0,0,5,0,"F",1,250000,702
1524967,14,0,0,1,0,"F",1,250000,703
1525049,14,0,1,7,1,"F",1,187500,704
1525556,14,1,0,8,1,"M",1,162500,705
1526044,14,0,0,3,0,"M",1,87500,706
1526280,14,0,0,4,1,"M",1,20000,707
1526638,14,0,0,2,0,"F",1,225000,708
1527800,14,0,0,2,0,"F",1,137500,709
1527932,14,0,0,6,0,"F",1,187500,710
1527966,14,0,0,5,1,"F",1,250000,711
1528038,14,0,0,4,0,"M",1,225000,712
1528103,14,0,0,9,2,"F",1,225000,713
1528515,14,0,0,1,0,"F",0,225000,714
1529646,14,0,0,5,0,"F",1,225000,715
1530199,14,0,0,3.60824751853943,0,"M",1,62500,716
1530200,14,0,0,6,0,"F",1,137500,717
1530561,14,0,0,5,1,"F",1,42500,718
1530887,14,0,0,7,1,"F",1,87500,719
1531800,14,0,0,7,1,"F",0,62500,720
1531915,14,0,0,4,0,"F",1,250000,721
1531924,14,0,0,5,0,"F",0,225000,722
1531984,14,0,0,6,0,"F",0,42500,723
1532052,14,0,0,4,0,"M",1,87500,724
1532113,14,1,0,8,1,"F",1,87500,725
1532334,14,0,0,5,0,"F",1,225000,726
1532420,14,0,0,1,0,"F",1,30000,727
1532431,14,0,0,5,0,"F",0,20000,728
1532738,14,0,0,8,0,"F",1,225000,729
1532841,14,0,0,6,1,"F",1,42500,730
1533843,14,0,0,5,0,"F",1,42500,731
1533874,14,0,0,6,0,"F",1,137500,732
1533971,14,0,0,8,1,"F",1,137500,733
1534792,14,0,0,5,0,"F",1,187500,734
1535057,14,0,0,6,1,"F",1,137500,735
1535333,14,0,0,9,3,"M",1,87500,736
1535547,14,0,0,9,1,"F",1,187500,737
1535701,14,0,0,7,1,"M",1,62500,738
1535732,14,0,0,5,0,"F",1,187500,739
1535755,14,0,0,4,0,"F",1,112500,740
1536000,14,0,0,6,0,"F",1,187500,741
1536405,14,0,0,4,0,"F",1,62500,742
1536527,14,0,0,2,0,"F",1,225000,743
1536579,14,0,0,4,0,"F",1,187500,744
1537347,14,0,0,6,0,"F",1,225000,745
1537995,14,0,0,1,0,"F",0,62500,746
1538175,14,0,0,8,1,"F",1,250000,747
1538662,14,0,0,5,0,"F",1,112500,748
1538919,14,0,0,3,0,"F",1,250000,749
1539494,14,0,0,7,0,"F",1,250000,750
1539570,14,0,0,4,0,"F",1,87500,751
1540059,14,0,0,6,0,"M",1,87500,752
1540194,14,0,0,1.70422530174255,0,"F",1,187500,753
1540364,14,0,0,6,0,"F",1,7500,754
1540829,14,0,0,5,0,"F",1,187500,755
1540910,14,1,0,13,3,"F",1,137500,756
1540936,14,0,0,2,0,"F",1,62500,757
1541156,14,0,0,5,0,"F",1,7500,758
1541593,14,0,0,6,0,"F",1,250000,759
1541662,14,0,0,8,2,"F",1,112500,760
1541734,14,0,0,5,0,"F",1,137500,761
1541834,14,0,0,3,0,"F",1,250000,762
1541894,14,0,0,4,0,"F",0,42500,763
1542247,14,0,0,4,0,"F",1,225000,764
1542523,14,0,0,6,0,"F",1,187500,765
1542740,14,0,0,7,0,"F",0,30000,766
1543012,14,0,0,6,1,"M",1,112500,767
1543181,14,1,0,6,3,"M",1,250000,768
1543552,14,0,0,7,0,"F",0,112500,769
1543563,14,0,0,5,1,"F",1,250000,770
1543633,14,0,0,8,1,"F",1,112500,771
1544590,14,0,0,4,2,"F",0,187500,772
1544693,14,0,0,3,0,"F",1,250000,773
1545273,14,0,0,7,1,"F",0,137500,774
1545322,14,0,0,6,1,"M",1,250000,775
1546709,14,0,0,7,0,"F",1,250000,776
1546922,14,0,0,6,0,"M",1,137500,777
1546932,14,0,0,4,0,"F",0,112500,778
1546959,14,0,0,6,3,"F",1,187500,779
1546989,14,0,0,6,1,"M",1,225000,780
1547464,14,0,0,5,0,"F",1,87500,781
1547476,14,0,0,6,0,"F",0,225000,782
1547622,14,0,0,7,2,"F",1,187500,783
1547752,14,0,0,4,1,"F",1,112500,784
1547850,14,0,0,2,1,"F",1,20000,785
1548040,14,0,0,3,2,"F",0,112500,786
1548129,14,0,0,6,0,"F",1,112500,787
1548209,14,0,0,5,0,"F",1,20000,788
1548503,14,0,0,4,0,"F",1,62500,789
1548540,14,0,0,5,0,"F",1,87500,790
1548673,14,0,0,6,1,"F",1,112500,791
1549599,14,0,0,5,0,"M",1,187500,792
1550040,14,0,0,5,0,"M",1,20000,793
1550161,14,0,0,6,1,"F",1,62500,794
1550456,14,0,0,7,2,"F",1,225000,795
1550894,14,0,0,4,0,"F",1,87500,796
1551030,14,0,0,3,0,"F",1,225000,797
1551330,14,0,0,1,0,"M",1,87500,798
1551510,14,0,0,3,0,"F",1,162500,799
1551891,14,0,0,6,0,"F",1,187500,800
1552409,14,0,0,4,0,"M",1,137500,801
1552458,14,0,0,5,2,"F",1,62500,802
1552507,14,0,0,4,0,"F",1,137500,803
1552803,14,0,0,5,0,"F",1,225000,804
1552831,14,0,0,5,3,"M",1,112500,805
1553098,14,0,0,5,0,"F",1,87500,806
1553185,14,0,0,6,1,"F",1,187500,807
1553615,14,0,0,5,0,"F",1,187500,808
1553840,14,0,0,9,2,"M",1,20000,809
1553857,14,0,0,2.21875,0,"M",1,87500,810
1553951,14,0,0,5,0,"F",1,225000,811
1554033,14,0,0,3,0,"F",1,62500,812
1554034,14,0,0,8,2,"F",1,162500,813
1554062,14,0,0,1,0,"F",1,87500,814
1554533,14,0,0,6,0,"F",1,62500,815
1554853,14,0,0,1,0,"M",1,42500,816
1554983,14,0,0,3,0,"M",1,87500,817
1555310,14,0,0,9,0,"F",1,187500,818
1555529,14,0,0,7,0,"M",1,225000,819
1555776,14,0,0,6,0,"F",1,20000,820
1555876,14,0,0,5,2,"F",0,112500,821
1556592,14,0,0,5,1,"F",1,62500,822
1556634,14,0,0,3.0238094329834,0,"M",0,87500,823
1556652,14,0,0,6,2,"F",1,42500,824
1557407,14,0,0,3,0,"F",1,162500,825
1557751,14,0,0,7,0,"F",1,162500,826
1558181,14,0,0,7,1,"F",0,62500,827
1558593,14,0,0,6,0,"F",1,137500,828
1559861,14,0,0,4,0,"F",0,20000,829
1560624,14,0,0,5,0,"F",1,62500,830
1561366,14,0,0,5,0,"F",1,62500,831
1561573,14,0,0,2,0,"F",1,137500,832
1563321,14,0,0,4,0,"F",1,187500,833
1563505,14,0,0,1,0,"M",0,62500,834
1563807,14,0,0,7,2,"F",0,112500,835
1564353,14,0,0,7,2,"F",1,137500,836
1564381,14,0,0,6,1,"F",1,42500,837
1564432,14,0,0,5,0,"F",1,20000,838
1564440,14,0,0,7,0,"F",1,62500,839
1564588,14,0,0,2.78723406791687,0,"F",1,162500,840
1565437,14,0,0,6,0,"F",1,87500,841
1565459,14,0,0,6,0,"F",1,162500,842
1565552,14,0,0,5,1,"F",1,187500,843
1565565,14,0,0,4,0,"M",0,112500,844
1565621,14,0,0,4,0,"F",1,42500,845
1566766,14,0,0,6,0,"F",1,62500,846
1566910,14,0,0,1,0,"M",0,42500,847
1567216,14,0,0,5,0,"F",1,112500,848
1567225,14,0,0,5,0,"F",1,42500,849
1567585,14,0,0,4,0,"M",0,87500,850
1568736,14,0,0,3,0,"F",1,137500,851
1569143,14,0,0,7,2,"F",1,87500,852
1569250,14,0,0,3,0,"M",0,7500,853
1570352,14,0,0,5,0,"F",1,62500,854
1570791,14,0,0,3,0,"F",1,112500,855
1571168,14,0,0,6,0,"F",1,42500,856
1571704,14,0,0,6,2,"F",1,42500,857
1572013,14,0,0,6,0,"F",1,87500,858
1572475,14,0,0,9,1,"F",1,87500,859
1572791,14,0,0,2.07865166664124,0,"F",0,137500,860
1572826,14,0,0,5,0,"F",1,87500,861
1572876,14,0,0,3,1,"M",0,20000,862
1573368,14,0,0,6,1,"M",0,62500,863
1573406,14,0,0,1.85227274894714,0,"F",1,87500,864
1573782,14,0,0,7,1,"F",1,112500,865
1573961,14,0,0,8,0,"M",1,62500,866
1574217,14,0,0,3,0,"M",1,187500,867
1574944,14,0,0,7,0,"F",1,87500,868
1575622,14,0,0,6,0,"F",1,137500,869
1575638,14,0,0,10,1,"F",1,87500,870
1575664,14,0,0,4,0,"F",0,20000,871
1576304,14,0,0,6,1,"M",1,250000,872
1576669,14,0,0,9,0,"F",1,112500,873
1576876,14,0,0,1,2,"F",1,137500,874
1576998,14,0,0,4,0,"F",1,250000,875
1577505,14,0,0,4,1,"M",0,20000,876
1577931,14,0,0,6,0,"F",0,112500,877
1580292,14,0,0,5,0,"F",1,250000,878
1580324,14,0,0,3,2,"M",1,87500,879
1580380,14,0,0,8,0,"F",1,187500,880
1580422,14,0,0,1.49230766296387,0,"M",1,225000,881
1580699,14,0,0,5,0,"M",1,30000,882
1581113,14,0,0,7,0,"F",0,112500,883
1581720,14,0,0,2,0,"F",1,250000,884
1582050,14,0,0,4,0,"F",1,137500,885
1582294,14,0,0,4,0,"F",1,250000,886
1582445,14,0,0,4,0,"F",1,137500,887
1582970,14,0,0,1,0,"F",1,187500,888
1583212,14,0,0,6,0,"F",1,250000,889
1583903,14,0,0,7,3,"F",1,250000,890
1583918,14,0,0,5,0,"F",0,162500,891
1584353,14,0,0,5,0,"F",0,87500,892
1584557,14,0,0,5,0,"F",1,62500,893
1584736,14,0,0,6,1,"F",0,87500,894
1584822,14,0,0,6,0,"F",1,62500,895
1585152,14,0,0,8,2,"F",1,30000,896
1586387,14,0,0,6,0,"F",1,187500,897
1586988,14,0,0,5,0,"F",1,87500,898
1587401,14,0,0,8,1,"F",1,87500,899
1587615,14,0,0,5,1,"F",1,30000,900
1587812,14,0,0,4,0,"F",1,225000,901
1588035,14,0,0,2,0,"F",1,112500,902
1588596,14,0,0,4,0,"M",1,137500,903
1588827,14,0,0,2,1,"M",1,137500,904
1588865,14,0,0,3,0,"M",1,112500,905
1589682,14,0,0,8,0,"F",1,250000,906
1589774,14,0,0,3,0,"M",1,62500,907
1590492,14,0,0,5,0,"M",1,250000,908
1590674,14,1,0,7,3,"F",1,20000,909
1590711,14,1,0,4,1,"F",1,187500,910
1590921,14,0,0,7,0,"F",1,250000,911
1590969,14,0,0,5,0,"F",0,42500,912
1591056,14,0,0,1,0,"F",1,225000,913
1591165,14,0,0,1,0,"F",1,250000,914
1591251,14,0,0,6,0,"F",0,87500,915
1591366,14,0,0,5,0,"M",1,250000,916
1591670,14,0,0,8,1,"M",1,137500,917
1591722,14,0,0,3,1,"F",0,62500,918
1591917,14,0,0,6,0,"F",1,187500,919
1591990,14,0,0,2.26373624801636,0,"M",0,42500,920
1592216,14,0,0,7,0,"F",1,62500,921
1592278,14,0,0,5,0,"F",1,187500,922
1592293,14,0,0,6,1,"F",1,112500,923
1592707,14,0,0,6,1,"F",1,250000,924
1592744,14,0,0,4,0,"F",0,112500,925
1592908,14,0,0,6,1,"F",1,87500,926
1593038,14,0,0,5,2,"F",1,112500,927
1593301,14,0,0,6,0,"M",1,62500,928
1593487,14,1,0,9,4,"M",1,87500,929
1593651,14,0,0,7,1,"F",1,42500,930
1593813,14,0,0,7,1,"F",0,20000,931
1594152,14,0,0,4,0,"F",1,87500,932
1594307,14,0,0,7,1,"F",0,87500,933
1594407,14,0,0,4,0,"F",1,187500,934
1594775,14,0,0,7,2,"F",1,42500,935
1596452,14,0,0,6,0,"F",1,112500,936
1596829,14,0,0,5,1,"M",1,112500,937
1597491,14,0,0,5,1,"F",1,42500,938
1598463,14,0,0,4,0,"F",1,62500,939
1598633,14,0,0,7,0,"F",1,112500,940
1598919,14,0,0,1,0,"F",0,62500,941
1599722,14,0,0,7,2,"M",1,42500,942
1599748,14,0,0,5,0,"F",0,7500,943
1601262,14,0,0,8,1,"F",1,62500,944
1601710,14,0,0,4,1,"F",1,87500,945
1601726,14,0,0,5,0,"F",1,87500,946
1602013,14,0,0,1,0,"F",0,42500,947
1602093,14,0,0,2.26732683181763,0,"M",1,42500,948
1602541,14,0,0,1,0,"M",1,112500,949
1603217,14,0,0,4,0,"F",1,62500,950
1603225,14,0,0,5,0,"F",0,225000,951
1603429,14,0,0,7,4,"F",1,62500,952
1604015,14,0,0,5,1,"F",1,62500,953
1604126,14,0,0,5,0,"F",1,112500,954
1604128,14,0,0,7,0,"F",0,187500,955
1604268,14,0,0,2,0,"F",1,62500,956
1604528,14,0,0,4,0,"F",1,112500,957
1605044,14,0,0,5,0,"F",1,225000,958
1605048,14,0,0,4,1,"F",1,187500,959
1605961,14,0,0,4,0,"F",0,112500,960
1608086,14,0,0,4,0,"F",0,112500,961
1608536,14,0,0,6,1,"M",1,87500,962
1608611,14,0,0,4,0,"F",1,62500,963
1608612,14,0,0,7,1,"F",0,20000,964
1608644,14,0,0,6,0,"F",0,250000,965
1609138,14,0,0,2,0,"F",1,112500,966
1609335,14,0,0,5,0,"F",1,87500,967
1609688,14,0,0,5,0,"F",0,42500,968
1609694,14,0,0,5,1,"M",1,42500,969
1609742,14,0,0,7,0,"F",1,20000,970
1610234,14,0,0,7,1,"F",1,42500,971
1610404,14,0,0,7,0,"M",0,62500,972
1611512,14,0,0,2,0,"F",1,30000,973
1611563,14,0,0,3,0,"F",1,250000,974
1612208,14,0,0,7,1,"M",1,187500,975
1612444,14,0,0,7,1,"F",1,250000,976
1612702,14,0,0,6,0,"F",1,137500,977
1612863,14,0,0,5,1,"F",0,42500,978
1612987,14,0,0,13,5,"F",0,187500,979
1613295,14,0,0,9,1,"F",1,7500,980
1613630,14,0,0,2,0,"F",1,137500,981
1613669,14,0,0,7,0,"F",1,225000,982
1613754,14,0,0,4,0,"F",1,250000,983
1613787,14,0,0,5,0,"M",1,187500,984
1614408,14,0,0,5,1,"F",1,225000,985
1614896,14,0,0,5,0,"F",0,112500,986
1614950,14,0,0,4,0,"F",1,62500,987
1614982,14,0,0,5,1,"M",0,62500,988
1615046,14,0,0,4,2,"F",0,42500,989
1615126,14,1,0,4,1,"M",1,112500,990
1616126,14,0,0,2.47368431091309,0,"F",1,112500,991
1616413,14,0,0,2,0,"F",1,42500,992
1617245,14,0,0,4,0,"F",0,30000,993
1617490,14,0,0,4,0,"F",1,187500,994
1617675,14,0,0,7,1,"F",0,87500,995
1617709,14,0,0,1,0,"F",1,62500,996
1618855,14,0,0,1,0,"F",0,62500,997
1619223,14,0,0,6,2,"F",1,20000,998
1620927,14,0,0,3,0,"M",0,112500,999
1620942,14,1,0,6,1,"F",1,20000,1000
117514,15,0,0,8,1,"F",0,42500,1
287398,15,0,0,5,0,"F",0,42500,2
469734,15,0,0,8,0,"F",1,250000,3
1054974,15,0,0,8,1,"F",1,137500,4
1060246,15,0,0,9,1,"F",1,62500,5
1061355,15,0,0,9,0,"F",1,87500,6
1061649,15,0,0,8,0,"M",1,225000,7
1062171,15,0,0,9,0,"F",1,250000,8
1063617,15,0,0,8,0,"F",1,250000,9
1068288,15,0,0,8,0,"F",0,30000,10
1071414,15,0,0,7,0,"F",1,62500,11
1077480,15,0,0,5,0,"F",0,62500,12
1081075,15,0,0,8,0,"F",1,250000,13
1081928,15,0,0,9,0,"F",1,62500,14
1082351,15,0,0,4,0,"F",0,30000,15
1087152,15,0,1,9,2,"F",1,187500,16
1089142,15,2,2,5,4,"F",1,87500,17
1091840,15,0,0,10,0,"F",1,30000,18
1094021,15,0,0,3,0,"F",1,87500,19
1094281,15,0,0,1,0,"F",1,62500,20
1100417,15,0,0,4,0,"F",1,62500,21
1100757,15,0,0,4,0,"F",0,112500,22
1102828,15,0,0,9,0,"F",0,62500,23
1103923,15,0,0,1,0,"F",1,225000,24
1107037,15,0,0,8,0,"F",1,112500,25
1108749,15,0,0,8,0,"F",0,87500,26
1108764,15,0,0,4,0,"F",0,62500,27
1111628,15,0,0,9,1,"F",1,137500,28
1111718,15,0,0,8,1,"F",1,112500,29
1114150,15,0,0,2,0,"F",0,30000,30
1117270,15,0,0,2,1,"M",1,20000,31
1120531,15,0,0,6,0,"F",1,62500,32
1122158,15,0,0,10,1,"F",0,62500,33
1128451,15,0,0,8,0,"F",1,42500,34
1136393,15,0,0,5,0,"F",0,112500,35
1136784,15,0,0,8,0,"M",0,225000,36
1139371,15,0,0,4,1,"F",0,42500,37
1139886,15,1,0,9,1,"F",1,112500,38
1144195,15,0,0,5,0,"M",1,250000,39
1144979,15,0,0,15,0,"F",1,112500,40
1145339,15,0,0,11,1,"F",1,62500,41
1145483,15,0,0,1,0,"F",0,7500,42
1146117,15,0,0,5,0,"M",0,87500,43
1147315,15,0,0,8,1,"F",1,187500,44
1148446,15,0,0,7,0,"F",0,20000,45
1149897,15,0,0,2,0,"M",0,30000,46
1149964,15,0,0,9,1,"F",1,42500,47
1150751,15,0,0,4,0,"M",0,7500,48
1150797,15,0,0,11,3,"F",1,162500,49
1151559,15,0,1,11,1,"F",1,112500,50
1151769,15,0,1,7,0,"F",0,112500,51
1152166,15,0,0,5,0,"M",1,137500,52
1152366,15,1,0,2,2,"F",1,87500,53
1153528,15,0,0,8,0,"M",1,62500,54
1153766,15,0,0,8,0,"F",1,162500,55
1155123,15,0,0,2,0,"F",1,112500,56
1156205,15,0,0,11,2,"F",0,112500,57
1156827,15,0,0,7,0,"F",0,7500,58
1157198,15,0,0,7,0,"F",1,20000,59
1165832,15,0,0,8,1,"F",0,62500,60
1166157,15,0,0,18,1,"F",0,137500,61
1167911,15,1,0,8,3,"F",1,87500,62
1168134,15,0,0,9,0,"F",0,162500,63
1168271,15,0,0,9,2,"F",1,112500,64
1171923,15,0,0,6,1,"F",0,62500,65
1172112,15,0,0,7,0,"F",0,20000,66
1174038,15,0,0,6,0,"M",1,112500,67
1174562,15,0,0,9,0,"F",1,62500,68
1174985,15,0,0,8,1,"F",1,62500,69
1176048,15,0,1,9,0,"F",1,62500,70
1179432,15,0,0,8,2,"F",1,87500,71
1179878,15,0,0,6,0,"M",1,62500,72
1180407,15,0,1,8,0,"F",0,62500,73
1180590,15,0,0,7,0,"F",0,112500,74
1180640,15,0,0,5,1,"F",1,62500,75
1181283,15,0,0,5,0,"F",1,62500,76
1181372,15,0,0,2,0,"M",1,62500,77
1181576,15,0,0,5,1,"F",1,87500,78
1182877,15,0,0,5,0,"M",1,62500,79
1184139,15,0,0,8,1,"F",1,20000,80
1184169,15,0,0,11,1,"F",1,112500,81
1184297,15,0,0,8,0,"M",1,112500,82
1184913,15,0,0,5,0,"F",1,87500,83
1185813,15,0,0,2,0,"M",1,87500,84
1185876,15,0,0,1.11764705181122,0,"F",1,137500,85
1186126,15,0,0,8,0,"F",1,62500,86
1187131,15,0,0,1.97826087474823,0,"M",0,42500,87
1187232,15,0,0,7,0,"F",0,62500,88
1187420,15,0,1,8,1,"F",1,87500,89
1187873,15,0,0,8,2,"M",1,112500,90
1187978,15,0,0,4,0,"F",1,62500,91
1188069,15,0,0,7,0,"F",1,162500,92
1188761,15,0,0,7,0,"F",1,162500,93
1188833,15,0,0,7,0,"F",1,62500,94
1189258,15,0,0,6,0,"F",1,225000,95
1189412,15,0,0,2.08641982078552,0,"F",1,20000,96
1189715,15,0,0,3,0,"M",1,162500,97
1189764,15,0,0,2,0,"F",1,137500,98
1190134,15,0,0,8,0,"F",0,20000,99
1190711,15,0,1,9,0,"F",1,162500,100
1191253,15,0,1,9,0,"F",0,62500,101
1191595,15,0,0,9,1,"F",1,62500,102
1191968,15,0,0,4,0,"F",1,112500,103
1192704,15,1,0,8,2,"F",1,62500,104
1192874,15,0,1,6,0,"F",1,62500,105
1193114,15,0,0,8,2,"F",1,162500,106
1193232,15,1,0,3,3,"M",1,112500,107
1193743,15,0,0,8,0,"F",1,20000,108
1193751,15,0,0,3,0,"F",0,42500,109
1193787,15,0,0,9,1,"F",1,62500,110
1194121,15,0,0,4,0,"F",0,42500,111
1194319,15,0,0,7,0,"F",0,62500,112
1194477,15,0,0,10,0,"F",1,112500,113
1195243,15,0,0,8,0,"F",1,62500,114
1195315,15,0,0,5,0,"M",1,112500,115
1195629,15,0,0,9,2,"M",1,62500,116
1196370,15,0,0,10,2,"F",0,137500,117
1196373,15,0,0,4,0,"F",1,87500,118
1196532,15,0,0,9,0,"F",1,112500,119
1196672,15,0,0,8,1,"F",0,62500,120
1196715,15,0,0,9,0,"F",1,62500,121
1196867,15,0,0,8,0,"F",1,62500,122
1197628,15,0,0,4,0,"M",0,137500,123
1198131,15,0,0,2,0,"F",0,42500,124
1198229,15,0,0,8,0,"F",1,62500,125
1198340,15,0,0,2.20731711387634,0,"F",1,112500,126
1198656,15,0,0,1,0,"F",0,42500,127
1198936,15,0,0,10,1,"M",0,162500,128
1199872,15,1,0,9,2,"F",0,87500,129
1202556,15,0,0,9,1,"F",1,62500,130
1204291,15,0,0,2,0,"F",0,20000,131
1204517,15,0,0,9,0,"F",1,62500,132
1204703,15,0,0,5,1,"F",0,87500,133
1205899,15,0,0,5,0,"F",1,162500,134
1207119,15,0,0,2,0,"F",1,62500,135
1208107,15,0,0,7,0,"F",1,112500,136
1208888,15,0,0,1.53030300140381,0,"F",0,20000,137
1209486,15,0,0,8,0,"F",1,62500,138
1209955,15,0,0,2,0,"M",1,225000,139
1210800,15,1,0,9,2,"F",1,250000,140
1211027,15,0,0,7,2,"F",1,112500,141
1211068,15,0,0,9,0,"F",0,250000,142
1211288,15,0,0,9,0,"F",0,7500,143
1211807,15,0,0,1,0,"F",1,42500,144
1212464,15,0,0,7,0,"F",0,42500,145
1213078,15,0,0,10,0,"F",1,250000,146
1213693,15,0,0,11,2,"F",1,162500,147
1216811,15,0,0,6,0,"F",1,162500,148
1217376,15,0,0,9,0,"F",1,137500,149
1217401,15,0,0,9,0,"F",0,62500,150
1221162,15,0,0,8,0,"F",1,62500,151
1222034,15,0,0,8,1,"M",1,87500,152
1222561,15,0,0,4,0,"F",1,62500,153
1224353,15,0,0,8,0,"F",1,87500,154
1224379,15,0,0,8,1,"F",1,162500,155
1225029,15,0,0,4,0,"F",1,62500,156
1225288,15,0,0,7,0,"F",1,112500,157
1225581,15,0,0,8,1,"F",1,30000,158
1226932,15,0,0,8,0,"F",1,87500,159
1226943,15,0,0,12,4,"F",1,162500,160
1227191,15,0,0,10,0,"F",1,112500,161
1227743,15,0,0,12,2,"F",0,62500,162
1228628,15,0,0,6,3,"F",1,62500,163
1228793,15,0,0,9,0,"F",0,87500,164
1229147,15,0,1,10,2,"F",1,87500,165
1229564,15,0,0,9,0,"F",1,62500,166
1229612,15,0,0,8,3,"M",1,187500,167
1229771,15,0,0,11,0,"F",1,87500,168
1229884,15,0,0,6,1,"F",1,112500,169
1230105,15,0,0,10,1,"F",1,137500,170
1230445,15,0,0,8,0,"F",1,62500,171
1230648,15,0,1,6,0,"F",1,87500,172
1230860,15,0,0,8,0,"F",1,62500,173
1231637,15,0,0,3,0,"F",1,112500,174
1233436,15,0,0,8,0,"F",0,162500,175
1233553,15,0,0,9,0,"F",1,112500,176
1234916,15,0,0,8,1,"M",1,62500,177
1237257,15,0,0,6,1,"F",1,62500,178
1237667,15,0,0,7,1,"F",1,87500,179
1238108,15,0,0,7,1,"F",1,42500,180
1238707,15,0,0,5,0,"F",1,62500,181
1238904,15,0,0,8,0,"M",1,87500,182
1239286,15,0,0,3,1,"F",1,250000,183
1239623,15,0,0,6,0,"F",0,42500,184
1239849,15,0,0,4,0,"F",1,112500,185
1239936,15,0,0,1.44736838340759,0,"F",0,7500,186
1240102,15,0,0,8,1,"F",0,62500,187
1241439,15,0,0,8,0,"F",1,112500,188
1241595,15,1,0,10,2,"F",1,62500,189
1241711,15,0,0,8,0,"F",1,87500,190
1242022,15,0,0,6,0,"F",1,62500,191
1242223,15,0,0,9,0,"M",1,137500,192
1242542,15,0,0,4,0,"M",1,137500,193
1243937,15,0,0,10,0,"F",1,87500,194
1244277,15,0,0,3,4,"F",0,112500,195
1245286,15,0,0,6,0,"F",1,62500,196
1246704,15,0,0,8,1,"F",1,87500,197
1247392,15,0,0,8,0,"F",1,87500,198
1248826,15,1,0,7,1,"F",1,87500,199
1249794,15,0,0,8,0,"F",0,137500,200
1250074,15,0,0,8,0,"F",0,87500,201
1250242,15,0,0,3,0,"F",0,250000,202
1250577,15,0,1,11,4,"F",1,62500,203
1250585,15,0,0,9,1,"F",1,187500,204
1250879,15,0,0,4,0,"F",1,137500,205
1250899,15,0,0,6,0,"M",1,112500,206
1251138,15,0,0,6,0,"M",1,137500,207
1251550,15,0,0,8,0,"F",1,62500,208
1251623,15,0,0,7,0,"F",1,7500,209
1251804,15,0,0,3,2,"F",0,137500,210
1251816,15,0,0,8,0,"F",1,137500,211
1252257,15,0,0,9,2,"F",0,87500,212
1252297,15,0,0,5,0,"M",1,62500,213
1252403,15,0,0,10,0,"M",1,62500,214
1252534,15,0,0,9,0,"F",1,187500,215
1252759,15,0,0,8,0,"F",1,137500,216
1252878,15,0,0,9,2,"F",1,137500,217
1254168,15,0,0,9,0,"F",1,62500,218
1254684,15,0,0,9,1,"M",1,112500,219
1258925,15,0,0,9,0,"F",1,42500,220
1259640,15,0,0,7,0,"M",1,87500,221
1259672,15,0,0,10,2,"F",1,62500,222
1259740,15,0,0,10,2,"F",1,30000,223
1262332,15,0,0,7,0,"F",1,87500,224
1262373,15,0,0,11,1,"F",1,250000,225
1262926,15,0,0,5,1,"F",1,62500,226
1263058,15,0,0,4,0,"F",0,137500,227
1263919,15,0,0,7,0,"M",0,30000,228
1264065,15,0,0,7,2,"F",1,187500,229
1264317,15,0,0,8,0,"F",1,187500,230
1264505,15,0,0,5,4,"F",1,87500,231
1264703,15,0,0,7,0,"F",0,30000,232
1265443,15,0,0,8,0,"F",0,20000,233
1265755,15,0,0,8,0,"F",1,112500,234
1265835,15,0,0,5,1,"F",1,112500,235
1265892,15,0,0,8,0,"F",0,187500,236
1266201,15,0,0,2.40229892730713,0,"F",1,187500,237
1268413,15,0,0,9,1,"F",1,62500,238
1269756,15,0,0,7,1,"F",1,62500,239
1269824,15,0,0,3,0,"M",0,30000,240
1273931,15,0,0,8,0,"F",1,20000,241
1275308,15,0,0,8,1,"M",1,87500,242
1275698,15,0,0,4,0,"F",1,87500,243
1275888,15,0,0,3,0,"F",1,137500,244
1276784,15,0,0,7,0,"F",0,20000,245
1277335,15,0,0,4,0,"F",1,42500,246
1279299,15,0,0,5,0,"M",1,87500,247
1279847,15,0,0,8,0,"F",1,42500,248
1280469,15,0,0,8,0,"F",0,7500,249
1281674,15,0,0,8,0,"F",0,137500,250
1285561,15,0,0,10,1,"F",1,250000,251
1286058,15,0,0,9,0,"F",1,250000,252
1286676,15,0,1,8,2,"M",1,225000,253
1287337,15,0,0,9,0,"F",0,62500,254
1288054,15,0,0,8,0,"F",1,42500,255
1288246,15,0,0,5,0,"F",0,62500,256
1288502,15,0,0,8,5,"M",0,137500,257
1288666,15,0,0,8,0,"F",1,62500,258
1288675,15,0,0,2,0,"F",1,20000,259
1288774,15,0,0,8,0,"F",1,187500,260
1288902,15,0,0,9,0,"F",1,87500,261
1289229,15,0,0,1,0,"F",0,112500,262
1290077,15,0,0,6,1,"F",1,87500,263
1290515,15,0,0,7,0,"F",0,87500,264
1290723,15,0,0,7,1,"F",0,30000,265
1291318,15,0,0,6,0,"F",1,42500,266
1291608,15,0,0,8,1,"F",0,30000,267
1292847,15,0,0,14,1,"F",1,42500,268
1293296,15,0,0,9,0,"F",1,30000,269
1293595,15,0,1,9,0,"F",1,62500,270
1293939,15,0,0,8,0,"F",1,250000,271
1294157,15,0,0,8,1,"F",1,62500,272
1294200,15,0,0,8,1,"F",1,62500,273
1294399,15,0,0,9,1,"F",0,30000,274
1294837,15,0,0,8,1,"F",0,62500,275
1297008,15,0,0,5,0,"F",0,7500,276
1297323,15,0,1,1,3,"F",0,7500,277
1297452,15,0,0,11,1,"M",1,87500,278
1297615,15,0,0,5,0,"F",0,20000,279
1297678,15,0,0,7,1,"M",1,62500,280
1298036,15,0,0,8,0,"F",0,7500,281
1298136,15,0,0,10,0,"M",0,30000,282
1298614,15,0,1,9,0,"F",1,62500,283
1300363,15,0,0,7,1,"M",1,42500,284
1300457,15,0,0,3,0,"M",1,42500,285
1301237,15,0,0,6,0,"F",1,20000,286
1301332,15,0,0,10,0,"M",1,42500,287
1301620,15,0,0,7,0,"F",1,87500,288
1302173,15,0,0,7,0,"F",1,225000,289
1302216,15,0,0,3,0,"F",1,62500,290
1302375,15,0,0,8,1,"F",1,87500,291
1303092,15,0,0,8,0,"F",1,62500,292
1303908,15,0,0,7,2,"M",1,87500,293
1304518,15,0,0,7,1,"F",1,87500,294
1304751,15,0,0,7,0,"F",0,30000,295
1306505,15,0,0,8,1,"F",0,62500,296
1307675,15,0,1,12,0,"F",1,62500,297
1307821,15,0,0,9,1,"M",1,42500,298
1310138,15,0,0,6,0,"F",1,62500,299
1310269,15,0,0,7,2,"F",0,112500,300
1311143,15,0,0,4,0,"M",0,62500,301
1311172,15,0,0,4,0,"M",1,137500,302
1311388,15,0,0,9,0,"M",0,20000,303
1312227,15,0,0,7,0,"F",0,62500,304
1313291,15,0,0,2,0,"F",1,162500,305
1313396,15,0,0,9,0,"F",0,30000,306
1313735,15,0,0,7,0,"F",1,20000,307
1313856,15,0,0,9,1,"F",0,20000,308
1314520,15,0,0,8,0,"F",1,62500,309
1314682,15,0,0,3,0,"F",0,20000,310
1314969,15,0,0,8,2,"F",0,87500,311
1315946,15,0,0,8,0,"F",0,62500,312
1317054,15,0,0,9,0,"F",0,7500,313
1317356,15,0,0,8,0,"F",1,62500,314
1318696,15,0,0,8,0,"F",0,62500,315
1318996,15,0,0,8,0,"F",1,62500,316
1319548,15,0,0,6,1,"F",0,20000,317
1319613,15,0,2,9,0,"F",0,137500,318
1319738,15,0,0,8,2,"F",1,137500,319
1320734,15,0,0,8,0,"F",1,20000,320
1320750,15,0,0,7,0,"F",0,7500,321
1322205,15,0,0,9,0,"F",1,62500,322
1322235,15,0,0,7,1,"F",0,62500,323
1322521,15,0,0,8,0,"M",1,42500,324
1322942,15,0,0,9,0,"F",1,87500,325
1323304,15,0,0,9,0,"F",1,162500,326
1323359,15,0,1,12,1,"M",0,187500,327
1323491,15,0,0,4,0,"F",1,250000,328
1323698,15,0,0,6,0,"M",0,250000,329
1323962,15,0,0,9,0,"M",1,62500,330
1324251,15,0,0,4,0,"F",0,20000,331
1324843,15,0,0,6,0,"F",1,87500,332
1325556,15,0,0,2,0,"F",0,20000,333
1327146,15,0,2,9,0,"F",1,162500,334
1328158,15,0,0,9,0,"F",1,62500,335
1328623,15,0,0,8,0,"M",1,30000,336
1328832,15,0,0,9,0,"F",1,187500,337
1329574,15,0,0,8,0,"F",0,42500,338
1330046,15,0,0,6,0,"F",1,112500,339
1330272,15,0,0,7,0,"F",1,137500,340
1330497,15,0,0,8,0,"F",1,162500,341
1331244,15,0,0,8,0,"F",0,30000,342
1331261,15,0,0,5,0,"F",0,7500,343
1331950,15,0,0,9,1,"F",1,62500,344
1333858,15,0,0,9,2,"F",1,112500,345
1335680,15,0,0,3,0,"F",1,62500,346
1335920,15,0,0,9,0,"F",1,42500,347
1335980,15,0,0,6,0,"F",0,20000,348
1336426,15,0,0,7,0,"F",0,20000,349
1336946,15,0,0,6,0,"M",1,20000,350
1338200,15,0,0,7,0,"F",1,162500,351
1338378,15,0,0,6,0,"F",1,225000,352
1339574,15,0,0,8,0,"F",1,42500,353
1339822,15,0,0,8,0,"F",1,112500,354
1340176,15,0,0,7,0,"M",1,42500,355
1340267,15,0,0,8,0,"F",0,42500,356
1341891,15,0,0,8,0,"F",0,62500,357
1342799,15,0,0,6,1,"F",0,62500,358
1343216,15,0,0,4,0,"F",0,187500,359
1344265,15,0,0,3,0,"F",0,87500,360
1344499,15,0,0,9,1,"F",1,87500,361
1344614,15,0,0,10,0,"M",1,225000,362
1345984,15,0,0,9,0,"F",1,112500,363
1346234,15,0,0,6,0,"F",0,162500,364
1347945,15,0,0,8,3,"F",0,112500,365
1348467,15,0,0,10,0,"F",0,87500,366
1348663,15,1,0,8,1,"F",1,62500,367
1348726,15,0,0,7,0,"F",1,62500,368
1349285,15,0,0,9,0,"F",0,42500,369
1349428,15,0,0,7,0,"F",1,87500,370
1349951,15,0,0,7,0,"F",1,20000,371
1350291,15,0,0,8,1,"M",1,87500,372
1350434,15,0,0,7,1,"F",1,162500,373
1351173,15,0,0,4,0,"F",0,87500,374
1351468,15,0,0,8,0,"F",1,7500,375
1351509,15,0,0,2,1,"F",1,62500,376
1351586,15,0,0,10,1,"F",1,162500,377
1351796,15,1,0,9,2,"F",1,7500,378
1352046,15,0,0,7,0,"F",1,87500,379
1352301,15,0,0,1,0,"F",1,42500,380
1352756,15,0,0,8,0,"F",1,62500,381
1352986,15,0,0,7,0,"F",1,42500,382
1353809,15,0,0,14,6,"F",1,112500,383
1353961,15,0,0,9,0,"F",0,20000,384
1354452,15,0,0,7,0,"F",1,62500,385
1354598,15,0,0,6,0,"F",0,42500,386
1354602,15,0,0,8,0,"M",1,62500,387
1354673,15,0,0,8,0,"F",0,7500,388
1355604,15,0,0,5,0,"M",1,7500,389
1356206,15,0,0,8,0,"F",1,62500,390
1358021,15,0,0,9,0,"F",1,112500,391
1358933,15,0,0,10,0,"F",0,112500,392
1361465,15,0,0,6,0,"F",0,137500,393
1362107,15,0,0,3,0,"M",1,162500,394
1363023,15,0,0,8,0,"F",1,30000,395
1363370,15,0,0,5,0,"M",1,62500,396
1364059,15,0,1,11,1,"M",1,112500,397
1366217,15,0,0,6,1,"M",0,112500,398
1366244,15,0,0,4,0,"F",0,112500,399
1367411,15,0,0,9,0,"F",1,20000,400
1367420,15,0,1,17,2,"F",1,162500,401
1368140,15,0,0,11,0,"F",1,62500,402
1368385,15,0,0,4,0,"M",1,162500,403
1369918,15,0,0,8,0,"F",1,87500,404
1372221,15,0,0,4,1,"F",1,7500,405
1372333,15,0,0,2,0,"F",1,62500,406
1374105,15,0,0,8,1,"F",0,7500,407
1374132,15,0,0,8,0,"M",1,62500,408
1374680,15,0,0,8,0,"F",1,62500,409
1375113,15,0,0,8,0,"F",1,87500,410
1376245,15,0,0,4,0,"F",0,62500,411
1377492,15,0,0,9,0,"F",1,137500,412
1377719,15,0,0,8,1,"F",1,137500,413
1378071,15,0,0,7,1,"F",0,62500,414
1378409,15,0,0,11,3,"F",1,62500,415
1380721,15,0,1,4,0,"F",1,42500,416
1381136,15,0,0,6,0,"F",1,62500,417
1381384,15,0,0,9,0,"F",1,162500,418
1381552,15,0,0,8,0,"M",1,87500,419
1381639,15,0,0,9,0,"F",1,225000,420
1381711,15,0,0,4,0,"F",1,87500,421
1382137,15,0,0,7,0,"F",1,112500,422
1382624,15,0,0,8,0,"F",1,62500,423
1382975,15,0,0,9,1,"F",1,112500,424
1384230,15,0,0,9,0,"F",1,137500,425
1384341,15,0,0,8,0,"F",0,137500,426
1385468,15,0,0,9,1,"F",1,250000,427
1385831,15,0,0,6,0,"F",1,42500,428
1386066,15,0,0,1.95789468288422,1,"F",1,112500,429
1386120,15,0,0,8,1,"F",1,42500,430
1387428,15,0,0,8,0,"F",0,62500,431
1387588,15,0,0,8,0,"F",1,42500,432
1388210,15,0,0,7,0,"M",1,62500,433
1388355,15,0,0,4,0,"F",1,62500,434
1388513,15,0,1,10,1,"F",1,162500,435
1388833,15,0,0,9,0,"F",0,42500,436
1389030,15,0,0,8,0,"F",1,62500,437
1389384,15,0,0,8,0,"F",0,42500,438
1389406,15,0,0,10,1,"F",1,87500,439
1389477,15,0,0,8,0,"F",1,62500,440
1390351,15,0,1,9,1,"M",1,162500,441
1392387,15,0,0,6,0,"F",0,87500,442
1393255,15,0,0,8,1,"F",1,87500,443
1393466,15,0,0,3,1,"M",1,87500,444
1393929,15,0,0,10,0,"F",1,225000,445
1394027,15,0,0,2,0,"F",1,162500,446
1395064,15,0,0,8,0,"F",1,162500,447
1395309,15,0,1,7,1,"F",0,42500,448
1395394,15,1,0,8,3,"F",0,7500,449
1396474,15,0,0,2,0,"F",1,62500,450
1396597,15,0,0,4,0,"F",1,87500,451
1396618,15,0,0,8,1,"F",1,87500,452
1396830,15,0,0,7,0,"F",1,87500,453
1397814,15,0,1,5,1,"M",1,137500,454
1398493,15,0,0,2,0,"F",1,87500,455
1398606,15,0,0,7,0,"M",1,20000,456
1399233,15,0,0,4,0,"F",0,42500,457
1399269,15,0,0,8,1,"F",1,62500,458
1399329,15,0,1,12,1,"F",1,112500,459
1401246,15,0,0,3,0,"F",1,42500,460
1401458,15,0,0,7,1,"F",1,62500,461
1403021,15,0,0,5,0,"F",1,112500,462
1403631,15,0,0,7,0,"F",1,62500,463
1403972,15,0,1,9,8,"F",1,162500,464
1404355,15,0,0,7,0,"F",1,87500,465
1404418,15,0,0,6,1,"F",1,42500,466
1404842,15,0,0,4,0,"M",1,112500,467
1405544,15,0,0,10,2,"F",0,20000,468
1406907,15,0,0,8,0,"F",1,87500,469
1408575,15,0,0,3,0,"M",0,30000,470
1410385,15,0,0,10,0,"F",1,162500,471
1411418,15,0,0,5,1,"M",1,87500,472
1412397,15,0,0,8,0,"M",1,42500,473
1412511,15,0,0,2.29411768913269,0,"F",1,42500,474
1412646,15,0,0,17,0,"F",1,162500,475
1413182,15,0,0,9,0,"F",1,112500,476
1413837,15,0,0,6,0,"F",1,225000,477
1413925,15,0,0,8,0,"F",0,62500,478
1414361,15,0,0,5,1,"F",1,112500,479
1414857,15,0,0,7,0,"M",1,162500,480
1414873,15,0,0,5,0,"F",1,112500,481
1415098,15,0,0,9,2,"F",0,87500,482
1415320,15,0,1,8,1,"F",1,162500,483
1416429,15,0,1,9,1,"F",1,87500,484
1416731,15,0,1,2,1,"F",1,162500,485
1416940,15,0,0,7,0,"F",0,137500,486
1417159,15,0,0,6,0,"M",0,20000,487
1417523,15,0,0,2,0,"F",1,187500,488
1418358,15,0,0,9,3,"F",0,112500,489
1418818,15,0,1,9,2,"F",1,87500,490
1419071,15,0,0,6,0,"M",1,87500,491
1419406,15,0,0,7,1,"F",1,62500,492
1419467,15,0,0,7,0,"F",1,162500,493
1419627,15,0,0,10,1,"M",1,87500,494
1419833,15,0,0,9,0,"F",1,225000,495
1420095,15,0,0,2,0,"M",1,187500,496
1420139,15,0,1,11,1,"F",1,112500,497
1420150,15,0,0,8,0,"F",0,7500,498
1420458,15,0,0,8,1,"M",1,20000,499
1420461,15,0,0,6,0,"F",1,62500,500
1420462,15,1,0,8,1,"F",1,162500,501
1420478,15,0,0,4,0,"F",1,42500,502
1420505,15,0,0,6,3,"F",0,7500,503
1420957,15,0,0,2,0,"F",1,225000,504
1420990,15,0,0,8,2,"F",0,87500,505
1421112,15,0,0,8,0,"F",0,87500,506
1421265,15,0,0,10,2,"F",0,137500,507
1421359,15,0,0,6,0,"F",0,7500,508
1422155,15,0,0,9,2,"F",1,187500,509
1422249,15,0,0,2,0,"M",0,62500,510
1424297,15,0,0,1,0,"M",1,20000,511
1424626,15,0,0,9,1,"F",0,112500,512
1425960,15,0,0,7,0,"F",0,20000,513
1426165,15,0,0,9,0,"F",0,112500,514
1426230,15,0,0,6,0,"F",0,7500,515
1426266,15,0,0,7,1,"F",1,112500,516
1426799,15,0,0,5,4,"F",1,87500,517
1427258,15,0,0,8,0,"F",0,62500,518
1427579,15,0,0,6,1,"F",1,87500,519
1427915,15,0,0,5,2,"F",0,62500,520
1428277,15,0,0,8,0,"M",1,112500,521
1429936,15,0,2,13,1,"F",1,187500,522
1430214,15,0,1,9,0,"M",0,112500,523
1430754,15,0,0,7,0,"M",1,187500,524
1431104,15,0,0,8,0,"F",0,250000,525
1431118,15,0,0,3,1,"F",1,62500,526
1431340,15,0,0,9,0,"F",0,87500,527
1431513,15,0,0,8,0,"F",1,62500,528
1431697,15,0,0,7,0,"F",1,87500,529
1431949,15,0,0,9,1,"F",1,42500,530
1432387,15,0,0,9,0,"F",0,162500,531
1432724,15,0,0,8,0,"F",1,20000,532
1432840,15,0,0,9,0,"F",1,20000,533
1432998,15,0,0,6,0,"F",1,62500,534
1433194,15,0,0,9,0,"F",1,42500,535
1433587,15,0,0,9,1,"M",1,87500,536
1434275,15,0,0,11,1,"F",1,20000,537
1434712,15,0,0,3,0,"F",1,42500,538
1435022,15,0,1,4,0,"F",1,187500,539
1435557,15,0,0,4,0,"M",1,62500,540
1435794,15,0,0,10,1,"F",0,87500,541
1435996,15,0,0,6,1,"F",1,112500,542
1436928,15,0,0,8,0,"F",1,112500,543
1437747,15,0,0,7,1,"F",1,137500,544
1437857,15,0,0,9,0,"M",1,62500,545
1437869,15,0,0,9,2,"F",1,187500,546
1437899,15,0,0,10,1,"F",1,137500,547
1438760,15,0,0,11,2,"F",1,137500,548
1438884,15,0,0,9,0,"M",1,87500,549
1439629,15,0,0,8,0,"F",1,7500,550
1439689,15,0,0,6,1,"F",1,112500,551
1439713,15,0,0,7,0,"F",1,62500,552
1440356,15,0,0,2,0,"M",1,250000,553
1441053,15,0,0,7,1,"M",1,30000,554
1441466,15,0,0,8,2,"F",1,250000,555
1442287,15,0,0,8,2,"F",0,187500,556
1442704,15,0,0,8,0,"F",1,87500,557
1443687,15,0,0,7,0,"F",0,87500,558
1443964,15,0,2,8,2,"F",1,250000,559
1444485,15,0,0,7,0,"F",1,112500,560
1445100,15,0,0,8,2,"F",1,87500,561
1446288,15,0,0,13,0,"F",0,62500,562
1447092,15,0,0,5,0,"M",1,42500,563
1447298,15,0,1,9,1,"F",1,62500,564
1448763,15,0,0,2,0,"F",0,62500,565
1448901,15,0,0,3,0,"F",0,62500,566
1449431,15,0,0,8,0,"F",1,137500,567
1450170,15,0,0,8,0,"F",0,62500,568
1450180,15,0,0,5,0,"M",1,62500,569
1450746,15,0,1,9,0,"F",1,7500,570
1450805,15,0,0,3,0,"M",1,225000,571
1450890,15,0,0,9,0,"F",1,225000,572
1451275,15,0,0,4,0,"M",1,62500,573
1451865,15,0,0,7,0,"F",1,225000,574
1452879,15,0,0,9,1,"F",1,137500,575
1454110,15,0,0,8,1,"F",1,62500,576
1454343,15,0,1,8,0,"M",0,30000,577
1454425,15,0,0,10,1,"F",1,112500,578
1454661,15,0,0,10,0,"F",1,87500,579
1455466,15,0,0,8,2,"F",1,87500,580
1455615,15,0,1,3,0,"F",1,7500,581
1455721,15,0,0,3,2,"M",1,87500,582
1455906,15,0,0,9,0,"F",1,250000,583
1456029,15,0,0,8,0,"F",1,42500,584
1456155,15,0,0,8,1,"F",1,250000,585
1456186,15,0,0,7,0,"F",1,20000,586
1456531,15,0,0,8,0,"F",1,187500,587
1456609,15,0,1,4,0,"F",1,62500,588
1456628,15,0,0,9,0,"F",1,250000,589
1456919,15,0,0,1,0,"F",1,30000,590
1457625,15,0,0,9,0,"F",1,112500,591
1457777,15,0,0,9,0,"F",1,62500,592
1457830,15,0,0,7,0,"F",1,112500,593
1457984,15,0,1,11,0,"F",1,112500,594
1458214,15,0,0,7,0,"F",1,225000,595
1460277,15,0,1,10,0,"F",1,62500,596
1460380,15,0,0,9,2,"F",0,42500,597
1460953,15,0,0,9,0,"F",0,250000,598
1461151,15,0,1,2,0,"F",1,87500,599
1461397,15,0,0,8,0,"F",1,137500,600
1462847,15,0,0,8,6,"F",1,162500,601
1462878,15,0,1,11,3,"F",1,7500,602
1463072,15,0,0,6,1,"F",1,87500,603
1464188,15,0,0,1.54166662693024,0,"F",1,137500,604
1464264,15,0,0,9,0,"M",1,112500,605
1464335,15,0,0,9,3,"F",1,187500,606
1464618,15,0,0,5,1,"F",1,112500,607
1465220,15,0,0,10,1,"F",1,137500,608
1466204,15,0,0,9,0,"F",1,87500,609
1466494,15,1,0,4,3,"M",1,20000,610
1466816,15,0,1,12,1,"F",1,137500,611
1466833,15,0,0,10,0,"F",1,87500,612
1466886,15,0,0,8,1,"F",1,137500,613
1466955,15,0,0,10,0,"F",1,250000,614
1467019,15,0,0,6,0,"F",0,137500,615
1467058,15,0,0,8,0,"F",0,20000,616
1467155,15,0,0,8,0,"M",0,62500,617
1467520,15,0,0,7,0,"F",1,250000,618
1467621,15,0,0,8,0,"F",1,62500,619
1468654,15,1,0,3,1,"F",1,87500,620
1468709,15,0,0,4,0,"F",1,30000,621
1468714,15,0,0,9,0,"F",0,112500,622
1468733,15,0,0,9,2,"F",1,62500,623
1468745,15,0,0,8,0,"M",1,62500,624
1469175,15,0,1,16,4,"F",0,87500,625
1469204,15,0,0,9,1,"F",1,112500,626
1469239,15,0,0,8,0,"F",1,112500,627
1469248,15,0,0,5,1,"F",1,112500,628
1469990,15,0,0,9,1,"M",1,187500,629
1470110,15,0,0,10,2,"F",0,62500,630
1470965,15,0,0,8,0,"F",0,62500,631
1471445,15,0,0,7,1,"F",1,162500,632
1471473,15,0,0,4,0,"M",1,62500,633
1471528,15,0,0,8,0,"F",1,112500,634
1471566,15,0,0,4,0,"F",1,30000,635
1471723,15,0,0,9,0,"F",1,187500,636
1471767,15,0,0,8,1,"M",1,87500,637
1471934,15,0,0,7,0,"F",0,112500,638
1472977,15,0,0,8,0,"F",1,87500,639
1474598,15,0,1,11,1,"M",1,87500,640
1475170,15,0,0,8,0,"M",0,87500,641
1477477,15,0,0,1.65277779102325,0,"M",0,112500,642
1478058,15,1,0,9,2,"F",1,87500,643
1478617,15,0,0,8,1,"F",1,225000,644
1479489,15,0,0,8,1,"F",1,62500,645
1480578,15,0,0,5,0,"F",0,62500,646
1481279,15,0,0,7,1,"F",0,162500,647
1481476,15,0,1,9,0,"F",1,7500,648
1482005,15,0,0,5,1,"M",1,62500,649
1482267,15,0,1,8,1,"F",1,225000,650
1482614,15,0,0,7,0,"F",0,87500,651
1482816,15,0,0,6,0,"F",1,62500,652
1483049,15,0,0,8,0,"F",0,20000,653
1484259,15,0,0,8,0,"F",0,7500,654
1484519,15,0,0,8,0,"F",1,42500,655
1484930,15,0,0,6,0,"F",1,162500,656
1486404,15,0,0,6,0,"F",0,42500,657
1487790,15,0,1,9,0,"M",1,187500,658
1488086,15,0,0,5,2,"F",1,112500,659
1489319,15,0,0,3,0,"F",0,42500,660
1490014,15,0,0,3,0,"M",1,62500,661
1491416,15,0,1,13,1,"F",0,112500,662
1491563,15,0,0,3,0,"M",1,162500,663
1492025,15,0,1,10,0,"F",1,62500,664
1492036,15,0,0,7,0,"F",1,87500,665
1493569,15,0,0,4,0,"F",1,112500,666
1498287,15,0,0,8,0,"F",1,162500,667
1498483,15,0,0,5,0,"F",1,62500,668
1498656,15,0,0,2,0,"M",1,137500,669
1501397,15,0,0,7,1,"M",1,112500,670
1501443,15,0,0,6,0,"F",0,7500,671
1501825,15,0,0,10,1,"F",1,225000,672
1501848,15,0,0,2,0,"F",1,112500,673
1501917,15,0,1,10,0,"F",1,137500,674
1502135,15,0,0,6,0,"F",1,87500,675
1502146,15,0,0,8,2,"F",1,62500,676
1502599,15,0,0,10,1,"F",1,187500,677
1504289,15,0,0,6,1,"F",1,137500,678
1507421,15,0,0,1,0,"F",0,20000,679
1509331,15,0,0,8,1,"M",1,62500,680
1509782,15,0,0,4,1,"F",1,62500,681
1509874,15,0,0,1,0,"F",1,42500,682
1511973,15,0,0,5,0,"M",0,7500,683
1512249,15,0,0,8,0,"F",1,187500,684
1512656,15,0,1,9,0,"F",1,187500,685
1513530,15,0,1,9,1,"F",1,62500,686
1513806,15,0,0,3,0,"F",1,62500,687
1514087,15,0,0,2,0,"F",0,112500,688
1514098,15,0,0,7,1,"F",1,187500,689
1514327,15,0,0,7,1,"F",0,87500,690
1514351,15,0,0,8,1,"M",1,187500,691
1514819,15,0,1,10,0,"F",1,30000,692
1516894,15,0,0,7,0,"M",1,250000,693
1518132,15,0,0,7,1,"F",0,62500,694
1518564,15,0,0,5,0,"F",1,112500,695
1519598,15,0,0,9,1,"F",1,187500,696
1520012,15,0,0,3,1,"F",1,187500,697
1520720,15,0,1,10,1,"F",1,62500,698
1522154,15,0,0,8,0,"F",1,137500,699
1522471,15,0,0,7,1,"M",1,162500,700
1523997,15,0,0,7,1,"F",1,225000,701
1524038,15,0,0,7,0,"F",1,250000,702
1524967,15,0,0,3,1,"F",1,250000,703
1525049,15,0,0,10,1,"F",1,187500,704
1525556,15,0,1,13,2,"M",1,162500,705
1526044,15,0,0,2,0,"M",1,87500,706
1526280,15,0,0,8,0,"M",1,20000,707
1526638,15,0,0,6,1,"F",1,225000,708
1527800,15,0,0,2,1,"F",1,137500,709
1527932,15,0,0,9,0,"F",1,187500,710
1527966,15,0,0,7,0,"F",1,250000,711
1528038,15,0,0,5,1,"M",1,225000,712
1528103,15,1,0,9,2,"F",1,225000,713
1528515,15,0,0,4,0,"F",0,225000,714
1529646,15,0,0,9,0,"F",1,225000,715
1530199,15,0,0,3,0,"M",1,62500,716
1530200,15,0,0,8,0,"F",1,137500,717
1530561,15,0,0,7,0,"F",1,42500,718
1530887,15,0,0,8,2,"F",1,87500,719
1531800,15,0,0,8,1,"F",0,62500,720
1531915,15,0,1,5,1,"F",1,250000,721
1531924,15,0,0,11,0,"F",0,225000,722
1531984,15,0,0,8,1,"F",0,42500,723
1532052,15,0,1,11,1,"M",1,87500,724
1532113,15,0,1,11,0,"F",1,87500,725
1532334,15,0,0,7,0,"F",1,225000,726
1532420,15,0,0,1,0,"F",1,30000,727
1532431,15,0,0,9,0,"F",0,20000,728
1532738,15,0,0,9,1,"F",1,225000,729
1532841,15,0,0,8,2,"F",1,42500,730
1533843,15,0,0,7,0,"F",1,42500,731
1533874,15,0,0,8,2,"F",1,137500,732
1533971,15,0,0,8,2,"F",1,137500,733
1534792,15,0,0,8,0,"F",1,187500,734
1535057,15,0,0,10,1,"F",1,137500,735
1535333,15,0,1,12,4,"M",1,87500,736
1535547,15,0,1,9,1,"F",1,187500,737
1535701,15,0,0,7,0,"M",1,62500,738
1535732,15,0,0,9,0,"F",1,187500,739
1535755,15,0,0,9,0,"F",1,112500,740
1536000,15,0,1,8,1,"F",1,187500,741
1536405,15,0,0,8,0,"F",1,62500,742
1536527,15,0,0,2,0,"F",1,225000,743
1536579,15,0,0,5,1,"F",1,187500,744
1537347,15,0,0,9,1,"F",1,225000,745
1537995,15,0,0,3,0,"F",0,62500,746
1538175,15,0,2,10,1,"F",1,250000,747
1538662,15,0,1,9,0,"F",1,112500,748
1538919,15,0,0,4,0,"F",1,250000,749
1539494,15,0,0,10,0,"F",1,250000,750
1539570,15,0,1,9,0,"F",1,87500,751
1540059,15,0,0,9,2,"M",1,87500,752
1540194,15,0,0,3,0,"F",1,187500,753
1540364,15,0,0,8,0,"F",1,7500,754
1540829,15,0,0,8,0,"F",1,187500,755
1540910,15,2,1,12,9,"F",1,137500,756
1540936,15,0,0,2,1,"F",1,62500,757
1541156,15,0,0,8,0,"F",1,7500,758
1541593,15,0,0,9,0,"F",1,250000,759
1541662,15,0,1,9,0,"F",1,112500,760
1541734,15,0,0,9,0,"F",1,137500,761
1541834,15,0,0,3,0,"F",1,250000,762
1541894,15,0,0,4,0,"F",0,42500,763
1542247,15,0,1,9,1,"F",1,225000,764
1542523,15,0,1,9,0,"F",1,187500,765
1542740,15,0,0,9,1,"F",0,30000,766
1543012,15,0,1,8,1,"M",1,112500,767
1543181,15,0,1,11,0,"M",1,250000,768
1543552,15,0,1,9,0,"F",0,112500,769
1543563,15,0,0,8,0,"F",1,250000,770
1543633,15,0,2,11,2,"F",1,112500,771
1544590,15,0,0,7,0,"F",0,187500,772
1544693,15,0,0,10,0,"F",1,250000,773
1545273,15,0,0,9,0,"F",0,137500,774
1545322,15,0,1,11,0,"M",1,250000,775
1546709,15,0,0,9,2,"F",1,250000,776
1546922,15,0,1,9,0,"M",1,137500,777
1546932,15,0,0,9,1,"F",0,112500,778
1546959,15,0,0,7,0,"F",1,187500,779
1546989,15,0,0,10,0,"M",1,225000,780
1547464,15,0,0,7,0,"F",1,87500,781
1547476,15,0,0,8,0,"F",0,225000,782
1547622,15,0,0,9,0,"F",1,187500,783
1547752,15,0,0,4,0,"F",1,112500,784
1547850,15,0,0,2,0,"F",1,20000,785
1548040,15,0,0,3,0,"F",0,112500,786
1548129,15,0,0,7,1,"F",1,112500,787
1548209,15,0,0,10,0,"F",1,20000,788
1548503,15,0,0,6,0,"F",1,62500,789
1548540,15,0,1,10,0,"F",1,87500,790
1548673,15,0,0,8,0,"F",1,112500,791
1549599,15,0,0,8,0,"M",1,187500,792
1550040,15,0,0,9,0,"M",1,20000,793
1550161,15,0,0,9,0,"F",1,62500,794
1550456,15,0,0,9,0,"F",1,225000,795
1550894,15,0,0,8,0,"F",1,87500,796
1551030,15,0,0,5,0,"F",1,225000,797
1551330,15,0,0,2,1,"M",1,87500,798
1551510,15,0,1,8,0,"F",1,162500,799
1551891,15,0,1,8,1,"F",1,187500,800
1552409,15,0,0,8,0,"M",1,137500,801
1552458,15,0,1,8,0,"F",1,62500,802
1552507,15,0,0,10,1,"F",1,137500,803
1552803,15,0,2,12,1,"F",1,225000,804
1552831,15,0,1,10,0,"M",1,112500,805
1553098,15,0,0,7,0,"F",1,87500,806
1553185,15,0,0,8,0,"F",1,187500,807
1553615,15,0,1,9,0,"F",1,187500,808
1553840,15,0,0,9,1,"M",1,20000,809
1553857,15,0,0,2.21875,0,"M",1,87500,810
1553951,15,0,0,9,2,"F",1,225000,811
1554033,15,0,0,1,0,"F",1,62500,812
1554034,15,0,0,8,2,"F",1,162500,813
1554062,15,0,0,1,0,"F",1,87500,814
1554533,15,0,0,9,2,"F",1,62500,815
1554853,15,0,0,4,0,"M",1,42500,816
1554983,15,0,0,4,0,"M",1,87500,817
1555310,15,0,0,12,2,"F",1,187500,818
1555529,15,0,0,9,2,"M",1,225000,819
1555776,15,0,0,8,2,"F",1,20000,820
1555876,15,0,0,6,0,"F",0,112500,821
1556592,15,0,0,5,0,"F",1,62500,822
1556634,15,0,0,3.0238094329834,0,"M",0,87500,823
1556652,15,0,0,6,1,"F",1,42500,824
1557407,15,0,0,3,0,"F",1,162500,825
1557751,15,0,0,9,2,"F",1,162500,826
1558181,15,0,0,7,1,"F",0,62500,827
1558593,15,1,0,9,1,"F",1,137500,828
1559861,15,0,0,7,0,"F",0,20000,829
1560624,15,0,0,6,0,"F",1,62500,830
1561366,15,0,0,9,0,"F",1,62500,831
1561573,15,0,0,7,0,"F",1,137500,832
1563321,15,0,1,6,0,"F",1,187500,833
1563505,15,0,0,2,0,"M",0,62500,834
1563807,15,0,0,10,0,"F",0,112500,835
1564353,15,0,1,7,1,"F",1,137500,836
1564381,15,0,0,6,0,"F",1,42500,837
1564432,15,0,1,10,2,"F",1,20000,838
1564440,15,0,0,7,2,"F",1,62500,839
1564588,15,0,0,1,0,"F",1,162500,840
1565437,15,0,0,9,0,"F",1,87500,841
1565459,15,0,0,9,0,"F",1,162500,842
1565552,15,0,0,4,0,"F",1,187500,843
1565565,15,0,0,7,0,"M",0,112500,844
1565621,15,0,0,5,0,"F",1,42500,845
1566766,15,0,0,7,1,"F",1,62500,846
1566910,15,0,0,2,0,"M",0,42500,847
1567216,15,0,0,9,0,"F",1,112500,848
1567225,15,0,0,9,0,"F",1,42500,849
1567585,15,0,0,7,0,"M",0,87500,850
1568736,15,0,0,3,0,"F",1,137500,851
1569143,15,0,0,9,0,"F",1,87500,852
1569250,15,0,0,6,0,"M",0,7500,853
1570352,15,0,0,8,0,"F",1,62500,854
1570791,15,0,0,5,0,"F",1,112500,855
1571168,15,0,0,9,1,"F",1,42500,856
1571704,15,0,0,8,1,"F",1,42500,857
1572013,15,0,0,5,1,"F",1,87500,858
1572475,15,0,0,9,2,"F",1,87500,859
1572791,15,0,1,2,0,"F",0,137500,860
1572826,15,0,0,9,0,"F",1,87500,861
1572876,15,0,0,5,0,"M",0,20000,862
1573368,15,0,0,5,0,"M",0,62500,863
1573406,15,0,0,2,0,"F",1,87500,864
1573782,15,0,1,9,0,"F",1,112500,865
1573961,15,0,1,9,0,"M",1,62500,866
1574217,15,0,1,8,0,"M",1,187500,867
1574944,15,0,0,9,1,"F",1,87500,868
1575622,15,0,0,8,1,"F",1,137500,869
1575638,15,1,0,8,4,"F",1,87500,870
1575664,15,0,0,6,0,"F",0,20000,871
1576304,15,0,1,10,0,"M",1,250000,872
1576669,15,1,0,11,4,"F",1,112500,873
1576876,15,0,0,3,0,"F",1,137500,874
1576998,15,0,0,5,0,"F",1,250000,875
1577505,15,0,0,6,0,"M",0,20000,876
1577931,15,0,0,8,1,"F",0,112500,877
1580292,15,0,0,8,0,"F",1,250000,878
1580324,15,0,1,7,0,"M",1,87500,879
1580380,15,0,0,10,3,"F",1,187500,880
1580422,15,0,0,2,0,"M",1,225000,881
1580699,15,0,0,6,0,"M",1,30000,882
1581113,15,0,0,8,1,"F",0,112500,883
1581720,15,0,0,5,0,"F",1,250000,884
1582050,15,0,0,8,1,"F",1,137500,885
1582294,15,0,0,5,0,"F",1,250000,886
1582445,15,0,0,5,0,"F",1,137500,887
1582970,15,0,0,1,0,"F",1,187500,888
1583212,15,0,1,7,1,"F",1,250000,889
1583903,15,0,0,9,0,"F",1,250000,890
1583918,15,0,0,7,1,"F",0,162500,891
1584353,15,0,0,7,0,"F",0,87500,892
1584557,15,0,0,7,0,"F",1,62500,893
1584736,15,0,0,9,0,"F",0,87500,894
1584822,15,0,0,7,0,"F",1,62500,895
1585152,15,0,0,10,0,"F",1,30000,896
1586387,15,0,1,10,1,"F",1,187500,897
1586988,15,0,0,8,0,"F",1,87500,898
1587401,15,0,0,8,1,"F",1,87500,899
1587615,15,0,0,9,0,"F",1,30000,900
1587812,15,0,1,11,1,"F",1,225000,901
1588035,15,0,1,4,2,"F",1,112500,902
1588596,15,0,1,9,0,"M",1,137500,903
1588827,15,0,0,2,1,"M",1,137500,904
1588865,15,0,0,4,0,"M",1,112500,905
1589682,15,0,0,10,1,"F",1,250000,906
1589774,15,0,0,6,0,"M",1,62500,907
1590492,15,0,0,7,0,"M",1,250000,908
1590674,15,0,0,8,0,"F",1,20000,909
1590711,15,0,0,7,0,"F",1,187500,910
1590921,15,0,0,10,3,"F",1,250000,911
1590969,15,0,0,8,0,"F",0,42500,912
1591056,15,0,0,1,0,"F",1,225000,913
1591165,15,0,0,2,0,"F",1,250000,914
1591251,15,0,1,9,0,"F",0,87500,915
1591366,15,0,1,9,1,"M",1,250000,916
1591670,15,0,0,8,0,"M",1,137500,917
1591722,15,0,0,5,0,"F",0,62500,918
1591917,15,0,0,6,2,"F",1,187500,919
1591990,15,0,0,2.26373624801636,0,"M",0,42500,920
1592216,15,0,0,6,2,"F",1,62500,921
1592278,15,0,0,7,0,"F",1,187500,922
1592293,15,0,1,11,1,"F",1,112500,923
1592707,15,0,1,10,0,"F",1,250000,924
1592744,15,0,0,8,0,"F",0,112500,925
1592908,15,0,0,9,0,"F",1,87500,926
1593038,15,0,0,7,1,"F",1,112500,927
1593301,15,0,1,7,0,"M",1,62500,928
1593487,15,0,0,9,2,"M",1,87500,929
1593651,15,0,0,6,0,"F",1,42500,930
1593813,15,0,0,9,1,"F",0,20000,931
1594152,15,0,0,9,1,"F",1,87500,932
1594307,15,0,0,8,1,"F",0,87500,933
1594407,15,0,0,10,1,"F",1,187500,934
1594775,15,0,0,9,0,"F",1,42500,935
1596452,15,0,0,8,0,"F",1,112500,936
1596829,15,0,1,7,0,"M",1,112500,937
1597491,15,0,0,6,0,"F",1,42500,938
1598463,15,0,0,9,0,"F",1,62500,939
1598633,15,0,0,9,0,"F",1,112500,940
1598919,15,0,0,3,0,"F",0,62500,941
1599722,15,0,0,9,0,"M",1,42500,942
1599748,15,0,0,7,0,"F",0,7500,943
1601262,15,0,0,8,1,"F",1,62500,944
1601710,15,0,0,9,0,"F",1,87500,945
1601726,15,0,0,8,0,"F",1,87500,946
1602013,15,0,0,3,0,"F",0,42500,947
1602093,15,0,0,3,0,"M",1,42500,948
1602541,15,0,0,4,0,"M",1,112500,949
1603217,15,0,1,8,0,"F",1,62500,950
1603225,15,0,0,9,0,"F",0,225000,951
1603429,15,0,0,9,0,"F",1,62500,952
1604015,15,0,0,9,0,"F",1,62500,953
1604126,15,0,0,8,1,"F",1,112500,954
1604128,15,0,1,8,2,"F",0,187500,955
1604268,15,0,0,1,1,"F",1,62500,956
1604528,15,0,0,6,0,"F",1,112500,957
1605044,15,0,1,9,0,"F",1,225000,958
1605048,15,0,0,3,0,"F",1,187500,959
1605961,15,0,0,8,0,"F",0,112500,960
1608086,15,0,0,8,1,"F",0,112500,961
1608536,15,0,1,7,0,"M",1,87500,962
1608611,15,0,0,5,1,"F",1,62500,963
1608612,15,0,0,14,0,"F",0,20000,964
1608644,15,0,0,9,0,"F",0,250000,965
1609138,15,0,0,1,0,"F",1,112500,966
1609335,15,0,0,8,0,"F",1,87500,967
1609688,15,0,0,6,0,"F",0,42500,968
1609694,15,0,1,7,1,"M",1,42500,969
1609742,15,0,0,13,3,"F",1,20000,970
1610234,15,0,0,9,1,"F",1,42500,971
1610404,15,0,0,7,0,"M",0,62500,972
1611512,15,0,0,5,0,"F",1,30000,973
1611563,15,0,0,4,0,"F",1,250000,974
1612208,15,0,1,9,0,"M",1,187500,975
1612444,15,0,0,9,0,"F",1,250000,976
1612702,15,0,0,9,0,"F",1,137500,977
1612863,15,0,2,8,0,"F",0,42500,978
1612987,15,0,1,14,10,"F",0,187500,979
1613295,15,0,0,11,1,"F",1,7500,980
1613630,15,0,1,7,0,"F",1,137500,981
1613669,15,0,0,9,0,"F",1,225000,982
1613754,15,0,0,7,0,"F",1,250000,983
1613787,15,0,0,8,0,"M",1,187500,984
1614408,15,0,0,5,0,"F",1,225000,985
1614896,15,0,0,6,0,"F",0,112500,986
1614950,15,0,2,10,0,"F",1,62500,987
1614982,15,0,1,10,0,"M",0,62500,988
1615046,15,0,0,5,0,"F",0,42500,989
1615126,15,0,0,2,0,"M",1,112500,990
1616126,15,0,0,2,0,"F",1,112500,991
1616413,15,0,1,4,0,"F",1,42500,992
1617245,15,0,0,9,0,"F",0,30000,993
1617490,15,0,0,9,0,"F",1,187500,994
1617675,15,0,0,8,2,"F",0,87500,995
1617709,15,0,0,1,0,"F",1,62500,996
1618855,15,0,0,2,0,"F",0,62500,997
1619223,15,0,0,9,0,"F",1,20000,998
1620927,15,0,0,6,0,"M",0,112500,999
1620942,15,0,0,7,2,"F",1,20000,1000
117514,16,0,0,7,0,"F",0,42500,1
287398,16,1,0,5,2,"F",0,42500,2
469734,16,0,0,6,0,"F",1,250000,3
1054974,16,0,0,7,0,"F",1,137500,4
1060246,16,0,0,9,0,"F",1,62500,5
1061355,16,0,0,5,0,"F",1,87500,6
1061649,16,0,0,8,0,"M",1,225000,7
1062171,16,0,0,6,0,"F",1,250000,8
1063617,16,0,0,6,1,"F",1,250000,9
1068288,16,0,0,9,0,"F",0,30000,10
1071414,16,0,0,4,3,"F",1,62500,11
1077480,16,0,0,2,0,"F",0,62500,12
1081075,16,0,0,6,0,"F",1,250000,13
1081928,16,0,0,6,0,"F",1,62500,14
1082351,16,0,0,3,0,"F",0,30000,15
1087152,16,0,1,8,2,"F",1,187500,16
1089142,16,0,1,1,0,"F",1,87500,17
1091840,16,0,0,5,2,"F",1,30000,18
1094021,16,0,0,2,0,"F",1,87500,19
1094281,16,0,0,1.64197528362274,0,"F",1,62500,20
1100417,16,0,0,4,0,"F",1,62500,21
1100757,16,0,0,2,0,"F",0,112500,22
1102828,16,0,0,9,1,"F",0,62500,23
1103923,16,0,0,1,0,"F",1,225000,24
1107037,16,0,0,5,0,"F",1,112500,25
1108749,16,0,0,9,1,"F",0,87500,26
1108764,16,0,0,2.98058247566223,1,"F",0,62500,27
1111628,16,0,0,7,1,"F",1,137500,28
1111718,16,0,0,4,0,"F",1,112500,29
1114150,16,0,0,1,0,"F",0,30000,30
1117270,16,0,0,1.95698928833008,0,"M",1,20000,31
1120531,16,0,0,5,0,"F",1,62500,32
1122158,16,0,0,7,2,"F",0,62500,33
1128451,16,0,0,7,2,"F",1,42500,34
1136393,16,0,0,3,0,"F",0,112500,35
1136784,16,0,0,7,0,"M",0,225000,36
1139371,16,0,0,1,0,"F",0,42500,37
1139886,16,0,0,7,0,"F",1,112500,38
1144195,16,0,0,5,1,"M",1,250000,39
1144979,16,0,0,7,1,"F",1,112500,40
1145339,16,0,0,7,0,"F",1,62500,41
1145483,16,0,0,2,1,"F",0,7500,42
1146117,16,0,0,5,0,"M",0,87500,43
1147315,16,0,0,7,0,"F",1,187500,44
1148446,16,0,0,7,0,"F",0,20000,45
1149897,16,0,0,2.80612254142761,0,"M",0,30000,46
1149964,16,0,0,7,0,"F",1,42500,47
1150751,16,0,0,5,1,"M",0,7500,48
1150797,16,0,0,10,2,"F",1,162500,49
1151559,16,0,0,9,2,"F",1,112500,50
1151769,16,0,0,5,1,"F",0,112500,51
1152166,16,0,0,6,1,"M",1,137500,52
1152366,16,0,0,3,0,"F",1,87500,53
1153528,16,0,0,7,0,"M",1,62500,54
1153766,16,0,0,8,0,"F",1,162500,55
1155123,16,0,0,2,0,"F",1,112500,56
1156205,16,0,0,10,3,"F",0,112500,57
1156827,16,0,0,5,0,"F",0,7500,58
1157198,16,0,0,3,0,"F",1,20000,59
1165832,16,0,0,6,0,"F",0,62500,60
1166157,16,2,0,10,2,"F",0,137500,61
1167911,16,0,0,7,0,"F",1,87500,62
1168134,16,0,0,5,0,"F",0,162500,63
1168271,16,0,0,8,0,"F",1,112500,64
1171923,16,0,0,4,1,"F",0,62500,65
1172112,16,0,0,5,0,"F",0,20000,66
1174038,16,0,0,3,1,"M",1,112500,67
1174562,16,0,0,9,4,"F",1,62500,68
1174985,16,0,0,6,0,"F",1,62500,69
1176048,16,0,0,7,0,"F",1,62500,70
1179432,16,0,0,5,1,"F",1,87500,71
1179878,16,0,0,4,0,"M",1,62500,72
1180407,16,0,0,6,2,"F",0,62500,73
1180590,16,0,0,6,0,"F",0,112500,74
1180640,16,0,0,4,1,"F",1,62500,75
1181283,16,0,0,2,0,"F",1,62500,76
1181372,16,0,0,1.50793647766113,1,"M",1,62500,77
1181576,16,0,0,1,0,"F",1,87500,78
1182877,16,0,0,4,1,"M",1,62500,79
1184139,16,0,0,6,0,"F",1,20000,80
1184169,16,0,0,6,4,"F",1,112500,81
1184297,16,0,0,8,2,"M",1,112500,82
1184913,16,0,0,3,1,"F",1,87500,83
1185813,16,0,0,3.01980209350586,0,"M",1,87500,84
1185876,16,0,0,1.11764705181122,0,"F",1,137500,85
1186126,16,0,0,8,0,"F",1,62500,86
1187131,16,0,0,1,0,"M",0,42500,87
1187232,16,0,0,5,0,"F",0,62500,88
1187420,16,0,0,6,1,"F",1,87500,89
1187873,16,0,0,8,1,"M",1,112500,90
1187978,16,0,0,4,0,"F",1,62500,91
1188069,16,0,0,6,1,"F",1,162500,92
1188761,16,0,0,4,0,"F",1,162500,93
1188833,16,0,0,7,0,"F",1,62500,94
1189258,16,0,0,5,0,"F",1,225000,95
1189412,16,0,0,2.08641982078552,0,"F",1,20000,96
1189715,16,0,0,3,0,"M",1,162500,97
1189764,16,0,0,1,0,"F",1,137500,98
1190134,16,0,0,7,0,"F",0,20000,99
1190711,16,0,0,7,0,"F",1,162500,100
1191253,16,0,0,8,1,"F",0,62500,101
1191595,16,0,0,8,0,"F",1,62500,102
1191968,16,0,0,3,1,"F",1,112500,103
1192704,16,0,0,8,0,"F",1,62500,104
1192874,16,0,0,2,0,"F",1,62500,105
1193114,16,0,0,8,0,"F",1,162500,106
1193232,16,0,0,2,0,"M",1,112500,107
1193743,16,0,0,8,1,"F",1,20000,108
1193751,16,0,0,3,0,"F",0,42500,109
1193787,16,0,0,6,0,"F",1,62500,110
1194121,16,0,0,2,0,"F",0,42500,111
1194319,16,0,0,7,0,"F",0,62500,112
1194477,16,0,0,9,0,"F",1,112500,113
1195243,16,0,0,9,1,"F",1,62500,114
1195315,16,0,0,1,0,"M",1,112500,115
1195629,16,1,0,10,2,"M",1,62500,116
1196370,16,0,0,8,0,"F",0,137500,117
1196373,16,0,0,1,0,"F",1,87500,118
1196532,16,0,0,8,0,"F",1,112500,119
1196672,16,0,0,5,0,"F",0,62500,120
1196715,16,0,0,7,1,"F",1,62500,121
1196867,16,0,0,7,0,"F",1,62500,122
1197628,16,0,0,3,0,"M",0,137500,123
1198131,16,0,0,2,0,"F",0,42500,124
1198229,16,0,0,9,1,"F",1,62500,125
1198340,16,0,0,1,0,"F",1,112500,126
1198656,16,0,0,1,0,"F",0,42500,127
1198936,16,0,0,8,1,"M",0,162500,128
1199872,16,0,0,6,0,"F",0,87500,129
1202556,16,0,0,6,0,"F",1,62500,130
1204291,16,0,0,2.2826087474823,0,"F",0,20000,131
1204517,16,0,0,9,0,"F",1,62500,132
1204703,16,0,0,1,0,"F",0,87500,133
1205899,16,0,0,5,0,"F",1,162500,134
1207119,16,0,0,1,0,"F",1,62500,135
1208107,16,0,0,4,0,"F",1,112500,136
1208888,16,0,0,1.53030300140381,0,"F",0,20000,137
1209486,16,0,0,7,0,"F",1,62500,138
1209955,16,0,0,1,0,"M",1,225000,139
1210800,16,0,0,7,0,"F",1,250000,140
1211027,16,0,0,4,0,"F",1,112500,141
1211068,16,0,0,9,0,"F",0,250000,142
1211288,16,0,0,6,0,"F",0,7500,143
1211807,16,0,0,2.4343433380127,0,"F",1,42500,144
1212464,16,0,0,7,0,"F",0,42500,145
1213078,16,0,0,6,0,"F",1,250000,146
1213693,16,0,0,7,2,"F",1,162500,147
1216811,16,0,0,6,1,"F",1,162500,148
1217376,16,0,0,9,2,"F",1,137500,149
1217401,16,0,0,5,0,"F",0,62500,150
1221162,16,0,0,4,0,"F",1,62500,151
1222034,16,0,0,7,1,"M",1,87500,152
1222561,16,0,0,2,0,"F",1,62500,153
1224353,16,0,0,6,0,"F",1,87500,154
1224379,16,0,0,3,0,"F",1,162500,155
1225029,16,0,0,3,0,"F",1,62500,156
1225288,16,0,0,6,0,"F",1,112500,157
1225581,16,0,0,9,0,"F",1,30000,158
1226932,16,0,0,6,1,"F",1,87500,159
1226943,16,1,0,9,3,"F",1,162500,160
1227191,16,2,0,9,4,"F",1,112500,161
1227743,16,0,0,6,0,"F",0,62500,162
1228628,16,0,0,3,0,"F",1,62500,163
1228793,16,0,0,11,2,"F",0,87500,164
1229147,16,1,0,6,1,"F",1,87500,165
1229564,16,0,0,6,0,"F",1,62500,166
1229612,16,0,0,7,1,"M",1,187500,167
1229771,16,0,0,7,0,"F",1,87500,168
1229884,16,0,0,4,0,"F",1,112500,169
1230105,16,0,0,6,2,"F",1,137500,170
1230445,16,0,0,5,0,"F",1,62500,171
1230648,16,0,0,6,1,"F",1,87500,172
1230860,16,0,0,5,0,"F",1,62500,173
1231637,16,0,0,3,1,"F",1,112500,174
1233436,16,0,0,7,0,"F",0,162500,175
1233553,16,0,0,9,1,"F",1,112500,176
1234916,16,0,0,8,0,"M",1,62500,177
1237257,16,0,0,4,0,"F",1,62500,178
1237667,16,0,0,7,0,"F",1,87500,179
1238108,16,0,0,4,0,"F",1,42500,180
1238707,16,0,0,4,1,"F",1,62500,181
1238904,16,0,0,5,1,"M",1,87500,182
1239286,16,0,0,2,0,"F",1,250000,183
1239623,16,0,0,5,1,"F",0,42500,184
1239849,16,0,0,1,0,"F",1,112500,185
1239936,16,0,0,1.44736838340759,0,"F",0,7500,186
1240102,16,0,0,6,2,"F",0,62500,187
1241439,16,0,0,4,0,"F",1,112500,188
1241595,16,0,0,8,1,"F",1,62500,189
1241711,16,0,0,7,0,"F",1,87500,190
1242022,16,0,0,5,0,"F",1,62500,191
1242223,16,0,0,7,0,"M",1,137500,192
1242542,16,0,0,3,0,"M",1,137500,193
1243937,16,0,0,7,1,"F",1,87500,194
1244277,16,0,0,1,0,"F",0,112500,195
1245286,16,0,0,3,0,"F",1,62500,196
1246704,16,0,0,7,1,"F",1,87500,197
1247392,16,0,0,5,1,"F",1,87500,198
1248826,16,0,0,7,1,"F",1,87500,199
1249794,16,0,0,6,0,"F",0,137500,200
1250074,16,0,0,6,1,"F",0,87500,201
1250242,16,0,0,1,0,"F",0,250000,202
1250577,16,0,0,7,1,"F",1,62500,203
1250585,16,0,0,8,0,"F",1,187500,204
1250879,16,0,0,3,1,"F",1,137500,205
1250899,16,0,0,5,0,"M",1,112500,206
1251138,16,0,0,3,0,"M",1,137500,207
1251550,16,0,0,5,0,"F",1,62500,208
1251623,16,0,0,5,0,"F",1,7500,209
1251804,16,0,0,3,1,"F",0,137500,210
1251816,16,0,0,4,0,"F",1,137500,211
1252257,16,0,0,5,0,"F",0,87500,212
1252297,16,0,0,6,0,"M",1,62500,213
1252403,16,0,0,10,1,"M",1,62500,214
1252534,16,0,0,7,0,"F",1,187500,215
1252759,16,0,0,9,1,"F",1,137500,216
1252878,16,0,0,5,0,"F",1,137500,217
1254168,16,0,0,8,0,"F",1,62500,218
1254684,16,0,0,8,2,"M",1,112500,219
1258925,16,0,0,6,0,"F",1,42500,220
1259640,16,0,0,5,0,"M",1,87500,221
1259672,16,0,0,6,1,"F",1,62500,222
1259740,16,0,0,7,1,"F",1,30000,223
1262332,16,0,0,6,0,"F",1,87500,224
1262373,16,0,0,9,2,"F",1,250000,225
1262926,16,0,0,3,0,"F",1,62500,226
1263058,16,0,0,1,0,"F",0,137500,227
1263919,16,0,0,5,0,"M",0,30000,228
1264065,16,0,0,6,0,"F",1,187500,229
1264317,16,0,0,4,0,"F",1,187500,230
1264505,16,0,0,2,0,"F",1,87500,231
1264703,16,0,0,8,1,"F",0,30000,232
1265443,16,0,0,6,1,"F",0,20000,233
1265755,16,0,0,6,0,"F",1,112500,234
1265835,16,0,0,3,0,"F",1,112500,235
1265892,16,0,0,5,1,"F",0,187500,236
1266201,16,0,0,2.40229892730713,0,"F",1,187500,237
1268413,16,0,0,6,1,"F",1,62500,238
1269756,16,0,0,6,0,"F",1,62500,239
1269824,16,0,0,2,3,"M",0,30000,240
1273931,16,0,0,6,0,"F",1,20000,241
1275308,16,0,0,7,1,"M",1,87500,242
1275698,16,0,0,1,0,"F",1,87500,243
1275888,16,0,0,3,0,"F",1,137500,244
1276784,16,0,0,4,0,"F",0,20000,245
1277335,16,0,0,2,0,"F",1,42500,246
1279299,16,0,0,4,0,"M",1,87500,247
1279847,16,0,0,4,0,"F",1,42500,248
1280469,16,0,0,6,1,"F",0,7500,249
1281674,16,0,0,7,0,"F",0,137500,250
1285561,16,0,0,8,1,"F",1,250000,251
1286058,16,0,0,7,0,"F",1,250000,252
1286676,16,0,0,6,0,"M",1,225000,253
1287337,16,0,0,7,1,"F",0,62500,254
1288054,16,0,0,6,0,"F",1,42500,255
1288246,16,0,0,2,0,"F",0,62500,256
1288502,16,0,0,6,0,"M",0,137500,257
1288666,16,0,0,7,1,"F",1,62500,258
1288675,16,0,0,2,0,"F",1,20000,259
1288774,16,0,0,6,1,"F",1,187500,260
1288902,16,0,0,8,0,"F",1,87500,261
1289229,16,0,0,2.51960778236389,0,"F",0,112500,262
1290077,16,0,0,7,1,"F",1,87500,263
1290515,16,0,0,3,0,"F",0,87500,264
1290723,16,0,0,6,0,"F",0,30000,265
1291318,16,0,0,3,0,"F",1,42500,266
1291608,16,0,0,6,0,"F",0,30000,267
1292847,16,0,0,10,2,"F",1,42500,268
1293296,16,0,0,6,2,"F",1,30000,269
1293595,16,0,0,5,1,"F",1,62500,270
1293939,16,0,0,8,1,"F",1,250000,271
1294157,16,0,0,6,0,"F",1,62500,272
1294200,16,0,0,5,0,"F",1,62500,273
1294399,16,0,0,7,0,"F",0,30000,274
1294837,16,0,0,6,2,"F",0,62500,275
1297008,16,0,0,2,0,"F",0,7500,276
1297323,16,0,0,2,0,"F",0,7500,277
1297452,16,0,0,4,0,"M",1,87500,278
1297615,16,0,0,3,0,"F",0,20000,279
1297678,16,0,0,6,2,"M",1,62500,280
1298036,16,0,0,7,1,"F",0,7500,281
1298136,16,0,0,9,0,"M",0,30000,282
1298614,16,2,1,7,3,"F",1,62500,283
1300363,16,0,0,4,1,"M",1,42500,284
1300457,16,0,0,2,0,"M",1,42500,285
1301237,16,0,0,2,0,"F",1,20000,286
1301332,16,0,0,7,1,"M",1,42500,287
1301620,16,0,0,7,0,"F",1,87500,288
1302173,16,0,0,8,1,"F",1,225000,289
1302216,16,0,0,1,0,"F",1,62500,290
1302375,16,0,0,5,1,"F",1,87500,291
1303092,16,0,0,7,0,"F",1,62500,292
1303908,16,0,0,8,1,"M",1,87500,293
1304518,16,0,0,6,0,"F",1,87500,294
1304751,16,0,0,4,0,"F",0,30000,295
1306505,16,0,0,5,0,"F",0,62500,296
1307675,16,0,0,7,1,"F",1,62500,297
1307821,16,0,0,6,3,"M",1,42500,298
1310138,16,0,0,7,0,"F",1,62500,299
1310269,16,0,0,5,0,"F",0,112500,300
1311143,16,0,0,3,1,"M",0,62500,301
1311172,16,0,0,5,2,"M",1,137500,302
1311388,16,0,0,7,0,"M",0,20000,303
1312227,16,0,0,4,0,"F",0,62500,304
1313291,16,0,0,3,2,"F",1,162500,305
1313396,16,0,0,10,1,"F",0,30000,306
1313735,16,0,0,5,0,"F",1,20000,307
1313856,16,0,0,8,1,"F",0,20000,308
1314520,16,0,0,5,0,"F",1,62500,309
1314682,16,0,0,1,0,"F",0,20000,310
1314969,16,0,0,6,1,"F",0,87500,311
1315946,16,0,0,7,1,"F",0,62500,312
1317054,16,0,0,7,0,"F",0,7500,313
1317356,16,0,0,4,0,"F",1,62500,314
1318696,16,0,0,7,1,"F",0,62500,315
1318996,16,0,0,6,0,"F",1,62500,316
1319548,16,0,0,2,0,"F",0,20000,317
1319613,16,0,0,4,1,"F",0,137500,318
1319738,16,0,0,6,0,"F",1,137500,319
1320734,16,0,0,8,2,"F",1,20000,320
1320750,16,0,0,6,0,"F",0,7500,321
1322205,16,0,0,5,1,"F",1,62500,322
1322235,16,0,0,6,1,"F",0,62500,323
1322521,16,0,0,5,0,"M",1,42500,324
1322942,16,0,0,8,0,"F",1,87500,325
1323304,16,0,0,11,0,"F",1,162500,326
1323359,16,0,0,6,1,"M",0,187500,327
1323491,16,0,0,3,0,"F",1,250000,328
1323698,16,0,0,4,0,"M",0,250000,329
1323962,16,0,0,9,1,"M",1,62500,330
1324251,16,0,0,3,0,"F",0,20000,331
1324843,16,0,0,4,0,"F",1,87500,332
1325556,16,0,0,1,0,"F",0,20000,333
1327146,16,0,0,9,2,"F",1,162500,334
1328158,16,0,0,4,0,"F",1,62500,335
1328623,16,0,0,6,0,"M",1,30000,336
1328832,16,0,0,4,2,"F",1,187500,337
1329574,16,0,0,8,1,"F",0,42500,338
1330046,16,0,0,2,0,"F",1,112500,339
1330272,16,0,0,5,0,"F",1,137500,340
1330497,16,0,0,6,1,"F",1,162500,341
1331244,16,0,0,7,0,"F",0,30000,342
1331261,16,0,0,4,0,"F",0,7500,343
1331950,16,0,0,6,0,"F",1,62500,344
1333858,16,0,0,5,0,"F",1,112500,345
1335680,16,0,0,2,0,"F",1,62500,346
1335920,16,0,0,7,1,"F",1,42500,347
1335980,16,0,0,3,0,"F",0,20000,348
1336426,16,0,0,5,0,"F",0,20000,349
1336946,16,0,0,4,0,"M",1,20000,350
1338200,16,0,0,5,0,"F",1,162500,351
1338378,16,0,0,3,0,"F",1,225000,352
1339574,16,0,0,7,0,"F",1,42500,353
1339822,16,0,0,5,0,"F",1,112500,354
1340176,16,0,0,4,0,"M",1,42500,355
1340267,16,0,0,7,0,"F",0,42500,356
1341891,16,0,0,5,0,"F",0,62500,357
1342799,16,0,0,4,0,"F",0,62500,358
1343216,16,0,0,2,0,"F",0,187500,359
1344265,16,0,0,1,0,"F",0,87500,360
1344499,16,0,0,7,2,"F",1,87500,361
1344614,16,0,0,9,2,"M",1,225000,362
1345984,16,0,0,7,0,"F",1,112500,363
1346234,16,0,0,2,0,"F",0,162500,364
1347945,16,0,0,4,1,"F",0,112500,365
1348467,16,0,0,6,0,"F",0,87500,366
1348663,16,0,0,7,1,"F",1,62500,367
1348726,16,0,0,6,0,"F",1,62500,368
1349285,16,0,0,7,1,"F",0,42500,369
1349428,16,0,0,6,0,"F",1,87500,370
1349951,16,0,0,5,1,"F",1,20000,371
1350291,16,0,0,4,0,"M",1,87500,372
1350434,16,0,0,6,1,"F",1,162500,373
1351173,16,0,0,2,0,"F",0,87500,374
1351468,16,0,0,7,0,"F",1,7500,375
1351509,16,0,0,1,0,"F",1,62500,376
1351586,16,0,0,5,0,"F",1,162500,377
1351796,16,0,0,6,1,"F",1,7500,378
1352046,16,0,0,4,0,"F",1,87500,379
1352301,16,0,0,2,0,"F",1,42500,380
1352756,16,0,0,7,1,"F",1,62500,381
1352986,16,0,0,7,1,"F",1,42500,382
1353809,16,0,0,9,3,"F",1,112500,383
1353961,16,0,0,8,0,"F",0,20000,384
1354452,16,0,0,7,1,"F",1,62500,385
1354598,16,0,0,2,0,"F",0,42500,386
1354602,16,0,0,7,0,"M",1,62500,387
1354673,16,0,0,6,0,"F",0,7500,388
1355604,16,0,0,3,0,"M",1,7500,389
1356206,16,0,0,4,0,"F",1,62500,390
1358021,16,0,0,8,0,"F",1,112500,391
1358933,16,1,0,7,2,"F",0,112500,392
1361465,16,0,0,3,0,"F",0,137500,393
1362107,16,0,0,1,0,"M",1,162500,394
1363023,16,0,0,4,0,"F",1,30000,395
1363370,16,0,0,4,1,"M",1,62500,396
1364059,16,0,0,7,0,"M",1,112500,397
1366217,16,0,0,5,0,"M",0,112500,398
1366244,16,0,0,5,0,"F",0,112500,399
1367411,16,0,0,7,0,"F",1,20000,400
1367420,16,0,0,11,0,"F",1,162500,401
1368140,16,1,0,10,7,"F",1,62500,402
1368385,16,0,0,2,1,"M",1,162500,403
1369918,16,0,0,7,0,"F",1,87500,404
1372221,16,0,0,3,0,"F",1,7500,405
1372333,16,0,0,1,0,"F",1,62500,406
1374105,16,0,0,6,0,"F",0,7500,407
1374132,16,0,0,6,1,"M",1,62500,408
1374680,16,0,0,4,1,"F",1,62500,409
1375113,16,0,0,6,1,"F",1,87500,410
1376245,16,0,0,2,3,"F",0,62500,411
1377492,16,0,0,8,0,"F",1,137500,412
1377719,16,0,0,6,1,"F",1,137500,413
1378071,16,0,0,8,0,"F",0,62500,414
1378409,16,0,0,7,0,"F",1,62500,415
1380721,16,0,0,1,0,"F",1,42500,416
1381136,16,0,0,6,0,"F",1,62500,417
1381384,16,0,0,7,0,"F",1,162500,418
1381552,16,0,0,7,1,"M",1,87500,419
1381639,16,0,0,6,1,"F",1,225000,420
1381711,16,0,0,2,0,"F",1,87500,421
1382137,16,0,0,6,1,"F",1,112500,422
1382624,16,0,0,7,0,"F",1,62500,423
1382975,16,0,0,9,0,"F",1,112500,424
1384230,16,0,0,8,0,"F",1,137500,425
1384341,16,0,0,5,0,"F",0,137500,426
1385468,16,0,0,6,1,"F",1,250000,427
1385831,16,0,0,4,0,"F",1,42500,428
1386066,16,0,0,2,0,"F",1,112500,429
1386120,16,0,0,5,0,"F",1,42500,430
1387428,16,0,0,7,0,"F",0,62500,431
1387588,16,0,0,4,0,"F",1,42500,432
1388210,16,0,0,6,0,"M",1,62500,433
1388355,16,0,0,1,0,"F",1,62500,434
1388513,16,0,0,5,0,"F",1,162500,435
1388833,16,0,0,8,0,"F",0,42500,436
1389030,16,0,0,5,0,"F",1,62500,437
1389384,16,0,0,6,0,"F",0,42500,438
1389406,16,0,0,8,2,"F",1,87500,439
1389477,16,0,0,6,2,"F",1,62500,440
1390351,16,0,0,5,0,"M",1,162500,441
1392387,16,0,0,3,0,"F",0,87500,442
1393255,16,0,0,5,0,"F",1,87500,443
1393466,16,0,0,4,1,"M",1,87500,444
1393929,16,0,0,6,0,"F",1,225000,445
1394027,16,0,0,1,0,"F",1,162500,446
1395064,16,0,0,7,0,"F",1,162500,447
1395309,16,1,0,6,2,"F",0,42500,448
1395394,16,0,0,5,1,"F",0,7500,449
1396474,16,0,0,1.76344084739685,0,"F",1,62500,450
1396597,16,0,0,5,0,"F",1,87500,451
1396618,16,0,0,5,0,"F",1,87500,452
1396830,16,0,0,6,0,"F",1,87500,453
1397814,16,0,1,5,0,"M",1,137500,454
1398493,16,0,0,1,0,"F",1,87500,455
1398606,16,0,0,6,0,"M",1,20000,456
1399233,16,0,0,3,0,"F",0,42500,457
1399269,16,0,0,9,0,"F",1,62500,458
1399329,16,0,0,11,2,"F",1,112500,459
1401246,16,0,0,2,0,"F",1,42500,460
1401458,16,0,0,4,0,"F",1,62500,461
1403021,16,0,0,2,0,"F",1,112500,462
1403631,16,0,0,6,0,"F",1,62500,463
1403972,16,0,0,11,5,"F",1,162500,464
1404355,16,0,0,5,0,"F",1,87500,465
1404418,16,0,0,4,0,"F",1,42500,466
1404842,16,0,0,2,1,"M",1,112500,467
1405544,16,0,0,10,0,"F",0,20000,468
1406907,16,0,0,5,0,"F",1,87500,469
1408575,16,0,0,4,1,"M",0,30000,470
1410385,16,0,0,9,1,"F",1,162500,471
1411418,16,0,0,4,0,"M",1,87500,472
1412397,16,0,0,4,0,"M",1,42500,473
1412511,16,0,0,2.29411768913269,0,"F",1,42500,474
1412646,16,0,0,13,1,"F",1,162500,475
1413182,16,0,0,7,1,"F",1,112500,476
1413837,16,0,0,3,0,"F",1,225000,477
1413925,16,0,0,5,0,"F",0,62500,478
1414361,16,0,0,2,0,"F",1,112500,479
1414857,16,0,0,6,0,"M",1,162500,480
1414873,16,0,0,3,0,"F",1,112500,481
1415098,16,0,0,9,1,"F",0,87500,482
1415320,16,0,0,6,0,"F",1,162500,483
1416429,16,0,0,6,0,"F",1,87500,484
1416731,16,0,0,3,4,"F",1,162500,485
1416940,16,0,0,8,0,"F",0,137500,486
1417159,16,0,0,4,0,"M",0,20000,487
1417523,16,0,0,2,1,"F",1,187500,488
1418358,16,0,0,7,0,"F",0,112500,489
1418818,16,0,0,7,0,"F",1,87500,490
1419071,16,0,0,6,1,"M",1,87500,491
1419406,16,0,0,7,0,"F",1,62500,492
1419467,16,0,0,3,0,"F",1,162500,493
1419627,16,0,0,7,0,"M",1,87500,494
1419833,16,0,0,8,1,"F",1,225000,495
1420095,16,0,0,2,0,"M",1,187500,496
1420139,16,0,0,7,0,"F",1,112500,497
1420150,16,0,0,6,0,"F",0,7500,498
1420458,16,0,0,9,1,"M",1,20000,499
1420461,16,0,0,5,1,"F",1,62500,500
1420462,16,0,0,9,2,"F",1,162500,501
1420478,16,0,0,2,0,"F",1,42500,502
1420505,16,0,0,2,0,"F",0,7500,503
1420957,16,0,0,2,0,"F",1,225000,504
1420990,16,0,0,5,0,"F",0,87500,505
1421112,16,0,0,4,1,"F",0,87500,506
1421265,16,0,0,8,3,"F",0,137500,507
1421359,16,0,0,2,0,"F",0,7500,508
1422155,16,0,0,6,0,"F",1,187500,509
1422249,16,0,0,1.77319586277008,0,"M",0,62500,510
1424297,16,0,0,1,0,"M",1,20000,511
1424626,16,0,0,10,2,"F",0,112500,512
1425960,16,0,0,6,0,"F",0,20000,513
1426165,16,0,0,6,0,"F",0,112500,514
1426230,16,0,0,5,0,"F",0,7500,515
1426266,16,0,0,7,0,"F",1,112500,516
1426799,16,0,0,6,0,"F",1,87500,517
1427258,16,0,0,4,3,"F",0,62500,518
1427579,16,0,0,4,0,"F",1,87500,519
1427915,16,0,0,2,0,"F",0,62500,520
1428277,16,0,0,5,0,"M",1,112500,521
1429936,16,1,0,10,6,"F",1,187500,522
1430214,16,0,0,5,0,"M",0,112500,523
1430754,16,0,0,4,0,"M",1,187500,524
1431104,16,0,0,6,0,"F",0,250000,525
1431118,16,0,0,3,0,"F",1,62500,526
1431340,16,0,0,7,0,"F",0,87500,527
1431513,16,0,0,5,2,"F",1,62500,528
1431697,16,0,0,4,0,"F",1,87500,529
1431949,16,0,0,6,1,"F",1,42500,530
1432387,16,0,0,9,1,"F",0,162500,531
1432724,16,0,0,6,0,"F",1,20000,532
1432840,16,0,0,4,2,"F",1,20000,533
1432998,16,0,0,5,0,"F",1,62500,534
1433194,16,0,0,5,0,"F",1,42500,535
1433587,16,0,0,6,0,"M",1,87500,536
1434275,16,0,0,8,0,"F",1,20000,537
1434712,16,0,0,1.83333337306976,0,"F",1,42500,538
1435022,16,0,0,1,0,"F",1,187500,539
1435557,16,0,0,2,0,"M",1,62500,540
1435794,16,1,0,6,2,"F",0,87500,541
1435996,16,0,0,5,1,"F",1,112500,542
1436928,16,0,0,5,1,"F",1,112500,543
1437747,16,0,0,6,3,"F",1,137500,544
1437857,16,0,0,11,3,"M",1,62500,545
1437869,16,0,0,7,0,"F",1,187500,546
1437899,16,0,0,7,0,"F",1,137500,547
1438760,16,1,0,9,3,"F",1,137500,548
1438884,16,0,0,7,0,"M",1,87500,549
1439629,16,0,0,8,2,"F",1,7500,550
1439689,16,0,0,4,0,"F",1,112500,551
1439713,16,0,0,5,0,"F",1,62500,552
1440356,16,0,0,2.41414141654968,0,"M",1,250000,553
1441053,16,0,0,8,0,"M",1,30000,554
1441466,16,0,0,9,0,"F",1,250000,555
1442287,16,0,0,6,0,"F",0,187500,556
1442704,16,0,0,8,1,"F",1,87500,557
1443687,16,0,0,4,0,"F",0,87500,558
1443964,16,0,0,3,2,"F",1,250000,559
1444485,16,0,0,6,0,"F",1,112500,560
1445100,16,0,0,9,4,"F",1,87500,561
1446288,16,0,0,10,3,"F",0,62500,562
1447092,16,0,0,2,0,"M",1,42500,563
1447298,16,0,0,7,0,"F",1,62500,564
1448763,16,0,0,2,0,"F",0,62500,565
1448901,16,0,0,4,1,"F",0,62500,566
1449431,16,0,0,4,0,"F",1,137500,567
1450170,16,0,0,4,0,"F",0,62500,568
1450180,16,0,0,4,0,"M",1,62500,569
1450746,16,0,0,8,1,"F",1,7500,570
1450805,16,0,0,3,0,"M",1,225000,571
1450890,16,0,0,5,2,"F",1,225000,572
1451275,16,0,0,2,0,"M",1,62500,573
1451865,16,0,0,5,0,"F",1,225000,574
1452879,16,1,0,8,3,"F",1,137500,575
1454110,16,0,0,7,0,"F",1,62500,576
1454343,16,0,0,9,0,"M",0,30000,577
1454425,16,0,0,8,1,"F",1,112500,578
1454661,16,0,0,8,1,"F",1,87500,579
1455466,16,0,0,7,0,"F",1,87500,580
1455615,16,0,0,1,0,"F",1,7500,581
1455721,16,0,0,1,0,"M",1,87500,582
1455906,16,0,0,7,0,"F",1,250000,583
1456029,16,0,0,4,0,"F",1,42500,584
1456155,16,1,0,4,2,"F",1,250000,585
1456186,16,0,0,3,0,"F",1,20000,586
1456531,16,0,0,7,1,"F",1,187500,587
1456609,16,0,0,3,1,"F",1,62500,588
1456628,16,0,0,6,0,"F",1,250000,589
1456919,16,0,0,3,0,"F",1,30000,590
1457625,16,0,0,7,1,"F",1,112500,591
1457777,16,0,0,6,1,"F",1,62500,592
1457830,16,0,0,5,0,"F",1,112500,593
1457984,16,0,1,8,1,"F",1,112500,594
1458214,16,0,0,5,0,"F",1,225000,595
1460277,16,0,1,4,1,"F",1,62500,596
1460380,16,0,0,6,1,"F",0,42500,597
1460953,16,0,0,7,0,"F",0,250000,598
1461151,16,0,0,2.64948463439941,0,"F",1,87500,599
1461397,16,0,0,8,1,"F",1,137500,600
1462847,16,0,0,7,2,"F",1,162500,601
1462878,16,0,1,8,1,"F",1,7500,602
1463072,16,0,0,5,0,"F",1,87500,603
1464188,16,0,0,1.54166662693024,0,"F",1,137500,604
1464264,16,0,0,5,0,"M",1,112500,605
1464335,16,0,0,8,0,"F",1,187500,606
1464618,16,0,0,2,0,"F",1,112500,607
1465220,16,0,0,7,2,"F",1,137500,608
1466204,16,0,0,6,0,"F",1,87500,609
1466494,16,0,0,3,2,"M",1,20000,610
1466816,16,0,0,8,2,"F",1,137500,611
1466833,16,0,0,7,0,"F",1,87500,612
1466886,16,0,0,6,0,"F",1,137500,613
1466955,16,0,0,7,1,"F",1,250000,614
1467019,16,0,0,6,0,"F",0,137500,615
1467058,16,0,0,8,1,"F",0,20000,616
1467155,16,0,0,6,1,"M",0,62500,617
1467520,16,0,0,4,0,"F",1,250000,618
1467621,16,0,0,6,1,"F",1,62500,619
1468654,16,0,0,4,1,"F",1,87500,620
1468709,16,0,0,4,0,"F",1,30000,621
1468714,16,0,0,8,2,"F",0,112500,622
1468733,16,0,0,9,3,"F",1,62500,623
1468745,16,0,0,7,0,"M",1,62500,624
1469175,16,0,1,14,0,"F",0,87500,625
1469204,16,0,0,8,2,"F",1,112500,626
1469239,16,0,0,8,0,"F",1,112500,627
1469248,16,0,0,2,0,"F",1,112500,628
1469990,16,0,0,6,0,"M",1,187500,629
1470110,16,0,0,8,2,"F",0,62500,630
1470965,16,0,0,8,0,"F",0,62500,631
1471445,16,0,0,7,0,"F",1,162500,632
1471473,16,0,0,2,1,"M",1,62500,633
1471528,16,0,0,9,0,"F",1,112500,634
1471566,16,0,0,3,0,"F",1,30000,635
1471723,16,0,0,8,0,"F",1,187500,636
1471767,16,0,0,5,1,"M",1,87500,637
1471934,16,0,0,3,0,"F",0,112500,638
1472977,16,0,0,6,1,"F",1,87500,639
1474598,16,0,0,8,2,"M",1,87500,640
1475170,16,0,0,5,0,"M",0,87500,641
1477477,16,0,0,1,0,"M",0,112500,642
1478058,16,1,0,5,2,"F",1,87500,643
1478617,16,0,0,5,0,"F",1,225000,644
1479489,16,0,0,6,0,"F",1,62500,645
1480578,16,0,0,3,0,"F",0,62500,646
1481279,16,0,0,7,0,"F",0,162500,647
1481476,16,0,0,4,0,"F",1,7500,648
1482005,16,2,0,4,2,"M",1,62500,649
1482267,16,0,0,4,0,"F",1,225000,650
1482614,16,0,0,5,1,"F",0,87500,651
1482816,16,0,0,5,1,"F",1,62500,652
1483049,16,0,0,6,0,"F",0,20000,653
1484259,16,0,0,4,0,"F",0,7500,654
1484519,16,0,0,8,2,"F",1,42500,655
1484930,16,0,0,3,0,"F",1,162500,656
1486404,16,0,0,5,0,"F",0,42500,657
1487790,16,0,0,6,0,"M",1,187500,658
1488086,16,0,0,2,0,"F",1,112500,659
1489319,16,0,0,2,0,"F",0,42500,660
1490014,16,0,0,1,0,"M",1,62500,661
1491416,16,0,0,8,3,"F",0,112500,662
1491563,16,0,0,1,1,"M",1,162500,663
1492025,16,0,0,6,1,"F",1,62500,664
1492036,16,0,0,4,1,"F",1,87500,665
1493569,16,0,0,3,0,"F",1,112500,666
1498287,16,0,0,7,0,"F",1,162500,667
1498483,16,0,0,3,0,"F",1,62500,668
1498656,16,0,0,2,0,"M",1,137500,669
1501397,16,0,0,10,2,"M",1,112500,670
1501443,16,0,0,3,0,"F",0,7500,671
1501825,16,0,0,6,0,"F",1,225000,672
1501848,16,0,0,1,0,"F",1,112500,673
1501917,16,0,0,5,1,"F",1,137500,674
1502135,16,0,0,5,0,"F",1,87500,675
1502146,16,0,0,9,2,"F",1,62500,676
1502599,16,0,0,8,0,"F",1,187500,677
1504289,16,0,0,3,0,"F",1,137500,678
1507421,16,0,0,1,0,"F",0,20000,679
1509331,16,0,0,8,0,"M",1,62500,680
1509782,16,0,0,3,0,"F",1,62500,681
1509874,16,0,0,1.95402300357819,0,"F",1,42500,682
1511973,16,0,0,3,0,"M",0,7500,683
1512249,16,0,0,5,1,"F",1,187500,684
1512656,16,0,1,6,0,"F",1,187500,685
1513530,16,0,0,6,0,"F",1,62500,686
1513806,16,0,0,4.03773593902588,0,"F",1,62500,687
1514087,16,0,0,1,0,"F",0,112500,688
1514098,16,0,0,5,0,"F",1,187500,689
1514327,16,0,0,6,0,"F",0,87500,690
1514351,16,0,0,5,0,"M",1,187500,691
1514819,16,0,0,5,1,"F",1,30000,692
1516894,16,0,0,6,0,"M",1,250000,693
1518132,16,0,0,5,0,"F",0,62500,694
1518564,16,0,0,4,1,"F",1,112500,695
1519598,16,0,0,6,1,"F",1,187500,696
1520012,16,0,0,2,0,"F",1,187500,697
1520720,16,0,0,10,3,"F",1,62500,698
1522154,16,0,0,6,1,"F",1,137500,699
1522471,16,0,0,4,0,"M",1,162500,700
1523997,16,0,0,4,0,"F",1,225000,701
1524038,16,0,0,8,0,"F",1,250000,702
1524967,16,0,0,1.25,0,"F",1,250000,703
1525049,16,0,0,6,1,"F",1,187500,704
1525556,16,0,0,8,2,"M",1,162500,705
1526044,16,0,0,1,0,"M",1,87500,706
1526280,16,0,0,6,1,"M",1,20000,707
1526638,16,0,0,4,0,"F",1,225000,708
1527800,16,0,0,2.96039605140686,0,"F",1,137500,709
1527932,16,1,0,6,1,"F",1,187500,710
1527966,16,0,0,4,0,"F",1,250000,711
1528038,16,0,0,3,0,"M",1,225000,712
1528103,16,0,0,7,2,"F",1,225000,713
1528515,16,0,0,1,1,"F",0,225000,714
1529646,16,0,0,8,2,"F",1,225000,715
1530199,16,0,0,3.60824751853943,0,"M",1,62500,716
1530200,16,0,0,9,1,"F",1,137500,717
1530561,16,0,0,6,1,"F",1,42500,718
1530887,16,0,0,9,0,"F",1,87500,719
1531800,16,0,0,8,1,"F",0,62500,720
1531915,16,0,0,4,3,"F",1,250000,721
1531924,16,0,0,7,0,"F",0,225000,722
1531984,16,0,0,7,1,"F",0,42500,723
1532052,16,0,0,9,2,"M",1,87500,724
1532113,16,0,0,7,1,"F",1,87500,725
1532334,16,0,0,6,0,"F",1,225000,726
1532420,16,0,0,1,0,"F",1,30000,727
1532431,16,0,0,6,1,"F",0,20000,728
1532738,16,0,0,8,1,"F",1,225000,729
1532841,16,0,0,6,0,"F",1,42500,730
1533843,16,0,0,5,0,"F",1,42500,731
1533874,16,0,0,8,3,"F",1,137500,732
1533971,16,0,0,7,2,"F",1,137500,733
1534792,16,0,0,6,0,"F",1,187500,734
1535057,16,0,0,7,0,"F",1,137500,735
1535333,16,0,0,9,2,"M",1,87500,736
1535547,16,0,0,8,1,"F",1,187500,737
1535701,16,0,0,7,0,"M",1,62500,738
1535732,16,0,0,7,0,"F",1,187500,739
1535755,16,0,0,7,1,"F",1,112500,740
1536000,16,0,0,6,0,"F",1,187500,741
1536405,16,0,0,6,1,"F",1,62500,742
1536527,16,0,0,2,0,"F",1,225000,743
1536579,16,0,0,3,0,"F",1,187500,744
1537347,16,0,0,6,1,"F",1,225000,745
1537995,16,0,0,1,0,"F",0,62500,746
1538175,16,0,0,10,1,"F",1,250000,747
1538662,16,0,1,8,1,"F",1,112500,748
1538919,16,0,0,2,0,"F",1,250000,749
1539494,16,0,0,8,3,"F",1,250000,750
1539570,16,0,0,6,2,"F",1,87500,751
1540059,16,0,0,7,0,"M",1,87500,752
1540194,16,0,0,2,0,"F",1,187500,753
1540364,16,0,0,5,0,"F",1,7500,754
1540829,16,0,0,6,1,"F",1,187500,755
1540910,16,0,0,9,1,"F",1,137500,756
1540936,16,0,0,4,0,"F",1,62500,757
1541156,16,0,0,7,0,"F",1,7500,758
1541593,16,0,0,6,1,"F",1,250000,759
1541662,16,0,0,10,1,"F",1,112500,760
1541734,16,0,0,10,2,"F",1,137500,761
1541834,16,0,0,2,0,"F",1,250000,762
1541894,16,0,0,1,0,"F",0,42500,763
1542247,16,0,1,4,0,"F",1,225000,764
1542523,16,0,0,9,1,"F",1,187500,765
1542740,16,0,0,7,0,"F",0,30000,766
1543012,16,0,0,7,0,"M",1,112500,767
1543181,16,0,0,7,1,"M",1,250000,768
1543552,16,0,0,10,2,"F",0,112500,769
1543563,16,0,0,6,0,"F",1,250000,770
1543633,16,0,0,8,2,"F",1,112500,771
1544590,16,0,0,5,1,"F",0,187500,772
1544693,16,0,0,5,1,"F",1,250000,773
1545273,16,0,0,9,3,"F",0,137500,774
1545322,16,0,0,6,1,"M",1,250000,775
1546709,16,0,0,8,1,"F",1,250000,776
1546922,16,0,0,8,0,"M",1,137500,777
1546932,16,1,0,2,2,"F",0,112500,778
1546959,16,0,0,7,1,"F",1,187500,779
1546989,16,0,0,7,1,"M",1,225000,780
1547464,16,0,0,3,0,"F",1,87500,781
1547476,16,0,0,3,0,"F",0,225000,782
1547622,16,0,0,9,0,"F",1,187500,783
1547752,16,0,0,2,1,"F",1,112500,784
1547850,16,0,0,1,0,"F",1,20000,785
1548040,16,0,0,1,0,"F",0,112500,786
1548129,16,0,0,4,2,"F",1,112500,787
1548209,16,0,0,7,2,"F",1,20000,788
1548503,16,0,0,5,0,"F",1,62500,789
1548540,16,0,0,9,2,"F",1,87500,790
1548673,16,0,0,6,1,"F",1,112500,791
1549599,16,0,0,6,0,"M",1,187500,792
1550040,16,0,0,7,0,"M",1,20000,793
1550161,16,0,0,8,4,"F",1,62500,794
1550456,16,0,0,6,1,"F",1,225000,795
1550894,16,0,0,5,0,"F",1,87500,796
1551030,16,0,0,4,0,"F",1,225000,797
1551330,16,0,0,2,0,"M",1,87500,798
1551510,16,0,0,6,0,"F",1,162500,799
1551891,16,0,1,6,0,"F",1,187500,800
1552409,16,0,0,6,0,"M",1,137500,801
1552458,16,0,0,6,0,"F",1,62500,802
1552507,16,0,0,4,0,"F",1,137500,803
1552803,16,0,0,7,3,"F",1,225000,804
1552831,16,0,0,9,1,"M",1,112500,805
1553098,16,0,0,4,4,"F",1,87500,806
1553185,16,0,0,7,0,"F",1,187500,807
1553615,16,0,0,7,0,"F",1,187500,808
1553840,16,0,0,7,0,"M",1,20000,809
1553857,16,0,0,2,1,"M",1,87500,810
1553951,16,0,0,6,0,"F",1,225000,811
1554033,16,0,0,1,0,"F",1,62500,812
1554034,16,0,0,5,0,"F",1,162500,813
1554062,16,0,0,1,0,"F",1,87500,814
1554533,16,0,0,6,0,"F",1,62500,815
1554853,16,0,0,2,0,"M",1,42500,816
1554983,16,0,0,4,0,"M",1,87500,817
1555310,16,1,0,7,2,"F",1,187500,818
1555529,16,0,0,9,1,"M",1,225000,819
1555776,16,0,0,5,0,"F",1,20000,820
1555876,16,0,0,5,0,"F",0,112500,821
1556592,16,0,0,4,0,"F",1,62500,822
1556634,16,0,0,3.0238094329834,0,"M",0,87500,823
1556652,16,0,0,7,1,"F",1,42500,824
1557407,16,0,0,2,1,"F",1,162500,825
1557751,16,0,0,7,1,"F",1,162500,826
1558181,16,0,0,5,1,"F",0,62500,827
1558593,16,0,0,8,0,"F",1,137500,828
1559861,16,0,0,4,0,"F",0,20000,829
1560624,16,0,0,5,1,"F",1,62500,830
1561366,16,0,0,6,2,"F",1,62500,831
1561573,16,0,0,4,1,"F",1,137500,832
1563321,16,0,0,3,1,"F",1,187500,833
1563505,16,0,0,3,0,"M",0,62500,834
1563807,16,0,0,9,2,"F",0,112500,835
1564353,16,0,0,7,0,"F",1,137500,836
1564381,16,0,0,4,0,"F",1,42500,837
1564432,16,0,0,7,0,"F",1,20000,838
1564440,16,0,0,7,0,"F",1,62500,839
1564588,16,0,0,2.78723406791687,0,"F",1,162500,840
1565437,16,0,0,7,0,"F",1,87500,841
1565459,16,0,0,9,2,"F",1,162500,842
1565552,16,0,0,5,0,"F",1,187500,843
1565565,16,0,0,3,0,"M",0,112500,844
1565621,16,0,0,3,1,"F",1,42500,845
1566766,16,0,0,6,1,"F",1,62500,846
1566910,16,0,0,2,1,"M",0,42500,847
1567216,16,0,0,7,0,"F",1,112500,848
1567225,16,0,0,5,2,"F",1,42500,849
1567585,16,0,0,6,0,"M",0,87500,850
1568736,16,0,0,2,0,"F",1,137500,851
1569143,16,0,0,7,0,"F",1,87500,852
1569250,16,0,0,5,0,"M",0,7500,853
1570352,16,0,0,5,0,"F",1,62500,854
1570791,16,0,0,7,1,"F",1,112500,855
1571168,16,0,0,6,0,"F",1,42500,856
1571704,16,0,0,8,1,"F",1,42500,857
1572013,16,0,0,5,0,"F",1,87500,858
1572475,16,0,0,7,0,"F",1,87500,859
1572791,16,0,1,2.07865166664124,0,"F",0,137500,860
1572826,16,0,0,5,0,"F",1,87500,861
1572876,16,0,0,1,0,"M",0,20000,862
1573368,16,0,0,7,0,"M",0,62500,863
1573406,16,0,0,1.85227274894714,0,"F",1,87500,864
1573782,16,0,0,5,0,"F",1,112500,865
1573961,16,2,0,10,3,"M",1,62500,866
1574217,16,0,0,6,1,"M",1,187500,867
1574944,16,0,0,6,0,"F",1,87500,868
1575622,16,0,0,6,0,"F",1,137500,869
1575638,16,0,0,6,0,"F",1,87500,870
1575664,16,0,0,3,0,"F",0,20000,871
1576304,16,0,0,7,0,"M",1,250000,872
1576669,16,1,0,8,4,"F",1,112500,873
1576876,16,0,0,4,1,"F",1,137500,874
1576998,16,0,0,3,0,"F",1,250000,875
1577505,16,0,0,4,0,"M",0,20000,876
1577931,16,0,0,8,1,"F",0,112500,877
1580292,16,0,0,8,0,"F",1,250000,878
1580324,16,0,0,7,1,"M",1,87500,879
1580380,16,0,0,9,2,"F",1,187500,880
1580422,16,0,0,1.49230766296387,0,"M",1,225000,881
1580699,16,0,0,3,0,"M",1,30000,882
1581113,16,0,0,6,0,"F",0,112500,883
1581720,16,0,0,3,2,"F",1,250000,884
1582050,16,0,0,6,0,"F",1,137500,885
1582294,16,1,0,4,2,"F",1,250000,886
1582445,16,0,0,3,1,"F",1,137500,887
1582970,16,0,0,1.60714280605316,0,"F",1,187500,888
1583212,16,0,0,4,0,"F",1,250000,889
1583903,16,0,0,8,0,"F",1,250000,890
1583918,16,0,0,5,1,"F",0,162500,891
1584353,16,0,0,5,0,"F",0,87500,892
1584557,16,0,0,4,1,"F",1,62500,893
1584736,16,0,0,5,0,"F",0,87500,894
1584822,16,0,0,6,0,"F",1,62500,895
1585152,16,0,0,7,1,"F",1,30000,896
1586387,16,0,0,7,0,"F",1,187500,897
1586988,16,0,0,6,0,"F",1,87500,898
1587401,16,0,0,8,0,"F",1,87500,899
1587615,16,0,0,8,1,"F",1,30000,900
1587812,16,0,1,6,2,"F",1,225000,901
1588035,16,0,0,1,0,"F",1,112500,902
1588596,16,0,0,10,4,"M",1,137500,903
1588827,16,0,0,2,0,"M",1,137500,904
1588865,16,0,0,3,0,"M",1,112500,905
1589682,16,0,0,8,0,"F",1,250000,906
1589774,16,0,0,4,1,"M",1,62500,907
1590492,16,0,0,6,0,"M",1,250000,908
1590674,16,0,0,6,0,"F",1,20000,909
1590711,16,0,0,4,0,"F",1,187500,910
1590921,16,0,0,9,2,"F",1,250000,911
1590969,16,0,0,5,2,"F",0,42500,912
1591056,16,0,0,1,0,"F",1,225000,913
1591165,16,0,0,1,0,"F",1,250000,914
1591251,16,0,0,9,2,"F",0,87500,915
1591366,16,0,0,7,1,"M",1,250000,916
1591670,16,0,0,8,0,"M",1,137500,917
1591722,16,0,0,4,0,"F",0,62500,918
1591917,16,0,0,4,0,"F",1,187500,919
1591990,16,0,0,2.26373624801636,0,"M",0,42500,920
1592216,16,0,0,5,0,"F",1,62500,921
1592278,16,0,0,4,0,"F",1,187500,922
1592293,16,0,0,10,4,"F",1,112500,923
1592707,16,0,1,7,0,"F",1,250000,924
1592744,16,0,0,6,0,"F",0,112500,925
1592908,16,0,0,8,1,"F",1,87500,926
1593038,16,0,0,6,0,"F",1,112500,927
1593301,16,0,0,8,1,"M",1,62500,928
1593487,16,0,0,9,1,"M",1,87500,929
1593651,16,0,0,3,1,"F",1,42500,930
1593813,16,0,0,7,0,"F",0,20000,931
1594152,16,0,0,6,1,"F",1,87500,932
1594307,16,0,0,6,0,"F",0,87500,933
1594407,16,0,0,6,0,"F",1,187500,934
1594775,16,0,0,7,0,"F",1,42500,935
1596452,16,0,0,6,0,"F",1,112500,936
1596829,16,0,0,6,0,"M",1,112500,937
1597491,16,0,0,5,2,"F",1,42500,938
1598463,16,0,0,4,2,"F",1,62500,939
1598633,16,0,0,8,0,"F",1,112500,940
1598919,16,0,0,2.07142853736877,0,"F",0,62500,941
1599722,16,0,0,6,1,"M",1,42500,942
1599748,16,0,0,6,0,"F",0,7500,943
1601262,16,0,0,7,0,"F",1,62500,944
1601710,16,0,0,4,1,"F",1,87500,945
1601726,16,0,0,7,0,"F",1,87500,946
1602013,16,0,0,1,0,"F",0,42500,947
1602093,16,0,0,1,0,"M",1,42500,948
1602541,16,0,0,1,2,"M",1,112500,949
1603217,16,0,0,8,2,"F",1,62500,950
1603225,16,0,0,6,0,"F",0,225000,951
1603429,16,0,0,7,2,"F",1,62500,952
1604015,16,0,0,6,0,"F",1,62500,953
1604126,16,0,0,6,0,"F",1,112500,954
1604128,16,0,0,6,0,"F",0,187500,955
1604268,16,0,0,2.06578946113586,0,"F",1,62500,956
1604528,16,0,0,4,0,"F",1,112500,957
1605044,16,0,0,6,0,"F",1,225000,958
1605048,16,0,0,3,0,"F",1,187500,959
1605961,16,0,0,5,1,"F",0,112500,960
1608086,16,0,0,3,0,"F",0,112500,961
1608536,16,0,1,5,0,"M",1,87500,962
1608611,16,0,0,4,2,"F",1,62500,963
1608612,16,0,0,9,1,"F",0,20000,964
1608644,16,0,0,7,1,"F",0,250000,965
1609138,16,0,0,1.7922078371048,0,"F",1,112500,966
1609335,16,0,0,6,0,"F",1,87500,967
1609688,16,0,0,6,0,"F",0,42500,968
1609694,16,0,0,4,0,"M",1,42500,969
1609742,16,0,0,6,2,"F",1,20000,970
1610234,16,0,0,6,1,"F",1,42500,971
1610404,16,0,0,3,0,"M",0,62500,972
1611512,16,0,0,2,0,"F",1,30000,973
1611563,16,0,0,1,0,"F",1,250000,974
1612208,16,0,0,8,1,"M",1,187500,975
1612444,16,0,0,8,0,"F",1,250000,976
1612702,16,0,0,8,1,"F",1,137500,977
1612863,16,0,0,4,2,"F",0,42500,978
1612987,16,1,0,9,5,"F",0,187500,979
1613295,16,0,0,6,1,"F",1,7500,980
1613630,16,0,0,5,0,"F",1,137500,981
1613669,16,0,0,8,1,"F",1,225000,982
1613754,16,0,0,4,0,"F",1,250000,983
1613787,16,0,0,8,0,"M",1,187500,984
1614408,16,0,0,4,1,"F",1,225000,985
1614896,16,0,0,8,1,"F",0,112500,986
1614950,16,0,1,5,1,"F",1,62500,987
1614982,16,0,0,7,1,"M",0,62500,988
1615046,16,0,0,6,0,"F",0,42500,989
1615126,16,0,0,2,0,"M",1,112500,990
1616126,16,0,0,1,0,"F",1,112500,991
1616413,16,0,0,1,1,"F",1,42500,992
1617245,16,0,0,7,0,"F",0,30000,993
1617490,16,0,0,5,0,"F",1,187500,994
1617675,16,0,0,7,0,"F",0,87500,995
1617709,16,0,0,1,0,"F",1,62500,996
1618855,16,0,0,1,0,"F",0,62500,997
1619223,16,0,0,6,0,"F",1,20000,998
1620927,16,0,0,6,0,"M",0,112500,999
1620942,16,0,0,5,0,"F",1,20000,1000
117514,17,1,0,10,2,"F",0,42500,1
287398,17,0,0,4,1,"F",0,42500,2
469734,17,0,0,10,1,"F",1,250000,3
1054974,17,0,0,10,1,"F",1,137500,4
1060246,17,0,0,11,1,"F",1,62500,5
1061355,17,0,0,9,0,"F",1,87500,6
1061649,17,0,0,8,1,"M",1,225000,7
1062171,17,0,0,7,0,"F",1,250000,8
1063617,17,0,0,8,0,"F",1,250000,9
1068288,17,0,0,9,5,"F",0,30000,10
1071414,17,0,0,10,1,"F",1,62500,11
1077480,17,0,0,2,1,"F",0,62500,12
1081075,17,0,0,8,1,"F",1,250000,13
1081928,17,0,0,6,0,"F",1,62500,14
1082351,17,0,0,6,0,"F",0,30000,15
1087152,17,2,0,12,3,"F",1,187500,16
1089142,17,0,0,5,0,"F",1,87500,17
1091840,17,0,0,9,0,"F",1,30000,18
1094021,17,0,0,3,0,"F",1,87500,19
1094281,17,0,0,1.64197528362274,0,"F",1,62500,20
1100417,17,0,0,3,0,"F",1,62500,21
1100757,17,0,0,4,0,"F",0,112500,22
1102828,17,0,0,12,1,"F",0,62500,23
1103923,17,0,0,1.76666665077209,1,"F",1,225000,24
1107037,17,0,0,8,0,"F",1,112500,25
1108749,17,0,0,9,1,"F",0,87500,26
1108764,17,0,0,5,0,"F",0,62500,27
1111628,17,0,0,9,1,"F",1,137500,28
1111718,17,0,0,8,1,"F",1,112500,29
1114150,17,0,0,3,0,"F",0,30000,30
1117270,17,0,0,1,0,"M",1,20000,31
1120531,17,0,0,7,1,"F",1,62500,32
1122158,17,0,0,11,4,"F",0,62500,33
1128451,17,0,0,7,0,"F",1,42500,34
1136393,17,0,0,9,1,"F",0,112500,35
1136784,17,0,0,9,0,"M",0,225000,36
1139371,17,0,0,4,0,"F",0,42500,37
1139886,17,0,0,10,0,"F",1,112500,38
1144195,17,0,0,8,1,"M",1,250000,39
1144979,17,0,0,10,2,"F",1,112500,40
1145339,17,0,0,7,1,"F",1,62500,41
1145483,17,0,0,3,0,"F",0,7500,42
1146117,17,0,0,4,0,"M",0,87500,43
1147315,17,0,0,9,2,"F",1,187500,44
1148446,17,0,0,5,1,"F",0,20000,45
1149897,17,0,0,2.80612254142761,0,"M",0,30000,46
1149964,17,0,0,10,0,"F",1,42500,47
1150751,17,0,0,6,0,"M",0,7500,48
1150797,17,0,0,10,3,"F",1,162500,49
1151559,17,0,0,8,1,"F",1,112500,50
1151769,17,0,0,7,0,"F",0,112500,51
1152166,17,0,0,6,1,"M",1,137500,52
1152366,17,0,0,7,1,"F",1,87500,53
1153528,17,0,0,9,2,"M",1,62500,54
1153766,17,0,0,6,0,"F",1,162500,55
1155123,17,0,0,1,0,"F",1,112500,56
1156205,17,0,0,9,1,"F",0,112500,57
1156827,17,0,0,7,1,"F",0,7500,58
1157198,17,0,0,6,0,"F",1,20000,59
1165832,17,0,0,10,0,"F",0,62500,60
1166157,17,0,0,16,1,"F",0,137500,61
1167911,17,0,0,8,0,"F",1,87500,62
1168134,17,1,0,10,2,"F",0,162500,63
1168271,17,0,0,10,0,"F",1,112500,64
1171923,17,0,0,5,1,"F",0,62500,65
1172112,17,0,0,6,0,"F",0,20000,66
1174038,17,0,0,3,0,"M",1,112500,67
1174562,17,0,0,9,0,"F",1,62500,68
1174985,17,0,0,7,0,"F",1,62500,69
1176048,17,0,0,7,0,"F",1,62500,70
1179432,17,0,0,10,0,"F",1,87500,71
1179878,17,0,0,4,0,"M",1,62500,72
1180407,17,0,0,6,0,"F",0,62500,73
1180590,17,0,0,7,3,"F",0,112500,74
1180640,17,0,0,5,0,"F",1,62500,75
1181283,17,0,0,5,2,"F",1,62500,76
1181372,17,0,0,1.50793647766113,0,"M",1,62500,77
1181576,17,0,0,5,0,"F",1,87500,78
1182877,17,0,0,5,0,"M",1,62500,79
1184139,17,0,0,7,0,"F",1,20000,80
1184169,17,0,0,11,0,"F",1,112500,81
1184297,17,0,0,7,0,"M",1,112500,82
1184913,17,0,0,8,1,"F",1,87500,83
1185813,17,0,0,3.01980209350586,0,"M",1,87500,84
1185876,17,0,0,1.11764705181122,0,"F",1,137500,85
1186126,17,0,0,8,1,"F",1,62500,86
1187131,17,0,0,1.97826087474823,0,"M",0,42500,87
1187232,17,0,0,8,1,"F",0,62500,88
1187420,17,0,0,7,0,"F",1,87500,89
1187873,17,1,0,10,3,"M",1,112500,90
1187978,17,0,0,5,1,"F",1,62500,91
1188069,17,0,0,10,0,"F",1,162500,92
1188761,17,0,0,7,1,"F",1,162500,93
1188833,17,0,0,7,0,"F",1,62500,94
1189258,17,0,0,4,0,"F",1,225000,95
1189412,17,0,0,2.08641982078552,0,"F",1,20000,96
1189715,17,0,0,4,0,"M",1,162500,97
1189764,17,0,0,2,0,"F",1,137500,98
1190134,17,0,0,8,1,"F",0,20000,99
1190711,17,0,0,8,0,"F",1,162500,100
1191253,17,0,0,10,1,"F",0,62500,101
1191595,17,0,0,7,2,"F",1,62500,102
1191968,17,0,0,3,0,"F",1,112500,103
1192704,17,0,0,11,3,"F",1,62500,104
1192874,17,0,0,2,0,"F",1,62500,105
1193114,17,0,0,10,2,"F",1,162500,106
1193232,17,0,0,2,0,"M",1,112500,107
1193743,17,0,0,8,1,"F",1,20000,108
1193751,17,0,0,4,0,"F",0,42500,109
1193787,17,1,0,8,2,"F",1,62500,110
1194121,17,0,0,4,1,"F",0,42500,111
1194319,17,0,0,7,1,"F",0,62500,112
1194477,17,0,0,9,1,"F",1,112500,113
1195243,17,1,0,11,1,"F",1,62500,114
1195315,17,0,0,2,0,"M",1,112500,115
1195629,17,0,0,9,0,"M",1,62500,116
1196370,17,1,0,11,1,"F",0,137500,117
1196373,17,0,0,2,0,"F",1,87500,118
1196532,17,0,0,9,2,"F",1,112500,119
1196672,17,0,0,7,0,"F",0,62500,120
1196715,17,0,0,9,0,"F",1,62500,121
1196867,17,0,0,6,2,"F",1,62500,122
1197628,17,0,0,6,0,"M",0,137500,123
1198131,17,1,0,4,1,"F",0,42500,124
1198229,17,0,0,8,3,"F",1,62500,125
1198340,17,0,0,2.20731711387634,0,"F",1,112500,126
1198656,17,0,0,3,0,"F",0,42500,127
1198936,17,1,0,10,1,"M",0,162500,128
1199872,17,0,0,9,1,"F",0,87500,129
1202556,17,0,0,9,0,"F",1,62500,130
1204291,17,0,0,2.2826087474823,0,"F",0,20000,131
1204517,17,1,0,10,2,"F",1,62500,132
1204703,17,0,0,5,0,"F",0,87500,133
1205899,17,0,0,5,0,"F",1,162500,134
1207119,17,0,0,1,0,"F",1,62500,135
1208107,17,0,0,4,0,"F",1,112500,136
1208888,17,0,0,1.53030300140381,0,"F",0,20000,137
1209486,17,0,0,9,3,"F",1,62500,138
1209955,17,0,0,2,0,"M",1,225000,139
1210800,17,1,0,10,2,"F",1,250000,140
1211027,17,0,0,7,0,"F",1,112500,141
1211068,17,0,0,7,0,"F",0,250000,142
1211288,17,0,0,7,1,"F",0,7500,143
1211807,17,0,0,1,0,"F",1,42500,144
1212464,17,0,0,9,1,"F",0,42500,145
1213078,17,0,0,9,1,"F",1,250000,146
1213693,17,0,0,7,0,"F",1,162500,147
1216811,17,0,0,8,1,"F",1,162500,148
1217376,17,0,0,12,2,"F",1,137500,149
1217401,17,0,0,7,0,"F",0,62500,150
1221162,17,0,0,5,2,"F",1,62500,151
1222034,17,0,0,7,0,"M",1,87500,152
1222561,17,0,0,5,0,"F",1,62500,153
1224353,17,0,0,8,1,"F",1,87500,154
1224379,17,0,0,5,0,"F",1,162500,155
1225029,17,0,0,3,0,"F",1,62500,156
1225288,17,1,0,8,1,"F",1,112500,157
1225581,17,0,0,9,2,"F",1,30000,158
1226932,17,2,0,8,3,"F",1,87500,159
1226943,17,0,0,10,1,"F",1,162500,160
1227191,17,0,0,7,2,"F",1,112500,161
1227743,17,0,0,7,0,"F",0,62500,162
1228628,17,0,0,5,0,"F",1,62500,163
1228793,17,1,0,10,2,"F",0,87500,164
1229147,17,0,0,9,1,"F",1,87500,165
1229564,17,0,0,8,0,"F",1,62500,166
1229612,17,0,0,8,0,"M",1,187500,167
1229771,17,0,0,7,0,"F",1,87500,168
1229884,17,0,0,7,1,"F",1,112500,169
1230105,17,1,0,10,2,"F",1,137500,170
1230445,17,0,0,9,1,"F",1,62500,171
1230648,17,0,0,7,0,"F",1,87500,172
1230860,17,0,0,5,0,"F",1,62500,173
1231637,17,0,0,1,0,"F",1,112500,174
1233436,17,0,0,9,0,"F",0,162500,175
1233553,17,0,0,8,4,"F",1,112500,176
1234916,17,1,0,12,4,"M",1,62500,177
1237257,17,0,0,8,0,"F",1,62500,178
1237667,17,0,0,7,2,"F",1,87500,179
1238108,17,0,0,6,0,"F",1,42500,180
1238707,17,0,0,9,1,"F",1,62500,181
1238904,17,0,0,5,0,"M",1,87500,182
1239286,17,0,0,2,0,"F",1,250000,183
1239623,17,0,0,8,0,"F",0,42500,184
1239849,17,0,0,2,0,"F",1,112500,185
1239936,17,0,0,1.44736838340759,0,"F",0,7500,186
1240102,17,0,0,7,0,"F",0,62500,187
1241439,17,1,0,8,3,"F",1,112500,188
1241595,17,0,0,9,0,"F",1,62500,189
1241711,17,0,0,9,0,"F",1,87500,190
1242022,17,0,0,5,0,"F",1,62500,191
1242223,17,0,0,9,0,"M",1,137500,192
1242542,17,0,0,6,0,"M",1,137500,193
1243937,17,2,0,12,3,"F",1,87500,194
1244277,17,0,0,1,0,"F",0,112500,195
1245286,17,0,0,3,0,"F",1,62500,196
1246704,17,0,0,9,1,"F",1,87500,197
1247392,17,0,0,6,0,"F",1,87500,198
1248826,17,0,0,8,1,"F",1,87500,199
1249794,17,0,0,8,0,"F",0,137500,200
1250074,17,0,0,7,0,"F",0,87500,201
1250242,17,0,0,2,0,"F",0,250000,202
1250577,17,0,0,11,3,"F",1,62500,203
1250585,17,0,0,10,1,"F",1,187500,204
1250879,17,0,0,3,0,"F",1,137500,205
1250899,17,0,0,7,0,"M",1,112500,206
1251138,17,0,0,6,0,"M",1,137500,207
1251550,17,1,0,6,1,"F",1,62500,208
1251623,17,0,0,5,1,"F",1,7500,209
1251804,17,0,0,2.54368925094604,0,"F",0,137500,210
1251816,17,0,0,12,1,"F",1,137500,211
1252257,17,0,0,9,0,"F",0,87500,212
1252297,17,0,0,4,0,"M",1,62500,213
1252403,17,0,0,10,4,"M",1,62500,214
1252534,17,0,0,9,0,"F",1,187500,215
1252759,17,0,0,9,0,"F",1,137500,216
1252878,17,0,0,7,0,"F",1,137500,217
1254168,17,0,0,10,1,"F",1,62500,218
1254684,17,0,0,10,1,"M",1,112500,219
1258925,17,0,0,9,0,"F",1,42500,220
1259640,17,0,0,7,0,"M",1,87500,221
1259672,17,0,0,8,0,"F",1,62500,222
1259740,17,0,0,6,1,"F",1,30000,223
1262332,17,0,0,7,2,"F",1,87500,224
1262373,17,0,0,8,1,"F",1,250000,225
1262926,17,0,0,5,0,"F",1,62500,226
1263058,17,0,0,4,0,"F",0,137500,227
1263919,17,0,0,5,0,"M",0,30000,228
1264065,17,0,0,10,0,"F",1,187500,229
1264317,17,0,0,8,1,"F",1,187500,230
1264505,17,0,0,6,0,"F",1,87500,231
1264703,17,0,0,9,1,"F",0,30000,232
1265443,17,0,0,7,0,"F",0,20000,233
1265755,17,0,0,10,1,"F",1,112500,234
1265835,17,0,0,5,0,"F",1,112500,235
1265892,17,0,0,6,0,"F",0,187500,236
1266201,17,0,0,2.40229892730713,0,"F",1,187500,237
1268413,17,0,0,6,0,"F",1,62500,238
1269756,17,0,0,8,0,"F",1,62500,239
1269824,17,0,0,4,0,"M",0,30000,240
1273931,17,0,0,8,0,"F",1,20000,241
1275308,17,0,0,9,0,"M",1,87500,242
1275698,17,0,0,3,0,"F",1,87500,243
1275888,17,0,0,2,0,"F",1,137500,244
1276784,17,0,0,4,0,"F",0,20000,245
1277335,17,0,0,6,0,"F",1,42500,246
1279299,17,0,0,7,2,"M",1,87500,247
1279847,17,0,0,5,1,"F",1,42500,248
1280469,17,0,0,8,0,"F",0,7500,249
1281674,17,0,0,7,1,"F",0,137500,250
1285561,17,0,0,9,1,"F",1,250000,251
1286058,17,0,0,8,0,"F",1,250000,252
1286676,17,0,0,8,0,"M",1,225000,253
1287337,17,0,0,9,0,"F",0,62500,254
1288054,17,0,0,7,0,"F",1,42500,255
1288246,17,0,0,5,0,"F",0,62500,256
1288502,17,0,0,9,1,"M",0,137500,257
1288666,17,0,0,8,0,"F",1,62500,258
1288675,17,0,0,2,0,"F",1,20000,259
1288774,17,1,0,11,1,"F",1,187500,260
1288902,17,0,0,9,1,"F",1,87500,261
1289229,17,0,0,2.51960778236389,0,"F",0,112500,262
1290077,17,0,0,7,0,"F",1,87500,263
1290515,17,0,0,4,0,"F",0,87500,264
1290723,17,0,0,9,2,"F",0,30000,265
1291318,17,0,0,6,0,"F",1,42500,266
1291608,17,0,0,8,1,"F",0,30000,267
1292847,17,0,0,14,0,"F",1,42500,268
1293296,17,0,0,10,0,"F",1,30000,269
1293595,17,0,0,7,0,"F",1,62500,270
1293939,17,0,0,7,2,"F",1,250000,271
1294157,17,0,0,7,0,"F",1,62500,272
1294200,17,0,0,10,1,"F",1,62500,273
1294399,17,0,0,8,0,"F",0,30000,274
1294837,17,0,0,8,0,"F",0,62500,275
1297008,17,0,0,4,0,"F",0,7500,276
1297323,17,0,0,5,0,"F",0,7500,277
1297452,17,0,0,7,2,"M",1,87500,278
1297615,17,0,0,7,1,"F",0,20000,279
1297678,17,0,0,5,1,"M",1,62500,280
1298036,17,0,0,7,1,"F",0,7500,281
1298136,17,0,0,10,0,"M",0,30000,282
1298614,17,0,0,9,0,"F",1,62500,283
1300363,17,0,0,7,0,"M",1,42500,284
1300457,17,0,0,4,2,"M",1,42500,285
1301237,17,1,0,2,4,"F",1,20000,286
1301332,17,0,0,9,0,"M",1,42500,287
1301620,17,0,0,8,0,"F",1,87500,288
1302173,17,0,0,9,1,"F",1,225000,289
1302216,17,0,0,2,0,"F",1,62500,290
1302375,17,0,0,8,1,"F",1,87500,291
1303092,17,0,0,5,0,"F",1,62500,292
1303908,17,0,0,7,1,"M",1,87500,293
1304518,17,0,0,8,1,"F",1,87500,294
1304751,17,0,0,7,2,"F",0,30000,295
1306505,17,0,0,8,0,"F",0,62500,296
1307675,17,1,0,12,3,"F",1,62500,297
1307821,17,0,0,8,0,"M",1,42500,298
1310138,17,0,0,7,1,"F",1,62500,299
1310269,17,0,0,7,0,"F",0,112500,300
1311143,17,0,0,5,0,"M",0,62500,301
1311172,17,0,0,4,0,"M",1,137500,302
1311388,17,0,0,8,1,"M",0,20000,303
1312227,17,0,0,9,0,"F",0,62500,304
1313291,17,0,0,5,2,"F",1,162500,305
1313396,17,0,0,9,2,"F",0,30000,306
1313735,17,1,0,7,1,"F",1,20000,307
1313856,17,0,0,10,1,"F",0,20000,308
1314520,17,0,0,8,2,"F",1,62500,309
1314682,17,0,0,3,0,"F",0,20000,310
1314969,17,0,0,6,1,"F",0,87500,311
1315946,17,0,0,10,1,"F",0,62500,312
1317054,17,1,0,9,1,"F",0,7500,313
1317356,17,0,0,6,0,"F",1,62500,314
1318696,17,0,0,11,0,"F",0,62500,315
1318996,17,0,0,8,0,"F",1,62500,316
1319548,17,0,0,5,0,"F",0,20000,317
1319613,17,0,0,7,0,"F",0,137500,318
1319738,17,0,0,5,0,"F",1,137500,319
1320734,17,0,0,8,0,"F",1,20000,320
1320750,17,0,0,6,2,"F",0,7500,321
1322205,17,0,0,9,1,"F",1,62500,322
1322235,17,0,0,8,0,"F",0,62500,323
1322521,17,0,0,7,0,"M",1,42500,324
1322942,17,0,0,9,1,"F",1,87500,325
1323304,17,0,0,12,5,"F",1,162500,326
1323359,17,0,0,11,2,"M",0,187500,327
1323491,17,0,0,6,0,"F",1,250000,328
1323698,17,0,0,6,1,"M",0,250000,329
1323962,17,0,0,8,1,"M",1,62500,330
1324251,17,0,0,6,3,"F",0,20000,331
1324843,17,2,0,7,2,"F",1,87500,332
1325556,17,0,0,2,0,"F",0,20000,333
1327146,17,1,0,9,4,"F",1,162500,334
1328158,17,0,0,7,0,"F",1,62500,335
1328623,17,0,0,8,0,"M",1,30000,336
1328832,17,0,0,6,0,"F",1,187500,337
1329574,17,0,0,8,2,"F",0,42500,338
1330046,17,0,0,4,1,"F",1,112500,339
1330272,17,0,0,6,0,"F",1,137500,340
1330497,17,0,0,7,0,"F",1,162500,341
1331244,17,2,0,11,3,"F",0,30000,342
1331261,17,0,0,3,0,"F",0,7500,343
1331950,17,0,0,8,0,"F",1,62500,344
1333858,17,0,0,7,1,"F",1,112500,345
1335680,17,0,0,1,0,"F",1,62500,346
1335920,17,0,0,8,1,"F",1,42500,347
1335980,17,0,0,5,0,"F",0,20000,348
1336426,17,0,0,5,1,"F",0,20000,349
1336946,17,0,0,5,1,"M",1,20000,350
1338200,17,0,0,7,0,"F",1,162500,351
1338378,17,0,0,4,0,"F",1,225000,352
1339574,17,0,0,8,2,"F",1,42500,353
1339822,17,0,0,9,0,"F",1,112500,354
1340176,17,0,0,6,0,"M",1,42500,355
1340267,17,0,0,9,0,"F",0,42500,356
1341891,17,0,0,6,0,"F",0,62500,357
1342799,17,0,0,4,1,"F",0,62500,358
1343216,17,0,0,2,0,"F",0,187500,359
1344265,17,0,0,2,0,"F",0,87500,360
1344499,17,0,0,10,0,"F",1,87500,361
1344614,17,0,0,11,1,"M",1,225000,362
1345984,17,0,0,9,1,"F",1,112500,363
1346234,17,0,0,4,0,"F",0,162500,364
1347945,17,0,0,9,0,"F",0,112500,365
1348467,17,0,0,7,1,"F",0,87500,366
1348663,17,0,0,8,0,"F",1,62500,367
1348726,17,0,0,3,0,"F",1,62500,368
1349285,17,1,0,11,1,"F",0,42500,369
1349428,17,0,0,7,0,"F",1,87500,370
1349951,17,0,0,6,0,"F",1,20000,371
1350291,17,0,0,8,1,"M",1,87500,372
1350434,17,0,0,8,0,"F",1,162500,373
1351173,17,0,0,2,0,"F",0,87500,374
1351468,17,0,0,8,1,"F",1,7500,375
1351509,17,0,0,1,0,"F",1,62500,376
1351586,17,0,0,9,0,"F",1,162500,377
1351796,17,0,0,10,0,"F",1,7500,378
1352046,17,0,0,7,1,"F",1,87500,379
1352301,17,0,0,4,0,"F",1,42500,380
1352756,17,0,0,9,0,"F",1,62500,381
1352986,17,0,0,9,0,"F",1,42500,382
1353809,17,0,0,10,0,"F",1,112500,383
1353961,17,1,0,8,2,"F",0,20000,384
1354452,17,0,0,6,0,"F",1,62500,385
1354598,17,0,0,6,0,"F",0,42500,386
1354602,17,0,0,9,1,"M",1,62500,387
1354673,17,0,0,11,0,"F",0,7500,388
1355604,17,0,0,3,0,"M",1,7500,389
1356206,17,0,0,4,0,"F",1,62500,390
1358021,17,0,0,8,3,"F",1,112500,391
1358933,17,0,0,10,1,"F",0,112500,392
1361465,17,0,0,6,0,"F",0,137500,393
1362107,17,0,0,2,0,"M",1,162500,394
1363023,17,0,0,6,0,"F",1,30000,395
1363370,17,0,0,8,1,"M",1,62500,396
1364059,17,0,0,9,3,"M",1,112500,397
1366217,17,0,0,5,1,"M",0,112500,398
1366244,17,0,0,4,0,"F",0,112500,399
1367411,17,0,0,9,0,"F",1,20000,400
1367420,17,0,0,18,3,"F",1,162500,401
1368140,17,0,0,10,0,"F",1,62500,402
1368385,17,0,0,5,0,"M",1,162500,403
1369918,17,0,0,8,0,"F",1,87500,404
1372221,17,0,0,3,2,"F",1,7500,405
1372333,17,0,0,5,0,"F",1,62500,406
1374105,17,0,0,8,0,"F",0,7500,407
1374132,17,0,0,5,1,"M",1,62500,408
1374680,17,0,0,7,0,"F",1,62500,409
1375113,17,0,0,8,1,"F",1,87500,410
1376245,17,0,0,1.61538457870483,0,"F",0,62500,411
1377492,17,0,0,13,1,"F",1,137500,412
1377719,17,1,0,9,2,"F",1,137500,413
1378071,17,0,0,7,1,"F",0,62500,414
1378409,17,0,0,13,1,"F",1,62500,415
1380721,17,0,0,3,1,"F",1,42500,416
1381136,17,0,0,6,1,"F",1,62500,417
1381384,17,0,0,8,2,"F",1,162500,418
1381552,17,0,0,9,0,"M",1,87500,419
1381639,17,1,0,10,3,"F",1,225000,420
1381711,17,0,0,5,0,"F",1,87500,421
1382137,17,0,0,5,0,"F",1,112500,422
1382624,17,0,0,10,0,"F",1,62500,423
1382975,17,0,0,8,2,"F",1,112500,424
1384230,17,1,0,10,2,"F",1,137500,425
1384341,17,0,0,6,0,"F",0,137500,426
1385468,17,0,0,8,0,"F",1,250000,427
1385831,17,0,0,4,0,"F",1,42500,428
1386066,17,0,0,1,0,"F",1,112500,429
1386120,17,0,0,6,0,"F",1,42500,430
1387428,17,0,0,9,1,"F",0,62500,431
1387588,17,0,0,7,1,"F",1,42500,432
1388210,17,0,0,6,0,"M",1,62500,433
1388355,17,0,0,1,0,"F",1,62500,434
1388513,17,0,0,7,2,"F",1,162500,435
1388833,17,0,0,10,1,"F",0,42500,436
1389030,17,0,0,9,0,"F",1,62500,437
1389384,17,0,0,9,1,"F",0,42500,438
1389406,17,0,0,9,1,"F",1,87500,439
1389477,17,0,0,7,0,"F",1,62500,440
1390351,17,0,0,8,0,"M",1,162500,441
1392387,17,0,0,6,0,"F",0,87500,442
1393255,17,0,0,6,0,"F",1,87500,443
1393466,17,0,0,3,0,"M",1,87500,444
1393929,17,0,0,6,0,"F",1,225000,445
1394027,17,1,0,2,1,"F",1,162500,446
1395064,17,0,0,9,0,"F",1,162500,447
1395309,17,0,0,7,2,"F",0,42500,448
1395394,17,0,0,8,0,"F",0,7500,449
1396474,17,0,0,1.76344084739685,0,"F",1,62500,450
1396597,17,0,0,7,3,"F",1,87500,451
1396618,17,0,0,8,1,"F",1,87500,452
1396830,17,0,0,5,0,"F",1,87500,453
1397814,17,0,0,6,0,"M",1,137500,454
1398493,17,0,0,2,0,"F",1,87500,455
1398606,17,0,0,7,1,"M",1,20000,456
1399233,17,0,0,5,0,"F",0,42500,457
1399269,17,0,0,7,2,"F",1,62500,458
1399329,17,0,0,13,3,"F",1,112500,459
1401246,17,0,0,2.61764717102051,0,"F",1,42500,460
1401458,17,0,0,5,0,"F",1,62500,461
1403021,17,1,0,5,1,"F",1,112500,462
1403631,17,0,0,8,1,"F",1,62500,463
1403972,17,1,0,17,7,"F",1,162500,464
1404355,17,0,0,6,0,"F",1,87500,465
1404418,17,0,0,6,0,"F",1,42500,466
1404842,17,0,0,5,0,"M",1,112500,467
1405544,17,0,0,8,3,"F",0,20000,468
1406907,17,0,0,6,1,"F",1,87500,469
1408575,17,0,0,6,0,"M",0,30000,470
1410385,17,2,0,10,3,"F",1,162500,471
1411418,17,0,0,5,0,"M",1,87500,472
1412397,17,0,0,6,0,"M",1,42500,473
1412511,17,0,0,2.29411768913269,0,"F",1,42500,474
1412646,17,0,0,16,1,"F",1,162500,475
1413182,17,0,0,9,0,"F",1,112500,476
1413837,17,0,0,6,0,"F",1,225000,477
1413925,17,0,0,9,0,"F",0,62500,478
1414361,17,0,0,5,0,"F",1,112500,479
1414857,17,0,0,7,0,"M",1,162500,480
1414873,17,0,0,5,1,"F",1,112500,481
1415098,17,1,0,11,2,"F",0,87500,482
1415320,17,0,0,8,0,"F",1,162500,483
1416429,17,1,0,12,1,"F",1,87500,484
1416731,17,0,0,5,1,"F",1,162500,485
1416940,17,0,0,8,0,"F",0,137500,486
1417159,17,0,0,2,0,"M",0,20000,487
1417523,17,0,0,2,0,"F",1,187500,488
1418358,17,0,0,11,1,"F",0,112500,489
1418818,17,0,0,9,0,"F",1,87500,490
1419071,17,0,0,8,0,"M",1,87500,491
1419406,17,0,0,5,0,"F",1,62500,492
1419467,17,0,0,5,0,"F",1,162500,493
1419627,17,0,0,12,2,"M",1,87500,494
1419833,17,0,0,7,0,"F",1,225000,495
1420095,17,0,0,2,0,"M",1,187500,496
1420139,17,0,0,9,1,"F",1,112500,497
1420150,17,0,0,9,0,"F",0,7500,498
1420458,17,0,0,8,2,"M",1,20000,499
1420461,17,0,0,7,2,"F",1,62500,500
1420462,17,0,0,10,3,"F",1,162500,501
1420478,17,0,0,5,0,"F",1,42500,502
1420505,17,0,0,5,0,"F",0,7500,503
1420957,17,0,0,2,3,"F",1,225000,504
1420990,17,0,0,9,0,"F",0,87500,505
1421112,17,0,0,5,0,"F",0,87500,506
1421265,17,0,0,8,0,"F",0,137500,507
1421359,17,0,0,4,0,"F",0,7500,508
1422155,17,0,0,9,0,"F",1,187500,509
1422249,17,0,0,1,0,"M",0,62500,510
1424297,17,0,0,1,0,"M",1,20000,511
1424626,17,0,0,11,0,"F",0,112500,512
1425960,17,0,0,8,0,"F",0,20000,513
1426165,17,0,0,9,0,"F",0,112500,514
1426230,17,0,0,6,0,"F",0,7500,515
1426266,17,0,0,10,1,"F",1,112500,516
1426799,17,0,0,12,1,"F",1,87500,517
1427258,17,0,0,5,0,"F",0,62500,518
1427579,17,0,0,5,0,"F",1,87500,519
1427915,17,0,0,8,0,"F",0,62500,520
1428277,17,1,0,9,1,"M",1,112500,521
1429936,17,0,0,11,2,"F",1,187500,522
1430214,17,0,0,8,2,"M",0,112500,523
1430754,17,0,0,5,1,"M",1,187500,524
1431104,17,0,0,6,0,"F",0,250000,525
1431118,17,0,0,3,0,"F",1,62500,526
1431340,17,0,0,9,0,"F",0,87500,527
1431513,17,0,0,7,1,"F",1,62500,528
1431697,17,0,0,7,0,"F",1,87500,529
1431949,17,1,0,8,2,"F",1,42500,530
1432387,17,0,0,9,0,"F",0,162500,531
1432724,17,0,0,8,0,"F",1,20000,532
1432840,17,0,0,6,1,"F",1,20000,533
1432998,17,0,0,4,0,"F",1,62500,534
1433194,17,0,0,7,0,"F",1,42500,535
1433587,17,0,0,6,0,"M",1,87500,536
1434275,17,0,0,10,0,"F",1,20000,537
1434712,17,0,0,1.83333337306976,0,"F",1,42500,538
1435022,17,0,0,1,0,"F",1,187500,539
1435557,17,0,0,2,0,"M",1,62500,540
1435794,17,0,0,8,0,"F",0,87500,541
1435996,17,0,0,7,0,"F",1,112500,542
1436928,17,0,0,4,0,"F",1,112500,543
1437747,17,0,0,5,0,"F",1,137500,544
1437857,17,2,0,14,4,"M",1,62500,545
1437869,17,0,0,9,1,"F",1,187500,546
1437899,17,0,0,11,1,"F",1,137500,547
1438760,17,1,0,11,3,"F",1,137500,548
1438884,17,0,0,11,0,"M",1,87500,549
1439629,17,0,0,8,0,"F",1,7500,550
1439689,17,0,0,3,1,"F",1,112500,551
1439713,17,0,0,6,0,"F",1,62500,552
1440356,17,0,0,1,0,"M",1,250000,553
1441053,17,0,0,9,2,"M",1,30000,554
1441466,17,0,0,11,3,"F",1,250000,555
1442287,17,0,0,8,0,"F",0,187500,556
1442704,17,0,0,8,0,"F",1,87500,557
1443687,17,0,0,7,1,"F",0,87500,558
1443964,17,0,0,6,0,"F",1,250000,559
1444485,17,1,0,8,2,"F",1,112500,560
1445100,17,0,0,11,1,"F",1,87500,561
1446288,17,0,0,13,0,"F",0,62500,562
1447092,17,0,0,4,0,"M",1,42500,563
1447298,17,0,0,8,0,"F",1,62500,564
1448763,17,0,0,1,0,"F",0,62500,565
1448901,17,0,0,2,0,"F",0,62500,566
1449431,17,0,0,5,0,"F",1,137500,567
1450170,17,0,0,4,1,"F",0,62500,568
1450180,17,0,0,2,0,"M",1,62500,569
1450746,17,0,0,8,0,"F",1,7500,570
1450805,17,3,0,9,3,"M",1,225000,571
1450890,17,0,0,9,1,"F",1,225000,572
1451275,17,0,0,3,1,"M",1,62500,573
1451865,17,0,0,5,1,"F",1,225000,574
1452879,17,0,0,8,0,"F",1,137500,575
1454110,17,0,0,8,0,"F",1,62500,576
1454343,17,0,0,11,1,"M",0,30000,577
1454425,17,0,0,7,0,"F",1,112500,578
1454661,17,0,0,10,0,"F",1,87500,579
1455466,17,0,0,7,0,"F",1,87500,580
1455615,17,0,0,2,0,"F",1,7500,581
1455721,17,0,0,2,0,"M",1,87500,582
1455906,17,0,0,10,0,"F",1,250000,583
1456029,17,0,0,7,0,"F",1,42500,584
1456155,17,1,0,6,1,"F",1,250000,585
1456186,17,0,0,7,1,"F",1,20000,586
1456531,17,0,0,8,1,"F",1,187500,587
1456609,17,0,0,2,0,"F",1,62500,588
1456628,17,0,0,6,0,"F",1,250000,589
1456919,17,0,0,2,1,"F",1,30000,590
1457625,17,0,0,5,1,"F",1,112500,591
1457777,17,1,0,8,1,"F",1,62500,592
1457830,17,0,0,4,0,"F",1,112500,593
1457984,17,0,0,12,1,"F",1,112500,594
1458214,17,0,0,5,0,"F",1,225000,595
1460277,17,0,0,5,0,"F",1,62500,596
1460380,17,0,0,9,0,"F",0,42500,597
1460953,17,0,0,10,1,"F",0,250000,598
1461151,17,0,0,2.64948463439941,0,"F",1,87500,599
1461397,17,0,0,8,0,"F",1,137500,600
1462847,17,0,0,8,0,"F",1,162500,601
1462878,17,0,0,11,2,"F",1,7500,602
1463072,17,0,0,6,0,"F",1,87500,603
1464188,17,0,0,1.54166662693024,0,"F",1,137500,604
1464264,17,0,0,6,1,"M",1,112500,605
1464335,17,0,0,9,0,"F",1,187500,606
1464618,17,0,0,4,0,"F",1,112500,607
1465220,17,0,0,9,0,"F",1,137500,608
1466204,17,0,0,12,1,"F",1,87500,609
1466494,17,0,0,4,1,"M",1,20000,610
1466816,17,0,0,12,1,"F",1,137500,611
1466833,17,0,0,9,1,"F",1,87500,612
1466886,17,0,0,10,0,"F",1,137500,613
1466955,17,0,0,10,0,"F",1,250000,614
1467019,17,0,0,6,1,"F",0,137500,615
1467058,17,0,0,9,0,"F",0,20000,616
1467155,17,0,0,5,1,"M",0,62500,617
1467520,17,0,0,4,0,"F",1,250000,618
1467621,17,0,0,9,0,"F",1,62500,619
1468654,17,1,0,5,2,"F",1,87500,620
1468709,17,0,0,3,1,"F",1,30000,621
1468714,17,0,0,10,2,"F",0,112500,622
1468733,17,0,0,8,1,"F",1,62500,623
1468745,17,0,0,7,0,"M",1,62500,624
1469175,17,0,0,14,1,"F",0,87500,625
1469204,17,0,0,8,0,"F",1,112500,626
1469239,17,0,0,9,0,"F",1,112500,627
1469248,17,0,0,6,0,"F",1,112500,628
1469990,17,0,0,9,1,"M",1,187500,629
1470110,17,0,0,9,0,"F",0,62500,630
1470965,17,0,0,8,0,"F",0,62500,631
1471445,17,0,0,4,0,"F",1,162500,632
1471473,17,0,0,5,3,"M",1,62500,633
1471528,17,0,0,10,0,"F",1,112500,634
1471566,17,0,0,5,1,"F",1,30000,635
1471723,17,0,0,9,2,"F",1,187500,636
1471767,17,0,0,8,0,"M",1,87500,637
1471934,17,0,0,6,0,"F",0,112500,638
1472977,17,0,0,9,0,"F",1,87500,639
1474598,17,0,0,12,0,"M",1,87500,640
1475170,17,0,0,7,1,"M",0,87500,641
1477477,17,0,0,1.65277779102325,0,"M",0,112500,642
1478058,17,1,0,8,1,"F",1,87500,643
1478617,17,0,0,8,0,"F",1,225000,644
1479489,17,0,0,8,0,"F",1,62500,645
1480578,17,0,0,3,0,"F",0,62500,646
1481279,17,0,0,8,1,"F",0,162500,647
1481476,17,1,0,7,3,"F",1,7500,648
1482005,17,1,0,2,1,"M",1,62500,649
1482267,17,0,0,6,0,"F",1,225000,650
1482614,17,0,0,7,1,"F",0,87500,651
1482816,17,2,0,6,2,"F",1,62500,652
1483049,17,1,0,8,2,"F",0,20000,653
1484259,17,0,0,8,1,"F",0,7500,654
1484519,17,0,0,9,0,"F",1,42500,655
1484930,17,0,0,5,0,"F",1,162500,656
1486404,17,0,0,4,0,"F",0,42500,657
1487790,17,0,0,10,0,"M",1,187500,658
1488086,17,0,0,6,1,"F",1,112500,659
1489319,17,0,0,4,0,"F",0,42500,660
1490014,17,0,0,3,0,"M",1,62500,661
1491416,17,0,0,13,2,"F",0,112500,662
1491563,17,0,0,4,0,"M",1,162500,663
1492025,17,0,0,5,0,"F",1,62500,664
1492036,17,0,0,3,0,"F",1,87500,665
1493569,17,0,0,5,0,"F",1,112500,666
1498287,17,0,0,12,2,"F",1,162500,667
1498483,17,0,0,4,0,"F",1,62500,668
1498656,17,0,0,2,1,"M",1,137500,669
1501397,17,0,0,8,1,"M",1,112500,670
1501443,17,0,0,5,0,"F",0,7500,671
1501825,17,2,0,11,2,"F",1,225000,672
1501848,17,0,0,2.34951448440552,0,"F",1,112500,673
1501917,17,0,0,5,0,"F",1,137500,674
1502135,17,0,0,5,0,"F",1,87500,675
1502146,17,0,0,7,0,"F",1,62500,676
1502599,17,0,0,11,1,"F",1,187500,677
1504289,17,2,0,7,2,"F",1,137500,678
1507421,17,0,0,2,0,"F",0,20000,679
1509331,17,0,0,10,0,"M",1,62500,680
1509782,17,0,0,2,0,"F",1,62500,681
1509874,17,0,0,1,0,"F",1,42500,682
1511973,17,0,0,6,0,"M",0,7500,683
1512249,17,1,0,9,1,"F",1,187500,684
1512656,17,0,0,8,0,"F",1,187500,685
1513530,17,0,0,9,0,"F",1,62500,686
1513806,17,0,0,5,1,"F",1,62500,687
1514087,17,0,0,1,0,"F",0,112500,688
1514098,17,0,0,8,0,"F",1,187500,689
1514327,17,0,0,8,2,"F",0,87500,690
1514351,17,0,0,5,0,"M",1,187500,691
1514819,17,0,0,8,2,"F",1,30000,692
1516894,17,0,0,10,0,"M",1,250000,693
1518132,17,0,0,7,1,"F",0,62500,694
1518564,17,0,0,4,2,"F",1,112500,695
1519598,17,0,0,9,0,"F",1,187500,696
1520012,17,0,0,2,0,"F",1,187500,697
1520720,17,0,0,9,0,"F",1,62500,698
1522154,17,0,0,7,0,"F",1,137500,699
1522471,17,0,0,6,0,"M",1,162500,700
1523997,17,0,0,6,1,"F",1,225000,701
1524038,17,0,0,8,1,"F",1,250000,702
1524967,17,0,0,1.25,0,"F",1,250000,703
1525049,17,0,0,9,1,"F",1,187500,704
1525556,17,0,0,9,0,"M",1,162500,705
1526044,17,0,0,5,0,"M",1,87500,706
1526280,17,0,0,7,0,"M",1,20000,707
1526638,17,0,0,7,0,"F",1,225000,708
1527800,17,0,0,3,0,"F",1,137500,709
1527932,17,0,0,7,0,"F",1,187500,710
1527966,17,0,0,6,0,"F",1,250000,711
1528038,17,0,0,6,0,"M",1,225000,712
1528103,17,0,0,12,0,"F",1,225000,713
1528515,17,0,0,1,0,"F",0,225000,714
1529646,17,1,0,9,1,"F",1,225000,715
1530199,17,0,0,3.60824751853943,0,"M",1,62500,716
1530200,17,0,0,8,1,"F",1,137500,717
1530561,17,0,0,6,0,"F",1,42500,718
1530887,17,0,0,9,2,"F",1,87500,719
1531800,17,0,0,8,0,"F",0,62500,720
1531915,17,0,0,3,0,"F",1,250000,721
1531924,17,0,0,10,0,"F",0,225000,722
1531984,17,0,0,8,1,"F",0,42500,723
1532052,17,0,0,8,0,"M",1,87500,724
1532113,17,0,0,9,0,"F",1,87500,725
1532334,17,0,0,5,0,"F",1,225000,726
1532420,17,0,0,1,0,"F",1,30000,727
1532431,17,0,0,8,0,"F",0,20000,728
1532738,17,0,0,9,0,"F",1,225000,729
1532841,17,0,0,8,0,"F",1,42500,730
1533843,17,0,0,6,1,"F",1,42500,731
1533874,17,0,0,6,0,"F",1,137500,732
1533971,17,0,0,10,0,"F",1,137500,733
1534792,17,0,0,8,1,"F",1,187500,734
1535057,17,0,0,8,1,"F",1,137500,735
1535333,17,0,0,11,1,"M",1,87500,736
1535547,17,0,0,8,0,"F",1,187500,737
1535701,17,0,0,8,1,"M",1,62500,738
1535732,17,0,0,9,0,"F",1,187500,739
1535755,17,0,0,8,0,"F",1,112500,740
1536000,17,0,0,5,1,"F",1,187500,741
1536405,17,0,0,8,1,"F",1,62500,742
1536527,17,0,0,2,0,"F",1,225000,743
1536579,17,0,0,3,0,"F",1,187500,744
1537347,17,0,0,8,1,"F",1,225000,745
1537995,17,0,0,2,0,"F",0,62500,746
1538175,17,0,0,12,0,"F",1,250000,747
1538662,17,0,0,9,0,"F",1,112500,748
1538919,17,0,0,3,0,"F",1,250000,749
1539494,17,0,0,10,0,"F",1,250000,750
1539570,17,0,0,6,0,"F",1,87500,751
1540059,17,0,0,11,3,"M",1,87500,752
1540194,17,0,0,2,3,"F",1,187500,753
1540364,17,0,0,6,0,"F",1,7500,754
1540829,17,0,0,7,0,"F",1,187500,755
1540910,17,0,0,11,1,"F",1,137500,756
1540936,17,4,0,12,4,"F",1,62500,757
1541156,17,0,0,8,1,"F",1,7500,758
1541593,17,0,0,9,0,"F",1,250000,759
1541662,17,0,0,9,2,"F",1,112500,760
1541734,17,0,0,8,1,"F",1,137500,761
1541834,17,0,0,1,0,"F",1,250000,762
1541894,17,0,0,3,0,"F",0,42500,763
1542247,17,0,0,9,1,"F",1,225000,764
1542523,17,0,0,13,1,"F",1,187500,765
1542740,17,0,0,10,0,"F",0,30000,766
1543012,17,0,0,10,0,"M",1,112500,767
1543181,17,0,0,12,0,"M",1,250000,768
1543552,17,0,0,9,0,"F",0,112500,769
1543563,17,0,0,10,2,"F",1,250000,770
1543633,17,0,0,9,1,"F",1,112500,771
1544590,17,0,0,7,0,"F",0,187500,772
1544693,17,0,0,8,0,"F",1,250000,773
1545273,17,0,0,10,0,"F",0,137500,774
1545322,17,0,0,10,1,"M",1,250000,775
1546709,17,0,0,8,1,"F",1,250000,776
1546922,17,0,0,10,0,"M",1,137500,777
1546932,17,0,0,7,0,"F",0,112500,778
1546959,17,0,0,8,0,"F",1,187500,779
1546989,17,0,0,9,1,"M",1,225000,780
1547464,17,0,0,7,0,"F",1,87500,781
1547476,17,0,0,4,0,"F",0,225000,782
1547622,17,1,0,11,2,"F",1,187500,783
1547752,17,0,0,4,1,"F",1,112500,784
1547850,17,0,0,1,0,"F",1,20000,785
1548040,17,0,0,2,0,"F",0,112500,786
1548129,17,0,0,5,1,"F",1,112500,787
1548209,17,0,0,6,1,"F",1,20000,788
1548503,17,0,0,6,0,"F",1,62500,789
1548540,17,0,0,9,0,"F",1,87500,790
1548673,17,0,0,8,2,"F",1,112500,791
1549599,17,0,0,3,0,"M",1,187500,792
1550040,17,0,0,9,1,"M",1,20000,793
1550161,17,0,0,9,0,"F",1,62500,794
1550456,17,0,0,10,0,"F",1,225000,795
1550894,17,0,0,8,0,"F",1,87500,796
1551030,17,0,0,3,0,"F",1,225000,797
1551330,17,0,0,3,1,"M",1,87500,798
1551510,17,0,0,7,0,"F",1,162500,799
1551891,17,0,0,9,1,"F",1,187500,800
1552409,17,0,0,7,1,"M",1,137500,801
1552458,17,0,0,8,0,"F",1,62500,802
1552507,17,0,0,6,0,"F",1,137500,803
1552803,17,0,0,11,3,"F",1,225000,804
1552831,17,0,0,9,1,"M",1,112500,805
1553098,17,0,0,6,0,"F",1,87500,806
1553185,17,0,0,9,2,"F",1,187500,807
1553615,17,0,0,9,1,"F",1,187500,808
1553840,17,0,0,9,0,"M",1,20000,809
1553857,17,0,0,1,0,"M",1,87500,810
1553951,17,0,0,7,0,"F",1,225000,811
1554033,17,0,0,4.44761896133423,0,"F",1,62500,812
1554034,17,0,0,7,0,"F",1,162500,813
1554062,17,0,0,3,1,"F",1,87500,814
1554533,17,0,0,9,0,"F",1,62500,815
1554853,17,0,0,3,0,"M",1,42500,816
1554983,17,0,0,3,1,"M",1,87500,817
1555310,17,0,0,11,1,"F",1,187500,818
1555529,17,0,0,12,2,"M",1,225000,819
1555776,17,0,0,8,0,"F",1,20000,820
1555876,17,0,0,4,0,"F",0,112500,821
1556592,17,0,0,8,0,"F",1,62500,822
1556634,17,0,0,3.0238094329834,0,"M",0,87500,823
1556652,17,0,0,9,2,"F",1,42500,824
1557407,17,0,0,4,0,"F",1,162500,825
1557751,17,0,0,9,0,"F",1,162500,826
1558181,17,0,0,8,0,"F",0,62500,827
1558593,17,0,0,10,1,"F",1,137500,828
1559861,17,0,0,7,2,"F",0,20000,829
1560624,17,0,0,5,1,"F",1,62500,830
1561366,17,0,0,7,0,"F",1,62500,831
1561573,17,0,0,4,1,"F",1,137500,832
1563321,17,0,0,4,1,"F",1,187500,833
1563505,17,0,0,4,0,"M",0,62500,834
1563807,17,1,0,12,3,"F",0,112500,835
1564353,17,0,0,10,2,"F",1,137500,836
1564381,17,0,0,4,0,"F",1,42500,837
1564432,17,0,0,7,3,"F",1,20000,838
1564440,17,0,0,6,0,"F",1,62500,839
1564588,17,0,0,2,0,"F",1,162500,840
1565437,17,0,0,10,0,"F",1,87500,841
1565459,17,0,0,11,1,"F",1,162500,842
1565552,17,0,0,4,0,"F",1,187500,843
1565565,17,0,0,7,1,"M",0,112500,844
1565621,17,0,0,4,0,"F",1,42500,845
1566766,17,0,0,6,0,"F",1,62500,846
1566910,17,0,0,3.34313726425171,0,"M",0,42500,847
1567216,17,0,0,7,0,"F",1,112500,848
1567225,17,0,0,9,0,"F",1,42500,849
1567585,17,0,0,6,1,"M",0,87500,850
1568736,17,0,0,3.32075476646423,0,"F",1,137500,851
1569143,17,0,0,12,0,"F",1,87500,852
1569250,17,0,0,6,1,"M",0,7500,853
1570352,17,0,0,6,0,"F",1,62500,854
1570791,17,0,0,3,1,"F",1,112500,855
1571168,17,0,0,11,1,"F",1,42500,856
1571704,17,0,0,9,1,"F",1,42500,857
1572013,17,0,0,4,0,"F",1,87500,858
1572475,17,0,0,9,0,"F",1,87500,859
1572791,17,0,0,2.07865166664124,0,"F",0,137500,860
1572826,17,0,0,7,0,"F",1,87500,861
1572876,17,0,0,3,0,"M",0,20000,862
1573368,17,0,0,7,3,"M",0,62500,863
1573406,17,0,0,1.85227274894714,1,"F",1,87500,864
1573782,17,0,0,8,0,"F",1,112500,865
1573961,17,0,0,8,0,"M",1,62500,866
1574217,17,0,0,7,0,"M",1,187500,867
1574944,17,0,0,10,0,"F",1,87500,868
1575622,17,0,0,8,0,"F",1,137500,869
1575638,17,0,0,8,0,"F",1,87500,870
1575664,17,0,0,6,0,"F",0,20000,871
1576304,17,0,0,9,0,"M",1,250000,872
1576669,17,0,0,9,4,"F",1,112500,873
1576876,17,0,0,3,0,"F",1,137500,874
1576998,17,0,0,6,0,"F",1,250000,875
1577505,17,0,0,6,0,"M",0,20000,876
1577931,17,1,0,9,2,"F",0,112500,877
1580292,17,0,0,9,0,"F",1,250000,878
1580324,17,0,0,9,1,"M",1,87500,879
1580380,17,0,0,9,1,"F",1,187500,880
1580422,17,0,0,1.49230766296387,0,"M",1,225000,881
1580699,17,0,0,6,0,"M",1,30000,882
1581113,17,1,0,10,2,"F",0,112500,883
1581720,17,0,0,4,1,"F",1,250000,884
1582050,17,0,0,8,0,"F",1,137500,885
1582294,17,0,0,4,0,"F",1,250000,886
1582445,17,0,0,4,0,"F",1,137500,887
1582970,17,0,0,1.60714280605316,0,"F",1,187500,888
1583212,17,0,0,5,0,"F",1,250000,889
1583903,17,0,0,9,0,"F",1,250000,890
1583918,17,0,0,8,1,"F",0,162500,891
1584353,17,0,0,8,2,"F",0,87500,892
1584557,17,0,0,6,0,"F",1,62500,893
1584736,17,0,0,6,0,"F",0,87500,894
1584822,17,0,0,9,3,"F",1,62500,895
1585152,17,1,0,11,2,"F",1,30000,896
1586387,17,1,0,9,1,"F",1,187500,897
1586988,17,0,0,7,0,"F",1,87500,898
1587401,17,0,0,8,0,"F",1,87500,899
1587615,17,0,0,9,5,"F",1,30000,900
1587812,17,0,0,7,0,"F",1,225000,901
1588035,17,1,0,3,1,"F",1,112500,902
1588596,17,0,0,10,3,"M",1,137500,903
1588827,17,0,0,2.13541674613953,0,"M",1,137500,904
1588865,17,0,0,6,0,"M",1,112500,905
1589682,17,0,0,11,0,"F",1,250000,906
1589774,17,0,0,5,0,"M",1,62500,907
1590492,17,0,0,6,0,"M",1,250000,908
1590674,17,0,0,8,0,"F",1,20000,909
1590711,17,1,0,8,1,"F",1,187500,910
1590921,17,0,0,11,2,"F",1,250000,911
1590969,17,0,0,10,1,"F",0,42500,912
1591056,17,0,0,2.09876537322998,0,"F",1,225000,913
1591165,17,0,0,1,0,"F",1,250000,914
1591251,17,0,0,9,1,"F",0,87500,915
1591366,17,0,0,6,0,"M",1,250000,916
1591670,17,0,0,10,0,"M",1,137500,917
1591722,17,0,0,2,0,"F",0,62500,918
1591917,17,0,0,7,2,"F",1,187500,919
1591990,17,0,0,2.26373624801636,0,"M",0,42500,920
1592216,17,0,0,7,0,"F",1,62500,921
1592278,17,1,0,6,1,"F",1,187500,922
1592293,17,0,0,9,6,"F",1,112500,923
1592707,17,0,0,12,3,"F",1,250000,924
1592744,17,0,0,7,0,"F",0,112500,925
1592908,17,0,0,9,3,"F",1,87500,926
1593038,17,0,0,10,1,"F",1,112500,927
1593301,17,0,0,9,0,"M",1,62500,928
1593487,17,0,0,11,2,"M",1,87500,929
1593651,17,0,0,4,0,"F",1,42500,930
1593813,17,0,0,11,2,"F",0,20000,931
1594152,17,0,0,7,1,"F",1,87500,932
1594307,17,0,0,8,0,"F",0,87500,933
1594407,17,0,0,8,0,"F",1,187500,934
1594775,17,0,0,10,0,"F",1,42500,935
1596452,17,0,0,8,1,"F",1,112500,936
1596829,17,0,0,8,2,"M",1,112500,937
1597491,17,1,0,8,1,"F",1,42500,938
1598463,17,0,0,8,0,"F",1,62500,939
1598633,17,0,0,8,0,"F",1,112500,940
1598919,17,0,0,2.07142853736877,0,"F",0,62500,941
1599722,17,0,0,8,0,"M",1,42500,942
1599748,17,0,0,8,2,"F",0,7500,943
1601262,17,0,0,9,0,"F",1,62500,944
1601710,17,0,0,6,0,"F",1,87500,945
1601726,17,0,0,9,0,"F",1,87500,946
1602013,17,0,0,2,0,"F",0,42500,947
1602093,17,0,0,3,0,"M",1,42500,948
1602541,17,0,0,3,0,"M",1,112500,949
1603217,17,0,0,7,0,"F",1,62500,950
1603225,17,0,0,7,0,"F",0,225000,951
1603429,17,0,0,10,1,"F",1,62500,952
1604015,17,0,0,5,0,"F",1,62500,953
1604126,17,0,0,6,1,"F",1,112500,954
1604128,17,0,0,10,0,"F",0,187500,955
1604268,17,0,0,2.06578946113586,0,"F",1,62500,956
1604528,17,0,0,4,0,"F",1,112500,957
1605044,17,0,0,9,0,"F",1,225000,958
1605048,17,0,0,3,0,"F",1,187500,959
1605961,17,1,0,9,1,"F",0,112500,960
1608086,17,1,0,7,1,"F",0,112500,961
1608536,17,0,0,6,0,"M",1,87500,962
1608611,17,0,0,5,0,"F",1,62500,963
1608612,17,0,0,10,0,"F",0,20000,964
1608644,17,0,0,10,2,"F",0,250000,965
1609138,17,0,0,1,0,"F",1,112500,966
1609335,17,0,0,9,1,"F",1,87500,967
1609688,17,0,0,5,0,"F",0,42500,968
1609694,17,0,0,4,0,"M",1,42500,969
1609742,17,0,0,11,1,"F",1,20000,970
1610234,17,0,0,10,1,"F",1,42500,971
1610404,17,0,0,6,0,"M",0,62500,972
1611512,17,0,0,2,0,"F",1,30000,973
1611563,17,0,0,3,0,"F",1,250000,974
1612208,17,0,0,10,2,"M",1,187500,975
1612444,17,0,0,11,1,"F",1,250000,976
1612702,17,0,0,9,2,"F",1,137500,977
1612863,17,0,0,7,0,"F",0,42500,978
1612987,17,1,0,12,5,"F",0,187500,979
1613295,17,1,0,10,1,"F",1,7500,980
1613630,17,0,0,3,0,"F",1,137500,981
1613669,17,0,0,10,0,"F",1,225000,982
1613754,17,0,0,4,0,"F",1,250000,983
1613787,17,0,0,9,2,"M",1,187500,984
1614408,17,0,0,7,1,"F",1,225000,985
1614896,17,0,0,7,1,"F",0,112500,986
1614950,17,0,0,7,0,"F",1,62500,987
1614982,17,0,0,9,2,"M",0,62500,988
1615046,17,0,0,6,0,"F",0,42500,989
1615126,17,0,0,3,0,"M",1,112500,990
1616126,17,0,0,2.47368431091309,0,"F",1,112500,991
1616413,17,0,0,1,0,"F",1,42500,992
1617245,17,0,0,6,2,"F",0,30000,993
1617490,17,0,0,5,0,"F",1,187500,994
1617675,17,0,0,12,3,"F",0,87500,995
1617709,17,0,0,2,0,"F",1,62500,996
1618855,17,0,0,1,0,"F",0,62500,997
1619223,17,0,0,10,1,"F",1,20000,998
1620927,17,0,0,3,0,"M",0,112500,999
1620942,17,1,0,7,1,"F",1,20000,1000
117514,18,0,0,7,0,"F",0,42500,1
287398,18,0,0,3,0,"F",0,42500,2
469734,18,0,0,8,1,"F",1,250000,3
1054974,18,0,0,7,0,"F",1,137500,4
1060246,18,1,0,7,1,"F",1,62500,5
1061355,18,0,0,6,0,"F",1,87500,6
1061649,18,0,0,6,0,"M",1,225000,7
1062171,18,0,0,8,1,"F",1,250000,8
1063617,18,0,0,5,0,"F",1,250000,9
1068288,18,1,0,7,2,"F",0,30000,10
1071414,18,1,0,5,2,"F",1,62500,11
1077480,18,0,0,5,0,"F",0,62500,12
1081075,18,0,0,7,0,"F",1,250000,13
1081928,18,0,0,4,1,"F",1,62500,14
1082351,18,0,0,3,0,"F",0,30000,15
1087152,18,1,0,8,1,"F",1,187500,16
1089142,18,0,0,5,1,"F",1,87500,17
1091840,18,0,0,7,1,"F",1,30000,18
1094021,18,0,0,1,0,"F",1,87500,19
1094281,18,0,0,1,0,"F",1,62500,20
1100417,18,0,0,4,0,"F",1,62500,21
1100757,18,1,0,2,2,"F",0,112500,22
1102828,18,0,0,7,3,"F",0,62500,23
1103923,18,0,0,1,0,"F",1,225000,24
1107037,18,0,0,7,0,"F",1,112500,25
1108749,18,1,0,7,1,"F",0,87500,26
1108764,18,0,0,1,0,"F",0,62500,27
1111628,18,0,0,7,0,"F",1,137500,28
1111718,18,0,0,5,0,"F",1,112500,29
1114150,18,0,0,1,1,"F",0,30000,30
1117270,18,0,0,1,0,"M",1,20000,31
1120531,18,2,0,5,2,"F",1,62500,32
1122158,18,0,0,6,1,"F",0,62500,33
1128451,18,0,0,4,0,"F",1,42500,34
1136393,18,0,0,3,1,"F",0,112500,35
1136784,18,0,0,7,1,"M",0,225000,36
1139371,18,0,0,2,0,"F",0,42500,37
1139886,18,1,0,5,2,"F",1,112500,38
1144195,18,0,0,5,0,"M",1,250000,39
1144979,18,0,0,9,0,"F",1,112500,40
1145339,18,0,0,7,3,"F",1,62500,41
1145483,18,0,0,2,0,"F",0,7500,42
1146117,18,0,0,3,0,"M",0,87500,43
1147315,18,0,0,7,2,"F",1,187500,44
1148446,18,0,0,5,1,"F",0,20000,45
1149897,18,0,0,1,0,"M",0,30000,46
1149964,18,0,0,6,0,"F",1,42500,47
1150751,18,0,0,5,0,"M",0,7500,48
1150797,18,0,0,6,0,"F",1,162500,49
1151559,18,1,0,7,3,"F",1,112500,50
1151769,18,0,0,6,0,"F",0,112500,51
1152166,18,1,0,4,1,"M",1,137500,52
1152366,18,0,0,5,0,"F",1,87500,53
1153528,18,0,0,6,0,"M",1,62500,54
1153766,18,0,0,7,0,"F",1,162500,55
1155123,18,0,0,2,0,"F",1,112500,56
1156205,18,0,0,7,0,"F",0,112500,57
1156827,18,0,0,6,1,"F",0,7500,58
1157198,18,0,0,3,0,"F",1,20000,59
1165832,18,0,0,8,1,"F",0,62500,60
1166157,18,0,0,14,1,"F",0,137500,61
1167911,18,0,0,6,0,"F",1,87500,62
1168134,18,0,0,7,1,"F",0,162500,63
1168271,18,0,0,7,1,"F",1,112500,64
1171923,18,0,0,5,0,"F",0,62500,65
1172112,18,0,0,5,0,"F",0,20000,66
1174038,18,0,0,3,0,"M",1,112500,67
1174562,18,0,0,6,0,"F",1,62500,68
1174985,18,0,0,8,1,"F",1,62500,69
1176048,18,0,0,7,1,"F",1,62500,70
1179432,18,0,0,6,1,"F",1,87500,71
1179878,18,0,0,2,0,"M",1,62500,72
1180407,18,0,0,7,0,"F",0,62500,73
1180590,18,0,0,6,0,"F",0,112500,74
1180640,18,0,0,4,0,"F",1,62500,75
1181283,18,0,0,3,1,"F",1,62500,76
1181372,18,0,0,1.50793647766113,0,"M",1,62500,77
1181576,18,0,0,3,0,"F",1,87500,78
1182877,18,0,0,3,0,"M",1,62500,79
1184139,18,0,0,6,0,"F",1,20000,80
1184169,18,0,0,7,2,"F",1,112500,81
1184297,18,0,0,6,0,"M",1,112500,82
1184913,18,0,0,4,0,"F",1,87500,83
1185813,18,0,0,1,0,"M",1,87500,84
1185876,18,0,0,1.11764705181122,0,"F",1,137500,85
1186126,18,0,0,6,1,"F",1,62500,86
1187131,18,1,0,1,1,"M",0,42500,87
1187232,18,0,0,6,0,"F",0,62500,88
1187420,18,0,0,7,0,"F",1,87500,89
1187873,18,1,0,6,2,"M",1,112500,90
1187978,18,0,0,4,0,"F",1,62500,91
1188069,18,0,0,7,2,"F",1,162500,92
1188761,18,0,0,6,1,"F",1,162500,93
1188833,18,0,0,4,0,"F",1,62500,94
1189258,18,0,0,5,0,"F",1,225000,95
1189412,18,0,0,1,0,"F",1,20000,96
1189715,18,0,0,3,1,"M",1,162500,97
1189764,18,0,0,2,0,"F",1,137500,98
1190134,18,0,0,7,0,"F",0,20000,99
1190711,18,0,0,7,1,"F",1,162500,100
1191253,18,0,0,7,0,"F",0,62500,101
1191595,18,0,0,7,0,"F",1,62500,102
1191968,18,0,0,3,0,"F",1,112500,103
1192704,18,0,0,7,1,"F",1,62500,104
1192874,18,0,0,3,2,"F",1,62500,105
1193114,18,0,0,7,0,"F",1,162500,106
1193232,18,0,0,3,0,"M",1,112500,107
1193743,18,1,0,7,3,"F",1,20000,108
1193751,18,0,0,4,0,"F",0,42500,109
1193787,18,0,0,6,0,"F",1,62500,110
1194121,18,0,0,3,0,"F",0,42500,111
1194319,18,0,0,7,0,"F",0,62500,112
1194477,18,0,0,11,0,"F",1,112500,113
1195243,18,1,0,7,2,"F",1,62500,114
1195315,18,0,0,3,0,"M",1,112500,115
1195629,18,0,0,7,0,"M",1,62500,116
1196370,18,0,0,9,0,"F",0,137500,117
1196373,18,0,0,3,0,"F",1,87500,118
1196532,18,0,0,5,1,"F",1,112500,119
1196672,18,0,0,7,0,"F",0,62500,120
1196715,18,0,0,8,1,"F",1,62500,121
1196867,18,0,0,7,0,"F",1,62500,122
1197628,18,0,0,4,0,"M",0,137500,123
1198131,18,0,0,2,0,"F",0,42500,124
1198229,18,0,0,6,0,"F",1,62500,125
1198340,18,0,0,1,0,"F",1,112500,126
1198656,18,0,0,3,0,"F",0,42500,127
1198936,18,0,0,7,0,"M",0,162500,128
1199872,18,0,0,7,0,"F",0,87500,129
1202556,18,0,0,6,0,"F",1,62500,130
1204291,18,0,0,1,0,"F",0,20000,131
1204517,18,1,0,7,1,"F",1,62500,132
1204703,18,0,0,5,0,"F",0,87500,133
1205899,18,0,0,4,0,"F",1,162500,134
1207119,18,0,0,1,0,"F",1,62500,135
1208107,18,0,0,2,0,"F",1,112500,136
1208888,18,0,0,1,0,"F",0,20000,137
1209486,18,0,0,8,0,"F",1,62500,138
1209955,18,0,0,1,0,"M",1,225000,139
1210800,18,1,0,7,1,"F",1,250000,140
1211027,18,0,0,6,1,"F",1,112500,141
1211068,18,1,0,10,3,"F",0,250000,142
1211288,18,0,0,7,0,"F",0,7500,143
1211807,18,0,0,1,0,"F",1,42500,144
1212464,18,1,0,7,1,"F",0,42500,145
1213078,18,1,0,7,2,"F",1,250000,146
1213693,18,0,0,7,0,"F",1,162500,147
1216811,18,0,0,4,1,"F",1,162500,148
1217376,18,0,0,8,1,"F",1,137500,149
1217401,18,0,0,6,0,"F",0,62500,150
1221162,18,0,0,5,1,"F",1,62500,151
1222034,18,0,0,5,0,"M",1,87500,152
1222561,18,1,0,3,1,"F",1,62500,153
1224353,18,0,0,7,1,"F",1,87500,154
1224379,18,0,0,3,0,"F",1,162500,155
1225029,18,0,0,2,0,"F",1,62500,156
1225288,18,0,0,5,0,"F",1,112500,157
1225581,18,0,0,7,0,"F",1,30000,158
1226932,18,0,0,5,0,"F",1,87500,159
1226943,18,0,0,9,0,"F",1,162500,160
1227191,18,1,0,5,1,"F",1,112500,161
1227743,18,1,0,6,1,"F",0,62500,162
1228628,18,0,0,5,1,"F",1,62500,163
1228793,18,1,0,7,3,"F",0,87500,164
1229147,18,0,0,8,0,"F",1,87500,165
1229564,18,1,0,7,2,"F",1,62500,166
1229612,18,0,0,7,0,"M",1,187500,167
1229771,18,0,0,8,0,"F",1,87500,168
1229884,18,0,0,6,1,"F",1,112500,169
1230105,18,0,0,7,2,"F",1,137500,170
1230445,18,0,0,7,1,"F",1,62500,171
1230648,18,0,0,7,0,"F",1,87500,172
1230860,18,0,0,5,1,"F",1,62500,173
1231637,18,0,0,3,0,"F",1,112500,174
1233436,18,0,0,7,1,"F",0,162500,175
1233553,18,1,0,7,1,"F",1,112500,176
1234916,18,2,0,6,2,"M",1,62500,177
1237257,18,0,0,6,0,"F",1,62500,178
1237667,18,0,0,7,1,"F",1,87500,179
1238108,18,0,0,4,0,"F",1,42500,180
1238707,18,1,0,6,2,"F",1,62500,181
1238904,18,0,0,7,0,"M",1,87500,182
1239286,18,0,0,2,0,"F",1,250000,183
1239623,18,0,0,6,2,"F",0,42500,184
1239849,18,0,0,1,0,"F",1,112500,185
1239936,18,0,0,1,0,"F",0,7500,186
1240102,18,1,0,6,2,"F",0,62500,187
1241439,18,0,0,4,2,"F",1,112500,188
1241595,18,3,0,7,5,"F",1,62500,189
1241711,18,1,0,7,1,"F",1,87500,190
1242022,18,0,0,4,0,"F",1,62500,191
1242223,18,0,0,7,0,"M",1,137500,192
1242542,18,0,0,2,0,"M",1,137500,193
1243937,18,1,0,7,2,"F",1,87500,194
1244277,18,0,0,3,0,"F",0,112500,195
1245286,18,0,0,4,0,"F",1,62500,196
1246704,18,2,0,7,2,"F",1,87500,197
1247392,18,0,0,4,1,"F",1,87500,198
1248826,18,0,0,7,3,"F",1,87500,199
1249794,18,0,0,7,0,"F",0,137500,200
1250074,18,0,0,5,0,"F",0,87500,201
1250242,18,0,0,4,0,"F",0,250000,202
1250577,18,0,0,6,0,"F",1,62500,203
1250585,18,0,0,8,0,"F",1,187500,204
1250879,18,0,0,4,0,"F",1,137500,205
1250899,18,0,0,7,1,"M",1,112500,206
1251138,18,0,0,3,0,"M",1,137500,207
1251550,18,0,0,5,2,"F",1,62500,208
1251623,18,0,0,4,0,"F",1,7500,209
1251804,18,1,0,3,1,"F",0,137500,210
1251816,18,1,0,7,3,"F",1,137500,211
1252257,18,0,0,6,3,"F",0,87500,212
1252297,18,0,0,6,0,"M",1,62500,213
1252403,18,0,0,7,2,"M",1,62500,214
1252534,18,0,0,7,0,"F",1,187500,215
1252759,18,0,0,7,0,"F",1,137500,216
1252878,18,0,0,7,0,"F",1,137500,217
1254168,18,1,0,8,1,"F",1,62500,218
1254684,18,0,0,7,0,"M",1,112500,219
1258925,18,1,0,6,3,"F",1,42500,220
1259640,18,0,0,3,1,"M",1,87500,221
1259672,18,0,0,5,0,"F",1,62500,222
1259740,18,1,0,7,2,"F",1,30000,223
1262332,18,0,0,7,0,"F",1,87500,224
1262373,18,0,0,9,0,"F",1,250000,225
1262926,18,0,0,5,0,"F",1,62500,226
1263058,18,0,0,3,1,"F",0,137500,227
1263919,18,0,0,6,0,"M",0,30000,228
1264065,18,0,0,6,1,"F",1,187500,229
1264317,18,0,0,5,0,"F",1,187500,230
1264505,18,0,0,5,0,"F",1,87500,231
1264703,18,0,0,5,2,"F",0,30000,232
1265443,18,0,0,7,0,"F",0,20000,233
1265755,18,0,0,6,0,"F",1,112500,234
1265835,18,0,0,4,0,"F",1,112500,235
1265892,18,0,0,5,0,"F",0,187500,236
1266201,18,0,0,2.40229892730713,0,"F",1,187500,237
1268413,18,0,0,5,0,"F",1,62500,238
1269756,18,1,0,6,1,"F",1,62500,239
1269824,18,0,0,2,1,"M",0,30000,240
1273931,18,0,0,7,0,"F",1,20000,241
1275308,18,0,0,5,1,"M",1,87500,242
1275698,18,0,0,2,0,"F",1,87500,243
1275888,18,0,0,2,1,"F",1,137500,244
1276784,18,0,0,6,0,"F",0,20000,245
1277335,18,0,0,3,0,"F",1,42500,246
1279299,18,0,0,4,0,"M",1,87500,247
1279847,18,0,0,5,3,"F",1,42500,248
1280469,18,0,0,7,1,"F",0,7500,249
1281674,18,0,0,7,0,"F",0,137500,250
1285561,18,0,0,8,0,"F",1,250000,251
1286058,18,0,0,8,0,"F",1,250000,252
1286676,18,0,0,7,0,"M",1,225000,253
1287337,18,0,0,6,0,"F",0,62500,254
1288054,18,1,0,7,1,"F",1,42500,255
1288246,18,0,0,3,1,"F",0,62500,256
1288502,18,0,0,7,0,"M",0,137500,257
1288666,18,0,0,6,0,"F",1,62500,258
1288675,18,1,0,2,1,"F",1,20000,259
1288774,18,0,0,7,1,"F",1,187500,260
1288902,18,1,0,6,2,"F",1,87500,261
1289229,18,0,0,1,1,"F",0,112500,262
1290077,18,0,0,6,0,"F",1,87500,263
1290515,18,0,0,3,0,"F",0,87500,264
1290723,18,0,0,6,0,"F",0,30000,265
1291318,18,0,0,6,0,"F",1,42500,266
1291608,18,0,0,6,0,"F",0,30000,267
1292847,18,0,0,14,1,"F",1,42500,268
1293296,18,0,0,7,0,"F",1,30000,269
1293595,18,1,0,6,1,"F",1,62500,270
1293939,18,0,0,7,0,"F",1,250000,271
1294157,18,0,0,8,1,"F",1,62500,272
1294200,18,0,0,5,1,"F",1,62500,273
1294399,18,0,0,7,1,"F",0,30000,274
1294837,18,0,0,6,1,"F",0,62500,275
1297008,18,0,0,5,1,"F",0,7500,276
1297323,18,0,0,5,0,"F",0,7500,277
1297452,18,0,0,7,0,"M",1,87500,278
1297615,18,0,0,4,0,"F",0,20000,279
1297678,18,0,0,7,0,"M",1,62500,280
1298036,18,0,0,6,1,"F",0,7500,281
1298136,18,0,0,7,0,"M",0,30000,282
1298614,18,1,0,8,3,"F",1,62500,283
1300363,18,0,0,5,0,"M",1,42500,284
1300457,18,0,0,1,0,"M",1,42500,285
1301237,18,0,0,3,0,"F",1,20000,286
1301332,18,0,0,6,0,"M",1,42500,287
1301620,18,0,0,7,0,"F",1,87500,288
1302173,18,0,0,7,0,"F",1,225000,289
1302216,18,0,0,3,1,"F",1,62500,290
1302375,18,0,0,5,0,"F",1,87500,291
1303092,18,1,0,7,1,"F",1,62500,292
1303908,18,0,0,7,0,"M",1,87500,293
1304518,18,1,0,6,1,"F",1,87500,294
1304751,18,0,0,3,1,"F",0,30000,295
1306505,18,0,0,6,1,"F",0,62500,296
1307675,18,0,0,8,0,"F",1,62500,297
1307821,18,0,0,7,1,"M",1,42500,298
1310138,18,1,0,4,1,"F",1,62500,299
1310269,18,0,0,6,0,"F",0,112500,300
1311143,18,0,0,3,0,"M",0,62500,301
1311172,18,0,0,5,0,"M",1,137500,302
1311388,18,0,0,6,0,"M",0,20000,303
1312227,18,1,0,7,2,"F",0,62500,304
1313291,18,1,0,4,1,"F",1,162500,305
1313396,18,0,0,8,0,"F",0,30000,306
1313735,18,0,0,7,0,"F",1,20000,307
1313856,18,0,0,7,1,"F",0,20000,308
1314520,18,0,0,6,0,"F",1,62500,309
1314682,18,0,0,3,0,"F",0,20000,310
1314969,18,0,0,7,1,"F",0,87500,311
1315946,18,0,0,7,1,"F",0,62500,312
1317054,18,1,0,6,2,"F",0,7500,313
1317356,18,0,0,6,1,"F",1,62500,314
1318696,18,0,0,6,1,"F",0,62500,315
1318996,18,1,0,7,1,"F",1,62500,316
1319548,18,0,0,4,0,"F",0,20000,317
1319613,18,1,0,6,1,"F",0,137500,318
1319738,18,0,0,3,1,"F",1,137500,319
1320734,18,1,0,7,1,"F",1,20000,320
1320750,18,0,0,5,0,"F",0,7500,321
1322205,18,0,0,6,0,"F",1,62500,322
1322235,18,0,0,6,1,"F",0,62500,323
1322521,18,0,0,6,1,"M",1,42500,324
1322942,18,0,0,6,1,"F",1,87500,325
1323304,18,0,0,8,1,"F",1,162500,326
1323359,18,1,0,6,2,"M",0,187500,327
1323491,18,0,0,3,2,"F",1,250000,328
1323698,18,0,0,5,1,"M",0,250000,329
1323962,18,1,0,6,2,"M",1,62500,330
1324251,18,0,0,1,0,"F",0,20000,331
1324843,18,0,0,2,0,"F",1,87500,332
1325556,18,0,0,2,0,"F",0,20000,333
1327146,18,1,0,7,1,"F",1,162500,334
1328158,18,0,0,6,0,"F",1,62500,335
1328623,18,0,0,7,2,"M",1,30000,336
1328832,18,0,0,5,0,"F",1,187500,337
1329574,18,0,0,7,1,"F",0,42500,338
1330046,18,0,0,3,2,"F",1,112500,339
1330272,18,0,0,5,0,"F",1,137500,340
1330497,18,0,0,7,1,"F",1,162500,341
1331244,18,1,0,8,3,"F",0,30000,342
1331261,18,0,0,6,0,"F",0,7500,343
1331950,18,0,0,6,0,"F",1,62500,344
1333858,18,0,0,7,0,"F",1,112500,345
1335680,18,0,0,1,0,"F",1,62500,346
1335920,18,0,0,8,0,"F",1,42500,347
1335980,18,0,0,4,0,"F",0,20000,348
1336426,18,0,0,5,0,"F",0,20000,349
1336946,18,0,0,4,0,"M",1,20000,350
1338200,18,1,0,4,1,"F",1,162500,351
1338378,18,1,0,4,1,"F",1,225000,352
1339574,18,0,0,7,0,"F",1,42500,353
1339822,18,0,0,7,2,"F",1,112500,354
1340176,18,0,0,4,0,"M",1,42500,355
1340267,18,0,0,7,0,"F",0,42500,356
1341891,18,0,0,6,0,"F",0,62500,357
1342799,18,0,0,3,2,"F",0,62500,358
1343216,18,0,0,3,0,"F",0,187500,359
1344265,18,0,0,1,0,"F",0,87500,360
1344499,18,0,0,7,1,"F",1,87500,361
1344614,18,0,0,7,1,"M",1,225000,362
1345984,18,1,0,7,1,"F",1,112500,363
1346234,18,0,0,2,0,"F",0,162500,364
1347945,18,1,0,6,4,"F",0,112500,365
1348467,18,0,0,9,0,"F",0,87500,366
1348663,18,0,0,6,0,"F",1,62500,367
1348726,18,0,0,4,0,"F",1,62500,368
1349285,18,0,0,7,3,"F",0,42500,369
1349428,18,0,0,5,0,"F",1,87500,370
1349951,18,0,0,7,0,"F",1,20000,371
1350291,18,0,0,6,0,"M",1,87500,372
1350434,18,0,0,5,2,"F",1,162500,373
1351173,18,0,0,3,0,"F",0,87500,374
1351468,18,0,0,7,0,"F",1,7500,375
1351509,18,1,0,2,1,"F",1,62500,376
1351586,18,0,0,7,0,"F",1,162500,377
1351796,18,1,0,7,3,"F",1,7500,378
1352046,18,1,0,4,1,"F",1,87500,379
1352301,18,0,0,2,0,"F",1,42500,380
1352756,18,0,0,7,2,"F",1,62500,381
1352986,18,0,0,7,2,"F",1,42500,382
1353809,18,0,0,9,0,"F",1,112500,383
1353961,18,0,0,6,0,"F",0,20000,384
1354452,18,0,0,6,0,"F",1,62500,385
1354598,18,0,0,3,1,"F",0,42500,386
1354602,18,1,0,6,1,"M",1,62500,387
1354673,18,0,0,6,2,"F",0,7500,388
1355604,18,0,0,3,0,"M",1,7500,389
1356206,18,0,0,5,0,"F",1,62500,390
1358021,18,0,0,7,0,"F",1,112500,391
1358933,18,2,0,7,4,"F",0,112500,392
1361465,18,0,0,5,0,"F",0,137500,393
1362107,18,0,0,1,0,"M",1,162500,394
1363023,18,0,0,7,1,"F",1,30000,395
1363370,18,0,0,4,1,"M",1,62500,396
1364059,18,0,0,8,0,"M",1,112500,397
1366217,18,0,0,5,0,"M",0,112500,398
1366244,18,0,0,5,1,"F",0,112500,399
1367411,18,0,0,6,2,"F",1,20000,400
1367420,18,1,0,12,1,"F",1,162500,401
1368140,18,0,0,7,0,"F",1,62500,402
1368385,18,0,0,1,0,"M",1,162500,403
1369918,18,0,0,7,0,"F",1,87500,404
1372221,18,0,0,4,0,"F",1,7500,405
1372333,18,0,0,3,0,"F",1,62500,406
1374105,18,0,0,6,0,"F",0,7500,407
1374132,18,1,0,2,1,"M",1,62500,408
1374680,18,0,0,7,0,"F",1,62500,409
1375113,18,0,0,3,0,"F",1,87500,410
1376245,18,0,0,1,0,"F",0,62500,411
1377492,18,0,0,8,3,"F",1,137500,412
1377719,18,0,0,7,1,"F",1,137500,413
1378071,18,0,0,6,1,"F",0,62500,414
1378409,18,0,0,6,2,"F",1,62500,415
1380721,18,0,0,4,1,"F",1,42500,416
1381136,18,0,0,3,0,"F",1,62500,417
1381384,18,0,0,3,3,"F",1,162500,418
1381552,18,0,0,7,0,"M",1,87500,419
1381639,18,1,0,7,1,"F",1,225000,420
1381711,18,0,0,4,0,"F",1,87500,421
1382137,18,0,0,5,0,"F",1,112500,422
1382624,18,1,0,7,3,"F",1,62500,423
1382975,18,2,0,8,2,"F",1,112500,424
1384230,18,0,0,6,0,"F",1,137500,425
1384341,18,1,0,6,1,"F",0,137500,426
1385468,18,0,0,6,2,"F",1,250000,427
1385831,18,0,0,4,0,"F",1,42500,428
1386066,18,0,0,1,0,"F",1,112500,429
1386120,18,0,0,5,0,"F",1,42500,430
1387428,18,0,0,6,0,"F",0,62500,431
1387588,18,1,0,6,1,"F",1,42500,432
1388210,18,0,0,6,0,"M",1,62500,433
1388355,18,0,0,2,3,"F",1,62500,434
1388513,18,0,0,5,0,"F",1,162500,435
1388833,18,1,0,8,1,"F",0,42500,436
1389030,18,0,0,7,1,"F",1,62500,437
1389384,18,0,0,7,0,"F",0,42500,438
1389406,18,0,0,8,0,"F",1,87500,439
1389477,18,0,0,6,0,"F",1,62500,440
1390351,18,0,0,7,0,"M",1,162500,441
1392387,18,0,0,4,0,"F",0,87500,442
1393255,18,0,0,7,0,"F",1,87500,443
1393466,18,1,0,2,2,"M",1,87500,444
1393929,18,0,0,6,0,"F",1,225000,445
1394027,18,0,0,1,0,"F",1,162500,446
1395064,18,0,0,7,0,"F",1,162500,447
1395309,18,0,0,6,1,"F",0,42500,448
1395394,18,0,0,7,1,"F",0,7500,449
1396474,18,0,0,1,0,"F",1,62500,450
1396597,18,0,0,6,0,"F",1,87500,451
1396618,18,1,0,7,2,"F",1,87500,452
1396830,18,0,0,7,0,"F",1,87500,453
1397814,18,0,0,4,1,"M",1,137500,454
1398493,18,0,0,1,0,"F",1,87500,455
1398606,18,0,0,7,0,"M",1,20000,456
1399233,18,0,0,2,0,"F",0,42500,457
1399269,18,1,0,7,1,"F",1,62500,458
1399329,18,0,0,8,4,"F",1,112500,459
1401246,18,0,0,1,0,"F",1,42500,460
1401458,18,0,0,5,0,"F",1,62500,461
1403021,18,0,0,5,1,"F",1,112500,462
1403631,18,0,0,5,1,"F",1,62500,463
1403972,18,0,0,8,6,"F",1,162500,464
1404355,18,0,0,6,1,"F",1,87500,465
1404418,18,0,0,7,2,"F",1,42500,466
1404842,18,0,0,3,1,"M",1,112500,467
1405544,18,0,0,7,1,"F",0,20000,468
1406907,18,0,0,6,0,"F",1,87500,469
1408575,18,0,0,3,0,"M",0,30000,470
1410385,18,1,0,7,1,"F",1,162500,471
1411418,18,0,0,5,0,"M",1,87500,472
1412397,18,0,0,4,0,"M",1,42500,473
1412511,18,0,0,1,0,"F",1,42500,474
1412646,18,0,0,12,1,"F",1,162500,475
1413182,18,1,0,8,1,"F",1,112500,476
1413837,18,0,0,5,0,"F",1,225000,477
1413925,18,0,0,6,1,"F",0,62500,478
1414361,18,0,0,4,0,"F",1,112500,479
1414857,18,0,0,7,0,"M",1,162500,480
1414873,18,0,0,3,0,"F",1,112500,481
1415098,18,2,0,6,7,"F",0,87500,482
1415320,18,1,0,7,2,"F",1,162500,483
1416429,18,1,0,7,3,"F",1,87500,484
1416731,18,0,0,2,0,"F",1,162500,485
1416940,18,0,0,7,1,"F",0,137500,486
1417159,18,0,0,3,0,"M",0,20000,487
1417523,18,0,0,1,0,"F",1,187500,488
1418358,18,0,0,6,0,"F",0,112500,489
1418818,18,0,0,7,0,"F",1,87500,490
1419071,18,0,0,4,1,"M",1,87500,491
1419406,18,0,0,6,0,"F",1,62500,492
1419467,18,0,0,4,0,"F",1,162500,493
1419627,18,0,0,8,1,"M",1,87500,494
1419833,18,0,0,7,0,"F",1,225000,495
1420095,18,0,0,2,2,"M",1,187500,496
1420139,18,1,0,7,1,"F",1,112500,497
1420150,18,0,0,5,1,"F",0,7500,498
1420458,18,0,0,7,0,"M",1,20000,499
1420461,18,0,0,6,1,"F",1,62500,500
1420462,18,0,0,7,0,"F",1,162500,501
1420478,18,0,0,4,0,"F",1,42500,502
1420505,18,0,0,5,0,"F",0,7500,503
1420957,18,1,0,1,1,"F",1,225000,504
1420990,18,0,0,7,0,"F",0,87500,505
1421112,18,0,0,3,0,"F",0,87500,506
1421265,18,0,0,8,2,"F",0,137500,507
1421359,18,0,0,3,0,"F",0,7500,508
1422155,18,0,0,7,0,"F",1,187500,509
1422249,18,0,0,1,0,"M",0,62500,510
1424297,18,0,0,2,0,"M",1,20000,511
1424626,18,0,0,8,1,"F",0,112500,512
1425960,18,0,0,6,0,"F",0,20000,513
1426165,18,0,0,7,0,"F",0,112500,514
1426230,18,0,0,5,1,"F",0,7500,515
1426266,18,0,0,7,3,"F",1,112500,516
1426799,18,0,0,7,0,"F",1,87500,517
1427258,18,1,0,6,1,"F",0,62500,518
1427579,18,0,0,4,0,"F",1,87500,519
1427915,18,0,0,5,0,"F",0,62500,520
1428277,18,0,0,6,0,"M",1,112500,521
1429936,18,0,0,8,1,"F",1,187500,522
1430214,18,0,0,6,0,"M",0,112500,523
1430754,18,0,0,5,0,"M",1,187500,524
1431104,18,0,0,5,1,"F",0,250000,525
1431118,18,0,0,2,1,"F",1,62500,526
1431340,18,0,0,4,0,"F",0,87500,527
1431513,18,0,0,6,0,"F",1,62500,528
1431697,18,0,0,5,0,"F",1,87500,529
1431949,18,0,0,7,2,"F",1,42500,530
1432387,18,0,0,7,0,"F",0,162500,531
1432724,18,0,0,7,1,"F",1,20000,532
1432840,18,0,0,6,1,"F",1,20000,533
1432998,18,0,0,3,0,"F",1,62500,534
1433194,18,0,0,4,0,"F",1,42500,535
1433587,18,0,0,7,0,"M",1,87500,536
1434275,18,0,0,11,0,"F",1,20000,537
1434712,18,0,0,1,0,"F",1,42500,538
1435022,18,0,0,1,0,"F",1,187500,539
1435557,18,0,0,2,0,"M",1,62500,540
1435794,18,0,0,7,0,"F",0,87500,541
1435996,18,0,0,4,0,"F",1,112500,542
1436928,18,0,0,3,0,"F",1,112500,543
1437747,18,0,0,7,0,"F",1,137500,544
1437857,18,2,0,7,4,"M",1,62500,545
1437869,18,0,0,6,0,"F",1,187500,546
1437899,18,0,0,8,0,"F",1,137500,547
1438760,18,0,0,8,0,"F",1,137500,548
1438884,18,0,0,8,1,"M",1,87500,549
1439629,18,0,0,7,0,"F",1,7500,550
1439689,18,0,0,4,0,"F",1,112500,551
1439713,18,0,0,6,0,"F",1,62500,552
1440356,18,0,0,1,0,"M",1,250000,553
1441053,18,0,0,7,0,"M",1,30000,554
1441466,18,0,0,7,1,"F",1,250000,555
1442287,18,0,0,6,0,"F",0,187500,556
1442704,18,0,0,7,2,"F",1,87500,557
1443687,18,0,0,2,1,"F",0,87500,558
1443964,18,0,0,6,1,"F",1,250000,559
1444485,18,0,0,7,0,"F",1,112500,560
1445100,18,0,0,7,1,"F",1,87500,561
1446288,18,1,0,9,2,"F",0,62500,562
1447092,18,0,0,2,0,"M",1,42500,563
1447298,18,0,0,8,0,"F",1,62500,564
1448763,18,0,0,2,0,"F",0,62500,565
1448901,18,0,0,4,0,"F",0,62500,566
1449431,18,0,0,2,0,"F",1,137500,567
1450170,18,0,0,2,0,"F",0,62500,568
1450180,18,0,0,4,0,"M",1,62500,569
1450746,18,1,0,7,1,"F",1,7500,570
1450805,18,1,0,3,1,"M",1,225000,571
1450890,18,1,0,7,1,"F",1,225000,572
1451275,18,0,0,3,0,"M",1,62500,573
1451865,18,0,0,5,0,"F",1,225000,574
1452879,18,1,0,8,1,"F",1,137500,575
1454110,18,0,0,8,1,"F",1,62500,576
1454343,18,0,0,7,0,"M",0,30000,577
1454425,18,1,0,7,4,"F",1,112500,578
1454661,18,0,0,8,0,"F",1,87500,579
1455466,18,2,0,7,2,"F",1,87500,580
1455615,18,0,0,1,0,"F",1,7500,581
1455721,18,0,0,2,1,"M",1,87500,582
1455906,18,0,0,8,2,"F",1,250000,583
1456029,18,0,0,6,0,"F",1,42500,584
1456155,18,1,0,8,1,"F",1,250000,585
1456186,18,0,0,5,0,"F",1,20000,586
1456531,18,0,0,6,0,"F",1,187500,587
1456609,18,0,0,3,0,"F",1,62500,588
1456628,18,0,0,6,2,"F",1,250000,589
1456919,18,0,0,2,0,"F",1,30000,590
1457625,18,0,0,5,1,"F",1,112500,591
1457777,18,1,0,5,3,"F",1,62500,592
1457830,18,0,0,3,0,"F",1,112500,593
1457984,18,0,0,8,1,"F",1,112500,594
1458214,18,2,0,6,2,"F",1,225000,595
1460277,18,0,0,3,0,"F",1,62500,596
1460380,18,0,0,7,0,"F",0,42500,597
1460953,18,0,0,6,0,"F",0,250000,598
1461151,18,0,0,1,0,"F",1,87500,599
1461397,18,0,0,6,0,"F",1,137500,600
1462847,18,0,0,8,0,"F",1,162500,601
1462878,18,0,0,8,0,"F",1,7500,602
1463072,18,0,0,5,1,"F",1,87500,603
1464188,18,0,0,1.54166662693024,0,"F",1,137500,604
1464264,18,0,0,7,0,"M",1,112500,605
1464335,18,0,0,7,0,"F",1,187500,606
1464618,18,0,0,5,0,"F",1,112500,607
1465220,18,1,0,7,1,"F",1,137500,608
1466204,18,0,0,5,0,"F",1,87500,609
1466494,18,0,0,5,0,"M",1,20000,610
1466816,18,0,0,8,2,"F",1,137500,611
1466833,18,0,0,8,0,"F",1,87500,612
1466886,18,1,0,7,3,"F",1,137500,613
1466955,18,0,0,8,2,"F",1,250000,614
1467019,18,0,0,6,0,"F",0,137500,615
1467058,18,0,0,7,1,"F",0,20000,616
1467155,18,0,0,6,0,"M",0,62500,617
1467520,18,0,0,2,1,"F",1,250000,618
1467621,18,0,0,6,2,"F",1,62500,619
1468654,18,0,0,3,0,"F",1,87500,620
1468709,18,0,0,2,0,"F",1,30000,621
1468714,18,0,0,8,0,"F",0,112500,622
1468733,18,0,0,6,0,"F",1,62500,623
1468745,18,0,0,7,0,"M",1,62500,624
1469175,18,0,0,12,2,"F",0,87500,625
1469204,18,0,0,7,0,"F",1,112500,626
1469239,18,0,0,6,0,"F",1,112500,627
1469248,18,0,0,4,0,"F",1,112500,628
1469990,18,0,0,6,0,"M",1,187500,629
1470110,18,0,0,7,0,"F",0,62500,630
1470965,18,0,0,6,0,"F",0,62500,631
1471445,18,0,0,4,0,"F",1,162500,632
1471473,18,0,0,3,0,"M",1,62500,633
1471528,18,0,0,7,4,"F",1,112500,634
1471566,18,1,0,3,2,"F",1,30000,635
1471723,18,0,0,7,2,"F",1,187500,636
1471767,18,0,0,4,1,"M",1,87500,637
1471934,18,0,0,3,0,"F",0,112500,638
1472977,18,0,0,7,0,"F",1,87500,639
1474598,18,1,0,8,8,"M",1,87500,640
1475170,18,0,0,6,0,"M",0,87500,641
1477477,18,0,0,1,0,"M",0,112500,642
1478058,18,0,0,9,0,"F",1,87500,643
1478617,18,0,0,7,0,"F",1,225000,644
1479489,18,0,0,6,2,"F",1,62500,645
1480578,18,0,0,3,0,"F",0,62500,646
1481279,18,0,0,7,0,"F",0,162500,647
1481476,18,0,0,4,0,"F",1,7500,648
1482005,18,0,0,3,0,"M",1,62500,649
1482267,18,0,0,4,0,"F",1,225000,650
1482614,18,0,0,5,0,"F",0,87500,651
1482816,18,0,0,5,0,"F",1,62500,652
1483049,18,1,0,7,2,"F",0,20000,653
1484259,18,2,0,4,2,"F",0,7500,654
1484519,18,0,0,7,0,"F",1,42500,655
1484930,18,0,0,4,0,"F",1,162500,656
1486404,18,0,0,5,1,"F",0,42500,657
1487790,18,0,0,8,1,"M",1,187500,658
1488086,18,1,0,2,2,"F",1,112500,659
1489319,18,0,0,3,1,"F",0,42500,660
1490014,18,0,0,2,0,"M",1,62500,661
1491416,18,0,0,8,0,"F",0,112500,662
1491563,18,0,0,1,0,"M",1,162500,663
1492025,18,0,0,3,2,"F",1,62500,664
1492036,18,1,0,5,1,"F",1,87500,665
1493569,18,0,0,2,0,"F",1,112500,666
1498287,18,0,0,8,2,"F",1,162500,667
1498483,18,0,0,2,0,"F",1,62500,668
1498656,18,0,0,2,0,"M",1,137500,669
1501397,18,0,0,6,0,"M",1,112500,670
1501443,18,0,0,3,0,"F",0,7500,671
1501825,18,1,0,7,1,"F",1,225000,672
1501848,18,0,0,1,0,"F",1,112500,673
1501917,18,0,0,5,0,"F",1,137500,674
1502135,18,0,0,5,0,"F",1,87500,675
1502146,18,0,0,7,0,"F",1,62500,676
1502599,18,1,0,7,1,"F",1,187500,677
1504289,18,2,0,4,2,"F",1,137500,678
1507421,18,0,0,1,0,"F",0,20000,679
1509331,18,0,0,7,0,"M",1,62500,680
1509782,18,1,0,1,1,"F",1,62500,681
1509874,18,0,0,1,0,"F",1,42500,682
1511973,18,0,0,1,0,"M",0,7500,683
1512249,18,0,0,7,0,"F",1,187500,684
1512656,18,0,0,7,2,"F",1,187500,685
1513530,18,0,0,6,0,"F",1,62500,686
1513806,18,0,0,3,2,"F",1,62500,687
1514087,18,0,0,3,1,"F",0,112500,688
1514098,18,0,0,4,0,"F",1,187500,689
1514327,18,0,0,5,0,"F",0,87500,690
1514351,18,0,0,5,0,"M",1,187500,691
1514819,18,0,0,9,0,"F",1,30000,692
1516894,18,0,0,7,1,"M",1,250000,693
1518132,18,0,0,5,0,"F",0,62500,694
1518564,18,0,0,3,0,"F",1,112500,695
1519598,18,0,0,7,0,"F",1,187500,696
1520012,18,0,0,3,0,"F",1,187500,697
1520720,18,0,0,7,1,"F",1,62500,698
1522154,18,1,0,6,1,"F",1,137500,699
1522471,18,0,0,6,1,"M",1,162500,700
1523997,18,1,0,5,1,"F",1,225000,701
1524038,18,0,0,5,0,"F",1,250000,702
1524967,18,0,0,1,1,"F",1,250000,703
1525049,18,0,0,7,0,"F",1,187500,704
1525556,18,0,0,7,0,"M",1,162500,705
1526044,18,0,0,2,1,"M",1,87500,706
1526280,18,0,0,4,1,"M",1,20000,707
1526638,18,0,0,6,0,"F",1,225000,708
1527800,18,0,0,1,0,"F",1,137500,709
1527932,18,0,0,7,0,"F",1,187500,710
1527966,18,1,0,7,1,"F",1,250000,711
1528038,18,1,0,4,2,"M",1,225000,712
1528103,18,2,0,8,5,"F",1,225000,713
1528515,18,0,0,2,0,"F",0,225000,714
1529646,18,0,0,8,1,"F",1,225000,715
1530199,18,0,0,1,0,"M",1,62500,716
1530200,18,0,0,7,2,"F",1,137500,717
1530561,18,0,0,7,0,"F",1,42500,718
1530887,18,0,0,7,1,"F",1,87500,719
1531800,18,0,0,7,0,"F",0,62500,720
1531915,18,0,0,3,0,"F",1,250000,721
1531924,18,2,0,7,3,"F",0,225000,722
1531984,18,1,0,7,1,"F",0,42500,723
1532052,18,0,0,7,1,"M",1,87500,724
1532113,18,1,0,7,2,"F",1,87500,725
1532334,18,0,0,5,0,"F",1,225000,726
1532420,18,0,0,2,0,"F",1,30000,727
1532431,18,0,0,8,0,"F",0,20000,728
1532738,18,0,0,7,0,"F",1,225000,729
1532841,18,0,0,6,1,"F",1,42500,730
1533843,18,0,0,6,0,"F",1,42500,731
1533874,18,0,0,5,0,"F",1,137500,732
1533971,18,0,0,8,0,"F",1,137500,733
1534792,18,0,0,7,0,"F",1,187500,734
1535057,18,0,0,5,1,"F",1,137500,735
1535333,18,1,0,8,4,"M",1,87500,736
1535547,18,1,0,7,2,"F",1,187500,737
1535701,18,0,0,7,1,"M",1,62500,738
1535732,18,0,0,8,1,"F",1,187500,739
1535755,18,0,0,6,1,"F",1,112500,740
1536000,18,0,0,5,0,"F",1,187500,741
1536405,18,0,0,6,0,"F",1,62500,742
1536527,18,0,0,2,0,"F",1,225000,743
1536579,18,0,0,6,0,"F",1,187500,744
1537347,18,0,0,8,0,"F",1,225000,745
1537995,18,0,0,1,1,"F",0,62500,746
1538175,18,1,0,8,3,"F",1,250000,747
1538662,18,0,0,7,0,"F",1,112500,748
1538919,18,0,0,2,0,"F",1,250000,749
1539494,18,0,0,8,0,"F",1,250000,750
1539570,18,0,0,5,0,"F",1,87500,751
1540059,18,1,0,7,1,"M",1,87500,752
1540194,18,0,0,2,2,"F",1,187500,753
1540364,18,0,0,7,0,"F",1,7500,754
1540829,18,0,0,6,1,"F",1,187500,755
1540910,18,2,0,8,4,"F",1,137500,756
1540936,18,5,0,7,5,"F",1,62500,757
1541156,18,0,0,6,0,"F",1,7500,758
1541593,18,0,0,7,0,"F",1,250000,759
1541662,18,0,0,6,0,"F",1,112500,760
1541734,18,0,0,8,1,"F",1,137500,761
1541834,18,0,0,1,0,"F",1,250000,762
1541894,18,0,0,3,0,"F",0,42500,763
1542247,18,1,0,7,2,"F",1,225000,764
1542523,18,0,0,8,2,"F",1,187500,765
1542740,18,1,0,7,4,"F",0,30000,766
1543012,18,0,0,7,0,"M",1,112500,767
1543181,18,0,0,8,2,"M",1,250000,768
1543552,18,0,0,6,0,"F",0,112500,769
1543563,18,0,0,7,0,"F",1,250000,770
1543633,18,0,0,7,0,"F",1,112500,771
1544590,18,0,0,6,0,"F",0,187500,772
1544693,18,1,0,6,2,"F",1,250000,773
1545273,18,1,0,6,1,"F",0,137500,774
1545322,18,0,0,8,0,"M",1,250000,775
1546709,18,0,0,6,1,"F",1,250000,776
1546922,18,0,0,7,3,"M",1,137500,777
1546932,18,1,0,5,1,"F",0,112500,778
1546959,18,2,0,6,5,"F",1,187500,779
1546989,18,0,0,7,1,"M",1,225000,780
1547464,18,0,0,3,0,"F",1,87500,781
1547476,18,0,0,4,0,"F",0,225000,782
1547622,18,0,0,7,1,"F",1,187500,783
1547752,18,0,0,4,1,"F",1,112500,784
1547850,18,1,0,1,1,"F",1,20000,785
1548040,18,0,0,3,0,"F",0,112500,786
1548129,18,0,0,6,0,"F",1,112500,787
1548209,18,0,0,4,0,"F",1,20000,788
1548503,18,1,0,6,1,"F",1,62500,789
1548540,18,0,0,7,0,"F",1,87500,790
1548673,18,0,0,5,1,"F",1,112500,791
1549599,18,0,0,6,0,"M",1,187500,792
1550040,18,0,0,7,0,"M",1,20000,793
1550161,18,0,0,8,1,"F",1,62500,794
1550456,18,0,0,8,2,"F",1,225000,795
1550894,18,0,0,5,1,"F",1,87500,796
1551030,18,0,0,5,0,"F",1,225000,797
1551330,18,0,0,1,1,"M",1,87500,798
1551510,18,0,0,4,0,"F",1,162500,799
1551891,18,0,0,8,1,"F",1,187500,800
1552409,18,0,0,5,0,"M",1,137500,801
1552458,18,0,0,7,0,"F",1,62500,802
1552507,18,0,0,5,0,"F",1,137500,803
1552803,18,2,0,8,2,"F",1,225000,804
1552831,18,0,0,7,0,"M",1,112500,805
1553098,18,0,0,6,0,"F",1,87500,806
1553185,18,0,0,7,1,"F",1,187500,807
1553615,18,0,0,8,0,"F",1,187500,808
1553840,18,0,0,7,0,"M",1,20000,809
1553857,18,0,0,1,0,"M",1,87500,810
1553951,18,0,0,6,0,"F",1,225000,811
1554033,18,0,0,1,0,"F",1,62500,812
1554034,18,0,0,6,0,"F",1,162500,813
1554062,18,0,0,1,0,"F",1,87500,814
1554533,18,0,0,7,0,"F",1,62500,815
1554853,18,0,0,2,0,"M",1,42500,816
1554983,18,0,0,4,0,"M",1,87500,817
1555310,18,0,0,11,0,"F",1,187500,818
1555529,18,0,0,5,1,"M",1,225000,819
1555776,18,0,0,6,0,"F",1,20000,820
1555876,18,0,0,4,0,"F",0,112500,821
1556592,18,1,0,5,1,"F",1,62500,822
1556634,18,0,0,3.0238094329834,1,"M",0,87500,823
1556652,18,0,0,7,2,"F",1,42500,824
1557407,18,0,0,1,1,"F",1,162500,825
1557751,18,0,0,8,0,"F",1,162500,826
1558181,18,0,0,6,1,"F",0,62500,827
1558593,18,0,0,8,1,"F",1,137500,828
1559861,18,0,0,4,0,"F",0,20000,829
1560624,18,0,0,4,0,"F",1,62500,830
1561366,18,0,0,7,0,"F",1,62500,831
1561573,18,0,0,2,1,"F",1,137500,832
1563321,18,0,0,5,0,"F",1,187500,833
1563505,18,0,0,2,0,"M",0,62500,834
1563807,18,2,0,8,5,"F",0,112500,835
1564353,18,3,0,7,4,"F",1,137500,836
1564381,18,0,0,4,0,"F",1,42500,837
1564432,18,0,0,6,0,"F",1,20000,838
1564440,18,0,0,7,0,"F",1,62500,839
1564588,18,0,0,1,0,"F",1,162500,840
1565437,18,0,0,7,0,"F",1,87500,841
1565459,18,1,0,7,3,"F",1,162500,842
1565552,18,0,0,3,0,"F",1,187500,843
1565565,18,0,0,5,0,"M",0,112500,844
1565621,18,0,0,4,0,"F",1,42500,845
1566766,18,0,0,7,0,"F",1,62500,846
1566910,18,0,0,4,0,"M",0,42500,847
1567216,18,1,0,5,1,"F",1,112500,848
1567225,18,0,0,5,1,"F",1,42500,849
1567585,18,0,0,5,1,"M",0,87500,850
1568736,18,0,0,3,0,"F",1,137500,851
1569143,18,0,0,8,2,"F",1,87500,852
1569250,18,0,0,5,0,"M",0,7500,853
1570352,18,1,0,5,1,"F",1,62500,854
1570791,18,0,0,4,0,"F",1,112500,855
1571168,18,1,0,7,4,"F",1,42500,856
1571704,18,0,0,7,2,"F",1,42500,857
1572013,18,0,0,6,1,"F",1,87500,858
1572475,18,0,0,8,0,"F",1,87500,859
1572791,18,0,0,1,0,"F",0,137500,860
1572826,18,0,0,6,0,"F",1,87500,861
1572876,18,0,0,2,0,"M",0,20000,862
1573368,18,0,0,5,0,"M",0,62500,863
1573406,18,0,0,1,0,"F",1,87500,864
1573782,18,0,0,6,0,"F",1,112500,865
1573961,18,1,0,7,1,"M",1,62500,866
1574217,18,0,0,3,1,"M",1,187500,867
1574944,18,0,0,8,0,"F",1,87500,868
1575622,18,0,0,6,0,"F",1,137500,869
1575638,18,0,0,7,0,"F",1,87500,870
1575664,18,0,0,4,0,"F",0,20000,871
1576304,18,0,0,8,1,"M",1,250000,872
1576669,18,0,0,7,0,"F",1,112500,873
1576876,18,0,0,3,0,"F",1,137500,874
1576998,18,0,0,2,1,"F",1,250000,875
1577505,18,0,0,4,0,"M",0,20000,876
1577931,18,0,0,6,0,"F",0,112500,877
1580292,18,0,0,7,0,"F",1,250000,878
1580324,18,0,0,8,0,"M",1,87500,879
1580380,18,0,0,7,1,"F",1,187500,880
1580422,18,0,0,1.49230766296387,0,"M",1,225000,881
1580699,18,0,0,4,0,"M",1,30000,882
1581113,18,2,0,8,2,"F",0,112500,883
1581720,18,1,0,5,1,"F",1,250000,884
1582050,18,1,0,7,1,"F",1,137500,885
1582294,18,0,0,2,1,"F",1,250000,886
1582445,18,0,0,4,0,"F",1,137500,887
1582970,18,0,0,1,0,"F",1,187500,888
1583212,18,1,0,6,1,"F",1,250000,889
1583903,18,1,0,8,1,"F",1,250000,890
1583918,18,0,0,6,0,"F",0,162500,891
1584353,18,0,0,7,2,"F",0,87500,892
1584557,18,0,0,6,0,"F",1,62500,893
1584736,18,0,0,7,0,"F",0,87500,894
1584822,18,0,0,6,0,"F",1,62500,895
1585152,18,0,0,7,1,"F",1,30000,896
1586387,18,0,0,8,1,"F",1,187500,897
1586988,18,0,0,6,0,"F",1,87500,898
1587401,18,0,0,7,0,"F",1,87500,899
1587615,18,0,0,7,0,"F",1,30000,900
1587812,18,2,0,6,2,"F",1,225000,901
1588035,18,0,0,1,0,"F",1,112500,902
1588596,18,0,0,5,2,"M",1,137500,903
1588827,18,0,0,1,0,"M",1,137500,904
1588865,18,0,0,1,1,"M",1,112500,905
1589682,18,0,0,8,1,"F",1,250000,906
1589774,18,0,0,2,0,"M",1,62500,907
1590492,18,0,0,6,0,"M",1,250000,908
1590674,18,0,0,6,1,"F",1,20000,909
1590711,18,0,0,6,1,"F",1,187500,910
1590921,18,0,0,8,1,"F",1,250000,911
1590969,18,0,0,7,0,"F",0,42500,912
1591056,18,0,0,1,0,"F",1,225000,913
1591165,18,0,0,2,0,"F",1,250000,914
1591251,18,0,0,7,0,"F",0,87500,915
1591366,18,0,0,6,1,"M",1,250000,916
1591670,18,0,0,7,2,"M",1,137500,917
1591722,18,0,0,2,0,"F",0,62500,918
1591917,18,0,0,8,0,"F",1,187500,919
1591990,18,0,0,2,0,"M",0,42500,920
1592216,18,0,0,5,0,"F",1,62500,921
1592278,18,0,0,5,0,"F",1,187500,922
1592293,18,1,0,7,1,"F",1,112500,923
1592707,18,1,0,8,3,"F",1,250000,924
1592744,18,1,0,6,1,"F",0,112500,925
1592908,18,0,0,7,0,"F",1,87500,926
1593038,18,0,0,7,2,"F",1,112500,927
1593301,18,0,0,7,0,"M",1,62500,928
1593487,18,0,0,8,3,"M",1,87500,929
1593651,18,0,0,3,0,"F",1,42500,930
1593813,18,0,0,7,1,"F",0,20000,931
1594152,18,0,0,5,0,"F",1,87500,932
1594307,18,0,0,7,0,"F",0,87500,933
1594407,18,0,0,7,0,"F",1,187500,934
1594775,18,0,0,7,2,"F",1,42500,935
1596452,18,0,0,5,0,"F",1,112500,936
1596829,18,0,0,4,0,"M",1,112500,937
1597491,18,0,0,4,0,"F",1,42500,938
1598463,18,1,0,6,1,"F",1,62500,939
1598633,18,0,0,8,0,"F",1,112500,940
1598919,18,0,0,1,0,"F",0,62500,941
1599722,18,0,0,8,1,"M",1,42500,942
1599748,18,0,0,8,0,"F",0,7500,943
1601262,18,0,0,7,0,"F",1,62500,944
1601710,18,0,0,7,0,"F",1,87500,945
1601726,18,0,0,6,1,"F",1,87500,946
1602013,18,0,0,1,1,"F",0,42500,947
1602093,18,0,0,1,0,"M",1,42500,948
1602541,18,0,0,4,0,"M",1,112500,949
1603217,18,0,0,8,1,"F",1,62500,950
1603225,18,0,0,7,0,"F",0,225000,951
1603429,18,0,0,6,4,"F",1,62500,952
1604015,18,0,0,6,0,"F",1,62500,953
1604126,18,0,0,6,0,"F",1,112500,954
1604128,18,0,0,6,1,"F",0,187500,955
1604268,18,0,0,2.06578946113586,0,"F",1,62500,956
1604528,18,0,0,5,0,"F",1,112500,957
1605044,18,1,0,7,5,"F",1,225000,958
1605048,18,0,0,1,0,"F",1,187500,959
1605961,18,1,0,8,2,"F",0,112500,960
1608086,18,0,0,6,0,"F",0,112500,961
1608536,18,0,0,6,0,"M",1,87500,962
1608611,18,0,0,6,0,"F",1,62500,963
1608612,18,0,0,10,1,"F",0,20000,964
1608644,18,0,0,8,0,"F",0,250000,965
1609138,18,0,0,1,0,"F",1,112500,966
1609335,18,0,0,6,0,"F",1,87500,967
1609688,18,0,0,5,0,"F",0,42500,968
1609694,18,1,0,5,1,"M",1,42500,969
1609742,18,0,0,7,1,"F",1,20000,970
1610234,18,1,0,8,2,"F",1,42500,971
1610404,18,0,0,4,0,"M",0,62500,972
1611512,18,0,0,2,0,"F",1,30000,973
1611563,18,0,0,3,0,"F",1,250000,974
1612208,18,0,0,6,1,"M",1,187500,975
1612444,18,0,0,7,0,"F",1,250000,976
1612702,18,1,0,7,2,"F",1,137500,977
1612863,18,0,0,5,0,"F",0,42500,978
1612987,18,1,0,8,2,"F",0,187500,979
1613295,18,0,0,9,0,"F",1,7500,980
1613630,18,0,0,2,0,"F",1,137500,981
1613669,18,0,0,8,0,"F",1,225000,982
1613754,18,1,0,3,1,"F",1,250000,983
1613787,18,0,0,6,0,"M",1,187500,984
1614408,18,0,0,6,0,"F",1,225000,985
1614896,18,0,0,7,1,"F",0,112500,986
1614950,18,0,0,6,0,"F",1,62500,987
1614982,18,0,0,8,0,"M",0,62500,988
1615046,18,0,0,6,0,"F",0,42500,989
1615126,18,0,0,3,0,"M",1,112500,990
1616126,18,0,0,1,0,"F",1,112500,991
1616413,18,0,0,2,0,"F",1,42500,992
1617245,18,0,0,6,0,"F",0,30000,993
1617490,18,0,0,4,0,"F",1,187500,994
1617675,18,0,0,8,0,"F",0,87500,995
1617709,18,0,0,1,0,"F",1,62500,996
1618855,18,0,0,2,0,"F",0,62500,997
1619223,18,0,0,7,1,"F",1,20000,998
1620927,18,0,0,4,0,"M",0,112500,999
1620942,18,0,0,5,0,"F",1,20000,1000
117514,19,0,0,9,0,"F",0,42500,1
287398,19,0,0,9,0,"F",0,42500,2
469734,19,0,0,11,1,"F",1,250000,3
1054974,19,0,0,8,0,"F",1,137500,4
1060246,19,0,0,8,0,"F",1,62500,5
1061355,19,0,0,8,0,"F",1,87500,6
1061649,19,0,0,9,0,"M",1,225000,7
1062171,19,0,0,10,0,"F",1,250000,8
1063617,19,0,0,7,0,"F",1,250000,9
1068288,19,0,0,10,0,"F",0,30000,10
1071414,19,0,0,8,0,"F",1,62500,11
1077480,19,0,0,5,0,"F",0,62500,12
1081075,19,0,0,10,1,"F",1,250000,13
1081928,19,0,0,8,0,"F",1,62500,14
1082351,19,1,0,6,1,"F",0,30000,15
1087152,19,1,0,11,2,"F",1,187500,16
1089142,19,0,0,6,1,"F",1,87500,17
1091840,19,0,0,8,0,"F",1,30000,18
1094021,19,0,0,7,1,"F",1,87500,19
1094281,19,0,0,2,1,"F",1,62500,20
1100417,19,0,0,6,0,"F",1,62500,21
1100757,19,0,0,6,0,"F",0,112500,22
1102828,19,1,0,9,1,"F",0,62500,23
1103923,19,0,0,2,0,"F",1,225000,24
1107037,19,0,0,10,0,"F",1,112500,25
1108749,19,0,0,8,0,"F",0,87500,26
1108764,19,0,0,5,2,"F",0,62500,27
1111628,19,0,0,7,0,"F",1,137500,28
1111718,19,0,0,8,1,"F",1,112500,29
1114150,19,0,0,6,0,"F",0,30000,30
1117270,19,0,0,4,0,"M",1,20000,31
1120531,19,0,0,8,0,"F",1,62500,32
1122158,19,0,0,9,0,"F",0,62500,33
1128451,19,0,0,9,0,"F",1,42500,34
1136393,19,0,0,8,1,"F",0,112500,35
1136784,19,0,0,11,0,"M",0,225000,36
1139371,19,1,0,3,1,"F",0,42500,37
1139886,19,0,0,8,0,"F",1,112500,38
1144195,19,0,0,6,0,"M",1,250000,39
1144979,19,0,0,12,0,"F",1,112500,40
1145339,19,0,0,8,0,"F",1,62500,41
1145483,19,0,0,2,0,"F",0,7500,42
1146117,19,0,0,5,0,"M",0,87500,43
1147315,19,0,0,10,1,"F",1,187500,44
1148446,19,0,0,10,1,"F",0,20000,45
1149897,19,0,0,3,0,"M",0,30000,46
1149964,19,0,0,9,0,"F",1,42500,47
1150751,19,0,0,8,0,"M",0,7500,48
1150797,19,0,0,10,2,"F",1,162500,49
1151559,19,0,0,11,1,"F",1,112500,50
1151769,19,0,0,8,0,"F",0,112500,51
1152166,19,0,0,8,1,"M",1,137500,52
1152366,19,0,0,9,0,"F",1,87500,53
1153528,19,0,0,8,1,"M",1,62500,54
1153766,19,0,0,8,0,"F",1,162500,55
1155123,19,0,0,4,0,"F",1,112500,56
1156205,19,0,0,10,0,"F",0,112500,57
1156827,19,0,0,8,1,"F",0,7500,58
1157198,19,0,0,5,0,"F",1,20000,59
1165832,19,0,0,8,0,"F",0,62500,60
1166157,19,1,0,19,1,"F",0,137500,61
1167911,19,0,0,9,2,"F",1,87500,62
1168134,19,0,0,10,0,"F",0,162500,63
1168271,19,0,0,9,1,"F",1,112500,64
1171923,19,0,0,10,1,"F",0,62500,65
1172112,19,0,0,8,0,"F",0,20000,66
1174038,19,0,0,7,0,"M",1,112500,67
1174562,19,1,0,10,1,"F",1,62500,68
1174985,19,0,0,9,0,"F",1,62500,69
1176048,19,0,0,8,0,"F",1,62500,70
1179432,19,0,0,9,1,"F",1,87500,71
1179878,19,0,0,3,0,"M",1,62500,72
1180407,19,0,0,8,0,"F",0,62500,73
1180590,19,0,0,11,2,"F",0,112500,74
1180640,19,0,0,5,0,"F",1,62500,75
1181283,19,0,0,5,0,"F",1,62500,76
1181372,19,0,0,1,0,"M",1,62500,77
1181576,19,0,0,7,0,"F",1,87500,78
1182877,19,0,0,7,0,"M",1,62500,79
1184139,19,0,0,7,0,"F",1,20000,80
1184169,19,0,0,7,1,"F",1,112500,81
1184297,19,1,0,8,1,"M",1,112500,82
1184913,19,0,0,6,0,"F",1,87500,83
1185813,19,0,0,2,1,"M",1,87500,84
1185876,19,0,0,1,0,"F",1,137500,85
1186126,19,0,0,9,1,"F",1,62500,86
1187131,19,0,0,3,0,"M",0,42500,87
1187232,19,0,0,9,0,"F",0,62500,88
1187420,19,0,0,11,1,"F",1,87500,89
1187873,19,0,0,10,1,"M",1,112500,90
1187978,19,0,0,8,0,"F",1,62500,91
1188069,19,0,0,8,0,"F",1,162500,92
1188761,19,0,0,8,0,"F",1,162500,93
1188833,19,0,0,10,0,"F",1,62500,94
1189258,19,0,0,7,0,"F",1,225000,95
1189412,19,0,0,4,0,"F",1,20000,96
1189715,19,0,0,6,0,"M",1,162500,97
1189764,19,0,0,3,0,"F",1,137500,98
1190134,19,0,0,10,2,"F",0,20000,99
1190711,19,0,0,9,0,"F",1,162500,100
1191253,19,0,0,8,0,"F",0,62500,101
1191595,19,0,0,11,0,"F",1,62500,102
1191968,19,1,0,6,1,"F",1,112500,103
1192704,19,0,0,8,0,"F",1,62500,104
1192874,19,0,0,4,0,"F",1,62500,105
1193114,19,0,0,8,0,"F",1,162500,106
1193232,19,0,0,5,0,"M",1,112500,107
1193743,19,0,0,10,2,"F",1,20000,108
1193751,19,0,0,5,1,"F",0,42500,109
1193787,19,0,0,9,0,"F",1,62500,110
1194121,19,0,0,6,0,"F",0,42500,111
1194319,19,0,0,8,0,"F",0,62500,112
1194477,19,0,0,12,1,"F",1,112500,113
1195243,19,3,0,10,3,"F",1,62500,114
1195315,19,0,0,5,0,"M",1,112500,115
1195629,19,0,0,10,1,"M",1,62500,116
1196370,19,2,0,11,2,"F",0,137500,117
1196373,19,0,0,5,1,"F",1,87500,118
1196532,19,0,0,9,0,"F",1,112500,119
1196672,19,0,0,7,0,"F",0,62500,120
1196715,19,0,0,8,0,"F",1,62500,121
1196867,19,1,0,9,2,"F",1,62500,122
1197628,19,0,0,7,0,"M",0,137500,123
1198131,19,0,0,8,0,"F",0,42500,124
1198229,19,0,0,9,0,"F",1,62500,125
1198340,19,0,0,6,0,"F",1,112500,126
1198656,19,0,0,6,1,"F",0,42500,127
1198936,19,0,0,9,0,"M",0,162500,128
1199872,19,0,0,8,0,"F",0,87500,129
1202556,19,0,0,12,1,"F",1,62500,130
1204291,19,0,0,4,0,"F",0,20000,131
1204517,19,2,0,9,3,"F",1,62500,132
1204703,19,0,0,5,0,"F",0,87500,133
1205899,19,0,0,7,0,"F",1,162500,134
1207119,19,0,0,5,0,"F",1,62500,135
1208107,19,0,0,7,0,"F",1,112500,136
1208888,19,0,0,1.53030300140381,0,"F",0,20000,137
1209486,19,0,0,8,0,"F",1,62500,138
1209955,19,0,0,5,0,"M",1,225000,139
1210800,19,0,0,9,0,"F",1,250000,140
1211027,19,0,0,8,0,"F",1,112500,141
1211068,19,0,0,16,4,"F",0,250000,142
1211288,19,0,0,9,0,"F",0,7500,143
1211807,19,0,0,1,0,"F",1,42500,144
1212464,19,0,0,10,1,"F",0,42500,145
1213078,19,0,0,8,0,"F",1,250000,146
1213693,19,0,0,12,1,"F",1,162500,147
1216811,19,0,0,9,1,"F",1,162500,148
1217376,19,0,0,14,3,"F",1,137500,149
1217401,19,0,0,11,0,"F",0,62500,150
1221162,19,0,0,10,1,"F",1,62500,151
1222034,19,0,0,9,0,"M",1,87500,152
1222561,19,0,0,8,1,"F",1,62500,153
1224353,19,0,0,8,1,"F",1,87500,154
1224379,19,0,0,8,0,"F",1,162500,155
1225029,19,0,0,4,0,"F",1,62500,156
1225288,19,0,0,8,0,"F",1,112500,157
1225581,19,0,0,8,0,"F",1,30000,158
1226932,19,0,0,8,0,"F",1,87500,159
1226943,19,0,0,10,2,"F",1,162500,160
1227191,19,0,0,12,0,"F",1,112500,161
1227743,19,1,0,9,3,"F",0,62500,162
1228628,19,0,0,8,0,"F",1,62500,163
1228793,19,0,0,11,1,"F",0,87500,164
1229147,19,0,0,9,0,"F",1,87500,165
1229564,19,1,0,10,1,"F",1,62500,166
1229612,19,0,0,10,3,"M",1,187500,167
1229771,19,0,0,8,0,"F",1,87500,168
1229884,19,0,0,10,0,"F",1,112500,169
1230105,19,0,0,9,0,"F",1,137500,170
1230445,19,0,0,8,1,"F",1,62500,171
1230648,19,0,0,9,0,"F",1,87500,172
1230860,19,0,0,6,0,"F",1,62500,173
1231637,19,0,0,4,0,"F",1,112500,174
1233436,19,0,0,7,1,"F",0,162500,175
1233553,19,0,0,8,0,"F",1,112500,176
1234916,19,0,0,8,0,"M",1,62500,177
1237257,19,0,0,9,0,"F",1,62500,178
1237667,19,0,0,7,0,"F",1,87500,179
1238108,19,0,0,10,0,"F",1,42500,180
1238707,19,0,0,10,1,"F",1,62500,181
1238904,19,0,0,6,0,"M",1,87500,182
1239286,19,0,0,9,0,"F",1,250000,183
1239623,19,0,0,8,0,"F",0,42500,184
1239849,19,0,0,7,0,"F",1,112500,185
1239936,19,0,0,1.44736838340759,0,"F",0,7500,186
1240102,19,0,0,9,1,"F",0,62500,187
1241439,19,0,0,6,0,"F",1,112500,188
1241595,19,0,0,9,0,"F",1,62500,189
1241711,19,1,0,9,1,"F",1,87500,190
1242022,19,0,0,7,0,"F",1,62500,191
1242223,19,0,0,9,0,"M",1,137500,192
1242542,19,0,0,5,0,"M",1,137500,193
1243937,19,1,0,11,1,"F",1,87500,194
1244277,19,0,0,3,0,"F",0,112500,195
1245286,19,0,0,4,0,"F",1,62500,196
1246704,19,0,0,9,0,"F",1,87500,197
1247392,19,0,0,10,1,"F",1,87500,198
1248826,19,1,0,10,1,"F",1,87500,199
1249794,19,0,0,8,0,"F",0,137500,200
1250074,19,0,0,8,0,"F",0,87500,201
1250242,19,0,0,6,0,"F",0,250000,202
1250577,19,0,0,10,3,"F",1,62500,203
1250585,19,0,0,10,1,"F",1,187500,204
1250879,19,0,0,9,0,"F",1,137500,205
1250899,19,0,0,8,1,"M",1,112500,206
1251138,19,0,0,8,1,"M",1,137500,207
1251550,19,0,0,10,0,"F",1,62500,208
1251623,19,0,0,7,1,"F",1,7500,209
1251804,19,1,0,5,2,"F",0,137500,210
1251816,19,1,0,7,1,"F",1,137500,211
1252257,19,0,0,9,2,"F",0,87500,212
1252297,19,0,0,10,0,"M",1,62500,213
1252403,19,0,0,10,0,"M",1,62500,214
1252534,19,0,0,8,0,"F",1,187500,215
1252759,19,0,0,9,0,"F",1,137500,216
1252878,19,0,0,9,0,"F",1,137500,217
1254168,19,0,0,11,0,"F",1,62500,218
1254684,19,0,0,9,0,"M",1,112500,219
1258925,19,0,0,9,0,"F",1,42500,220
1259640,19,0,0,5,0,"M",1,87500,221
1259672,19,0,0,7,0,"F",1,62500,222
1259740,19,0,0,10,0,"F",1,30000,223
1262332,19,0,0,7,0,"F",1,87500,224
1262373,19,0,0,11,1,"F",1,250000,225
1262926,19,0,0,7,0,"F",1,62500,226
1263058,19,0,0,6,0,"F",0,137500,227
1263919,19,0,0,8,0,"M",0,30000,228
1264065,19,2,0,10,3,"F",1,187500,229
1264317,19,0,0,7,0,"F",1,187500,230
1264505,19,0,0,7,0,"F",1,87500,231
1264703,19,0,0,9,0,"F",0,30000,232
1265443,19,0,0,6,0,"F",0,20000,233
1265755,19,0,0,8,0,"F",1,112500,234
1265835,19,0,0,10,0,"F",1,112500,235
1265892,19,0,0,7,0,"F",0,187500,236
1266201,19,0,0,4,0,"F",1,187500,237
1268413,19,0,0,9,0,"F",1,62500,238
1269756,19,1,0,7,1,"F",1,62500,239
1269824,19,0,0,7,1,"M",0,30000,240
1273931,19,0,0,8,0,"F",1,20000,241
1275308,19,1,0,8,1,"M",1,87500,242
1275698,19,1,0,4,1,"F",1,87500,243
1275888,19,0,0,5,0,"F",1,137500,244
1276784,19,0,0,6,0,"F",0,20000,245
1277335,19,0,0,4,0,"F",1,42500,246
1279299,19,0,0,7,0,"M",1,87500,247
1279847,19,0,0,7,0,"F",1,42500,248
1280469,19,0,0,9,2,"F",0,7500,249
1281674,19,0,0,8,1,"F",0,137500,250
1285561,19,1,0,10,2,"F",1,250000,251
1286058,19,0,0,8,1,"F",1,250000,252
1286676,19,0,0,8,0,"M",1,225000,253
1287337,19,1,0,10,2,"F",0,62500,254
1288054,19,0,0,8,0,"F",1,42500,255
1288246,19,0,0,5,0,"F",0,62500,256
1288502,19,0,0,11,2,"M",0,137500,257
1288666,19,0,0,7,0,"F",1,62500,258
1288675,19,0,0,5,0,"F",1,20000,259
1288774,19,0,0,12,0,"F",1,187500,260
1288902,19,0,0,10,0,"F",1,87500,261
1289229,19,0,0,2,0,"F",0,112500,262
1290077,19,0,0,7,1,"F",1,87500,263
1290515,19,0,0,5,0,"F",0,87500,264
1290723,19,0,0,7,0,"F",0,30000,265
1291318,19,0,0,8,0,"F",1,42500,266
1291608,19,0,0,7,0,"F",0,30000,267
1292847,19,0,0,17,0,"F",1,42500,268
1293296,19,0,0,9,0,"F",1,30000,269
1293595,19,0,0,8,1,"F",1,62500,270
1293939,19,1,0,12,2,"F",1,250000,271
1294157,19,1,0,11,1,"F",1,62500,272
1294200,19,0,0,8,0,"F",1,62500,273
1294399,19,0,0,9,0,"F",0,30000,274
1294837,19,1,0,10,2,"F",0,62500,275
1297008,19,0,0,7,0,"F",0,7500,276
1297323,19,0,0,8,0,"F",0,7500,277
1297452,19,0,0,11,1,"M",1,87500,278
1297615,19,0,0,5,0,"F",0,20000,279
1297678,19,0,0,9,0,"M",1,62500,280
1298036,19,0,0,9,0,"F",0,7500,281
1298136,19,0,0,11,0,"M",0,30000,282
1298614,19,1,0,10,2,"F",1,62500,283
1300363,19,0,0,7,0,"M",1,42500,284
1300457,19,0,0,5,0,"M",1,42500,285
1301237,19,0,0,6,0,"F",1,20000,286
1301332,19,2,0,10,2,"M",1,42500,287
1301620,19,0,0,9,0,"F",1,87500,288
1302173,19,0,0,8,0,"F",1,225000,289
1302216,19,0,0,6,0,"F",1,62500,290
1302375,19,0,0,10,0,"F",1,87500,291
1303092,19,0,0,7,0,"F",1,62500,292
1303908,19,0,0,10,0,"M",1,87500,293
1304518,19,0,0,8,0,"F",1,87500,294
1304751,19,0,0,8,0,"F",0,30000,295
1306505,19,0,0,7,0,"F",0,62500,296
1307675,19,2,0,13,2,"F",1,62500,297
1307821,19,0,0,8,0,"M",1,42500,298
1310138,19,0,0,8,0,"F",1,62500,299
1310269,19,0,0,9,0,"F",0,112500,300
1311143,19,0,0,8,1,"M",0,62500,301
1311172,19,0,0,7,0,"M",1,137500,302
1311388,19,0,0,12,1,"M",0,20000,303
1312227,19,0,0,8,0,"F",0,62500,304
1313291,19,1,0,8,1,"F",1,162500,305
1313396,19,0,0,13,0,"F",0,30000,306
1313735,19,0,0,7,0,"F",1,20000,307
1313856,19,0,0,9,1,"F",0,20000,308
1314520,19,1,0,8,1,"F",1,62500,309
1314682,19,0,0,3,0,"F",0,20000,310
1314969,19,0,0,7,0,"F",0,87500,311
1315946,19,0,0,7,0,"F",0,62500,312
1317054,19,0,0,9,0,"F",0,7500,313
1317356,19,2,0,10,3,"F",1,62500,314
1318696,19,0,0,10,0,"F",0,62500,315
1318996,19,0,0,9,0,"F",1,62500,316
1319548,19,0,0,6,0,"F",0,20000,317
1319613,19,0,0,7,1,"F",0,137500,318
1319738,19,0,0,8,0,"F",1,137500,319
1320734,19,0,0,8,1,"F",1,20000,320
1320750,19,0,0,7,0,"F",0,7500,321
1322205,19,0,0,8,0,"F",1,62500,322
1322235,19,0,0,6,0,"F",0,62500,323
1322521,19,0,0,6,0,"M",1,42500,324
1322942,19,0,0,8,0,"F",1,87500,325
1323304,19,0,0,11,1,"F",1,162500,326
1323359,19,1,0,11,2,"M",0,187500,327
1323491,19,0,0,6,0,"F",1,250000,328
1323698,19,0,0,8,0,"M",0,250000,329
1323962,19,0,0,9,1,"M",1,62500,330
1324251,19,0,0,7,1,"F",0,20000,331
1324843,19,0,0,11,2,"F",1,87500,332
1325556,19,0,0,2,0,"F",0,20000,333
1327146,19,0,0,9,0,"F",1,162500,334
1328158,19,0,0,7,0,"F",1,62500,335
1328623,19,0,0,8,0,"M",1,30000,336
1328832,19,0,0,7,0,"F",1,187500,337
1329574,19,0,0,8,0,"F",0,42500,338
1330046,19,0,0,7,0,"F",1,112500,339
1330272,19,0,0,9,0,"F",1,137500,340
1330497,19,0,0,9,0,"F",1,162500,341
1331244,19,0,0,10,1,"F",0,30000,342
1331261,19,0,0,5,0,"F",0,7500,343
1331950,19,1,0,8,2,"F",1,62500,344
1333858,19,1,0,10,5,"F",1,112500,345
1335680,19,0,0,5,0,"F",1,62500,346
1335920,19,2,0,12,2,"F",1,42500,347
1335980,19,1,0,7,1,"F",0,20000,348
1336426,19,0,0,8,0,"F",0,20000,349
1336946,19,0,0,7,0,"M",1,20000,350
1338200,19,0,0,7,0,"F",1,162500,351
1338378,19,1,0,10,3,"F",1,225000,352
1339574,19,0,0,8,0,"F",1,42500,353
1339822,19,0,0,8,1,"F",1,112500,354
1340176,19,0,0,7,0,"M",1,42500,355
1340267,19,0,0,11,0,"F",0,42500,356
1341891,19,0,0,9,1,"F",0,62500,357
1342799,19,0,0,10,0,"F",0,62500,358
1343216,19,0,0,6,0,"F",0,187500,359
1344265,19,0,0,6,0,"F",0,87500,360
1344499,19,0,0,12,0,"F",1,87500,361
1344614,19,2,0,10,4,"M",1,225000,362
1345984,19,0,0,10,0,"F",1,112500,363
1346234,19,0,0,6,0,"F",0,162500,364
1347945,19,0,0,11,1,"F",0,112500,365
1348467,19,0,0,9,0,"F",0,87500,366
1348663,19,2,0,9,3,"F",1,62500,367
1348726,19,0,0,8,0,"F",1,62500,368
1349285,19,0,0,8,2,"F",0,42500,369
1349428,19,0,0,7,0,"F",1,87500,370
1349951,19,0,0,9,0,"F",1,20000,371
1350291,19,0,0,9,0,"M",1,87500,372
1350434,19,0,0,8,0,"F",1,162500,373
1351173,19,0,0,5,0,"F",0,87500,374
1351468,19,0,0,8,0,"F",1,7500,375
1351509,19,0,0,3,0,"F",1,62500,376
1351586,19,0,0,8,0,"F",1,162500,377
1351796,19,1,0,12,5,"F",1,7500,378
1352046,19,0,0,8,1,"F",1,87500,379
1352301,19,0,0,5,0,"F",1,42500,380
1352756,19,0,0,8,0,"F",1,62500,381
1352986,19,0,0,9,1,"F",1,42500,382
1353809,19,0,0,14,1,"F",1,112500,383
1353961,19,0,0,8,0,"F",0,20000,384
1354452,19,0,0,8,0,"F",1,62500,385
1354598,19,0,0,5,0,"F",0,42500,386
1354602,19,0,0,8,1,"M",1,62500,387
1354673,19,0,0,8,0,"F",0,7500,388
1355604,19,0,0,4,2,"M",1,7500,389
1356206,19,0,0,8,0,"F",1,62500,390
1358021,19,0,0,9,0,"F",1,112500,391
1358933,19,0,0,9,0,"F",0,112500,392
1361465,19,0,0,6,0,"F",0,137500,393
1362107,19,0,0,5,0,"M",1,162500,394
1363023,19,0,0,10,1,"F",1,30000,395
1363370,19,0,0,7,1,"M",1,62500,396
1364059,19,0,0,9,0,"M",1,112500,397
1366217,19,0,0,7,0,"M",0,112500,398
1366244,19,0,0,8,0,"F",0,112500,399
1367411,19,0,0,9,0,"F",1,20000,400
1367420,19,0,0,17,0,"F",1,162500,401
1368140,19,0,0,9,0,"F",1,62500,402
1368385,19,0,0,7,0,"M",1,162500,403
1369918,19,0,0,7,0,"F",1,87500,404
1372221,19,0,0,6,0,"F",1,7500,405
1372333,19,0,0,6,0,"F",1,62500,406
1374105,19,0,0,7,0,"F",0,7500,407
1374132,19,0,0,11,0,"M",1,62500,408
1374680,19,0,0,7,0,"F",1,62500,409
1375113,19,0,0,10,1,"F",1,87500,410
1376245,19,0,0,2,0,"F",0,62500,411
1377492,19,0,0,9,0,"F",1,137500,412
1377719,19,1,0,9,1,"F",1,137500,413
1378071,19,0,0,9,1,"F",0,62500,414
1378409,19,0,0,10,1,"F",1,62500,415
1380721,19,0,0,5,0,"F",1,42500,416
1381136,19,0,0,8,0,"F",1,62500,417
1381384,19,0,0,8,0,"F",1,162500,418
1381552,19,0,0,9,1,"M",1,87500,419
1381639,19,1,0,10,4,"F",1,225000,420
1381711,19,0,0,8,0,"F",1,87500,421
1382137,19,1,0,7,1,"F",1,112500,422
1382624,19,1,0,9,1,"F",1,62500,423
1382975,19,0,0,10,0,"F",1,112500,424
1384230,19,0,0,8,0,"F",1,137500,425
1384341,19,0,0,7,0,"F",0,137500,426
1385468,19,0,0,9,0,"F",1,250000,427
1385831,19,0,0,8,0,"F",1,42500,428
1386066,19,0,0,3,0,"F",1,112500,429
1386120,19,0,0,7,0,"F",1,42500,430
1387428,19,0,0,8,0,"F",0,62500,431
1387588,19,0,0,7,0,"F",1,42500,432
1388210,19,0,0,7,1,"M",1,62500,433
1388355,19,0,0,8,1,"F",1,62500,434
1388513,19,0,0,7,0,"F",1,162500,435
1388833,19,0,0,13,0,"F",0,42500,436
1389030,19,0,0,10,0,"F",1,62500,437
1389384,19,0,0,8,0,"F",0,42500,438
1389406,19,0,0,8,0,"F",1,87500,439
1389477,19,0,0,10,0,"F",1,62500,440
1390351,19,0,0,9,1,"M",1,162500,441
1392387,19,0,0,8,0,"F",0,87500,442
1393255,19,0,0,9,0,"F",1,87500,443
1393466,19,0,0,7,0,"M",1,87500,444
1393929,19,0,0,12,0,"F",1,225000,445
1394027,19,0,0,6,0,"F",1,162500,446
1395064,19,0,0,9,0,"F",1,162500,447
1395309,19,0,0,8,0,"F",0,42500,448
1395394,19,0,0,8,0,"F",0,7500,449
1396474,19,0,0,2,0,"F",1,62500,450
1396597,19,0,0,10,0,"F",1,87500,451
1396618,19,1,0,9,1,"F",1,87500,452
1396830,19,0,0,8,1,"F",1,87500,453
1397814,19,0,0,6,0,"M",1,137500,454
1398493,19,0,0,3,0,"F",1,87500,455
1398606,19,0,0,9,0,"M",1,20000,456
1399233,19,0,0,6,0,"F",0,42500,457
1399269,19,0,0,9,0,"F",1,62500,458
1399329,19,0,0,11,3,"F",1,112500,459
1401246,19,0,0,7,1,"F",1,42500,460
1401458,19,0,0,8,0,"F",1,62500,461
1403021,19,0,0,9,0,"F",1,112500,462
1403631,19,0,0,9,0,"F",1,62500,463
1403972,19,0,0,11,1,"F",1,162500,464
1404355,19,0,0,8,0,"F",1,87500,465
1404418,19,0,0,8,0,"F",1,42500,466
1404842,19,1,0,5,1,"M",1,112500,467
1405544,19,0,0,10,1,"F",0,20000,468
1406907,19,0,0,8,0,"F",1,87500,469
1408575,19,0,0,7,0,"M",0,30000,470
1410385,19,0,0,12,0,"F",1,162500,471
1411418,19,3,0,8,5,"M",1,87500,472
1412397,19,0,0,8,0,"M",1,42500,473
1412511,19,0,0,3,0,"F",1,42500,474
1412646,19,1,0,18,1,"F",1,162500,475
1413182,19,0,0,7,0,"F",1,112500,476
1413837,19,1,0,6,2,"F",1,225000,477
1413925,19,0,0,9,0,"F",0,62500,478
1414361,19,0,0,6,0,"F",1,112500,479
1414857,19,0,0,6,0,"M",1,162500,480
1414873,19,0,0,7,0,"F",1,112500,481
1415098,19,1,0,9,1,"F",0,87500,482
1415320,19,0,0,8,0,"F",1,162500,483
1416429,19,0,0,11,0,"F",1,87500,484
1416731,19,0,0,9,0,"F",1,162500,485
1416940,19,1,0,9,2,"F",0,137500,486
1417159,19,0,0,5,0,"M",0,20000,487
1417523,19,0,0,5,0,"F",1,187500,488
1418358,19,0,0,10,1,"F",0,112500,489
1418818,19,0,0,11,0,"F",1,87500,490
1419071,19,0,0,8,1,"M",1,87500,491
1419406,19,0,0,10,0,"F",1,62500,492
1419467,19,0,0,8,0,"F",1,162500,493
1419627,19,0,0,9,0,"M",1,87500,494
1419833,19,0,0,9,0,"F",1,225000,495
1420095,19,0,0,6,0,"M",1,187500,496
1420139,19,0,0,10,0,"F",1,112500,497
1420150,19,0,0,7,0,"F",0,7500,498
1420458,19,0,0,10,0,"M",1,20000,499
1420461,19,0,0,9,0,"F",1,62500,500
1420462,19,0,0,9,1,"F",1,162500,501
1420478,19,0,0,7,1,"F",1,42500,502
1420505,19,0,0,7,0,"F",0,7500,503
1420957,19,0,0,7,1,"F",1,225000,504
1420990,19,0,0,8,0,"F",0,87500,505
1421112,19,0,0,8,0,"F",0,87500,506
1421265,19,0,0,13,1,"F",0,137500,507
1421359,19,0,0,7,1,"F",0,7500,508
1422155,19,0,0,9,0,"F",1,187500,509
1422249,19,0,0,1,0,"M",0,62500,510
1424297,19,0,0,4,2,"M",1,20000,511
1424626,19,0,0,11,0,"F",0,112500,512
1425960,19,0,0,8,1,"F",0,20000,513
1426165,19,0,0,10,0,"F",0,112500,514
1426230,19,0,0,8,0,"F",0,7500,515
1426266,19,0,0,9,1,"F",1,112500,516
1426799,19,0,0,9,0,"F",1,87500,517
1427258,19,0,0,7,0,"F",0,62500,518
1427579,19,0,0,8,0,"F",1,87500,519
1427915,19,0,0,6,1,"F",0,62500,520
1428277,19,0,0,10,0,"M",1,112500,521
1429936,19,0,0,10,1,"F",1,187500,522
1430214,19,0,0,9,0,"M",0,112500,523
1430754,19,0,0,6,0,"M",1,187500,524
1431104,19,0,0,8,0,"F",0,250000,525
1431118,19,0,0,6,2,"F",1,62500,526
1431340,19,0,0,7,0,"F",0,87500,527
1431513,19,0,0,7,0,"F",1,62500,528
1431697,19,0,0,8,1,"F",1,87500,529
1431949,19,0,0,8,0,"F",1,42500,530
1432387,19,0,0,8,0,"F",0,162500,531
1432724,19,0,0,8,0,"F",1,20000,532
1432840,19,0,0,7,0,"F",1,20000,533
1432998,19,0,0,7,0,"F",1,62500,534
1433194,19,0,0,12,0,"F",1,42500,535
1433587,19,0,0,7,0,"M",1,87500,536
1434275,19,0,0,13,0,"F",1,20000,537
1434712,19,0,0,2,0,"F",1,42500,538
1435022,19,0,0,5,0,"F",1,187500,539
1435557,19,0,0,4,0,"M",1,62500,540
1435794,19,0,0,8,0,"F",0,87500,541
1435996,19,0,0,10,0,"F",1,112500,542
1436928,19,0,0,7,0,"F",1,112500,543
1437747,19,0,0,9,0,"F",1,137500,544
1437857,19,2,0,13,5,"M",1,62500,545
1437869,19,0,0,9,2,"F",1,187500,546
1437899,19,0,0,10,2,"F",1,137500,547
1438760,19,2,0,11,2,"F",1,137500,548
1438884,19,0,0,9,0,"M",1,87500,549
1439629,19,1,0,8,1,"F",1,7500,550
1439689,19,0,0,6,0,"F",1,112500,551
1439713,19,0,0,10,0,"F",1,62500,552
1440356,19,0,0,3,0,"M",1,250000,553
1441053,19,0,0,9,1,"M",1,30000,554
1441466,19,0,0,10,0,"F",1,250000,555
1442287,19,0,0,10,1,"F",0,187500,556
1442704,19,0,0,9,0,"F",1,87500,557
1443687,19,0,0,9,1,"F",0,87500,558
1443964,19,0,0,8,0,"F",1,250000,559
1444485,19,0,0,9,2,"F",1,112500,560
1445100,19,0,0,11,2,"F",1,87500,561
1446288,19,1,0,11,5,"F",0,62500,562
1447092,19,0,0,5,0,"M",1,42500,563
1447298,19,0,0,11,0,"F",1,62500,564
1448763,19,0,0,5,0,"F",0,62500,565
1448901,19,0,0,5,0,"F",0,62500,566
1449431,19,0,0,7,0,"F",1,137500,567
1450170,19,0,0,16,1,"F",0,62500,568
1450180,19,0,0,4,0,"M",1,62500,569
1450746,19,0,0,8,0,"F",1,7500,570
1450805,19,0,0,8,0,"M",1,225000,571
1450890,19,0,0,9,0,"F",1,225000,572
1451275,19,0,0,5,0,"M",1,62500,573
1451865,19,1,0,9,1,"F",1,225000,574
1452879,19,2,0,10,2,"F",1,137500,575
1454110,19,0,0,8,0,"F",1,62500,576
1454343,19,1,0,10,1,"M",0,30000,577
1454425,19,0,0,9,1,"F",1,112500,578
1454661,19,0,0,9,0,"F",1,87500,579
1455466,19,0,0,9,0,"F",1,87500,580
1455615,19,0,0,4,0,"F",1,7500,581
1455721,19,1,0,2,2,"M",1,87500,582
1455906,19,0,0,9,0,"F",1,250000,583
1456029,19,0,0,9,2,"F",1,42500,584
1456155,19,0,0,10,0,"F",1,250000,585
1456186,19,0,0,7,1,"F",1,20000,586
1456531,19,0,0,10,0,"F",1,187500,587
1456609,19,0,0,6,0,"F",1,62500,588
1456628,19,0,0,8,1,"F",1,250000,589
1456919,19,0,0,6,1,"F",1,30000,590
1457625,19,0,0,7,0,"F",1,112500,591
1457777,19,0,0,8,0,"F",1,62500,592
1457830,19,1,0,8,1,"F",1,112500,593
1457984,19,0,0,9,0,"F",1,112500,594
1458214,19,0,0,8,1,"F",1,225000,595
1460277,19,0,0,7,0,"F",1,62500,596
1460380,19,0,0,10,0,"F",0,42500,597
1460953,19,0,0,9,0,"F",0,250000,598
1461151,19,0,0,3,0,"F",1,87500,599
1461397,19,0,0,10,1,"F",1,137500,600
1462847,19,1,0,11,1,"F",1,162500,601
1462878,19,0,0,9,0,"F",1,7500,602
1463072,19,0,0,9,0,"F",1,87500,603
1464188,19,0,0,1.54166662693024,0,"F",1,137500,604
1464264,19,1,0,8,1,"M",1,112500,605
1464335,19,1,0,10,3,"F",1,187500,606
1464618,19,0,0,8,1,"F",1,112500,607
1465220,19,0,0,9,0,"F",1,137500,608
1466204,19,0,0,8,0,"F",1,87500,609
1466494,19,0,0,8,0,"M",1,20000,610
1466816,19,0,0,9,1,"F",1,137500,611
1466833,19,0,0,11,0,"F",1,87500,612
1466886,19,0,0,9,0,"F",1,137500,613
1466955,19,0,0,9,0,"F",1,250000,614
1467019,19,0,0,8,0,"F",0,137500,615
1467058,19,0,0,7,2,"F",0,20000,616
1467155,19,0,0,6,2,"M",0,62500,617
1467520,19,0,0,7,1,"F",1,250000,618
1467621,19,0,0,9,0,"F",1,62500,619
1468654,19,0,0,8,0,"F",1,87500,620
1468709,19,1,0,8,2,"F",1,30000,621
1468714,19,0,0,11,1,"F",0,112500,622
1468733,19,0,0,11,1,"F",1,62500,623
1468745,19,0,0,8,0,"M",1,62500,624
1469175,19,0,0,13,0,"F",0,87500,625
1469204,19,0,0,9,0,"F",1,112500,626
1469239,19,0,0,8,0,"F",1,112500,627
1469248,19,0,0,6,0,"F",1,112500,628
1469990,19,0,0,8,0,"M",1,187500,629
1470110,19,1,0,10,2,"F",0,62500,630
1470965,19,0,0,9,2,"F",0,62500,631
1471445,19,0,0,8,0,"F",1,162500,632
1471473,19,0,0,6,1,"M",1,62500,633
1471528,19,0,0,9,1,"F",1,112500,634
1471566,19,0,0,5,0,"F",1,30000,635
1471723,19,0,0,9,0,"F",1,187500,636
1471767,19,0,0,7,0,"M",1,87500,637
1471934,19,0,0,5,1,"F",0,112500,638
1472977,19,0,0,9,0,"F",1,87500,639
1474598,19,0,0,10,1,"M",1,87500,640
1475170,19,0,0,9,0,"M",0,87500,641
1477477,19,0,0,1,0,"M",0,112500,642
1478058,19,0,0,9,0,"F",1,87500,643
1478617,19,0,0,8,0,"F",1,225000,644
1479489,19,0,0,8,0,"F",1,62500,645
1480578,19,0,0,5,0,"F",0,62500,646
1481279,19,0,0,8,0,"F",0,162500,647
1481476,19,0,0,8,0,"F",1,7500,648
1482005,19,0,0,8,0,"M",1,62500,649
1482267,19,0,0,8,0,"F",1,225000,650
1482614,19,0,0,9,0,"F",0,87500,651
1482816,19,0,0,6,0,"F",1,62500,652
1483049,19,1,0,8,1,"F",0,20000,653
1484259,19,0,0,8,0,"F",0,7500,654
1484519,19,1,0,9,1,"F",1,42500,655
1484930,19,0,0,5,0,"F",1,162500,656
1486404,19,0,0,7,0,"F",0,42500,657
1487790,19,0,0,9,1,"M",1,187500,658
1488086,19,0,0,7,1,"F",1,112500,659
1489319,19,0,0,4,0,"F",0,42500,660
1490014,19,0,0,3,0,"M",1,62500,661
1491416,19,0,0,9,2,"F",0,112500,662
1491563,19,0,0,6,0,"M",1,162500,663
1492025,19,0,0,10,0,"F",1,62500,664
1492036,19,0,0,7,0,"F",1,87500,665
1493569,19,0,0,7,0,"F",1,112500,666
1498287,19,0,0,8,0,"F",1,162500,667
1498483,19,0,0,7,1,"F",1,62500,668
1498656,19,0,0,4,0,"M",1,137500,669
1501397,19,0,0,8,0,"M",1,112500,670
1501443,19,0,0,9,0,"F",0,7500,671
1501825,19,0,0,9,1,"F",1,225000,672
1501848,19,0,0,4,0,"F",1,112500,673
1501917,19,0,0,9,0,"F",1,137500,674
1502135,19,1,0,7,1,"F",1,87500,675
1502146,19,0,0,8,1,"F",1,62500,676
1502599,19,0,0,10,0,"F",1,187500,677
1504289,19,0,0,8,0,"F",1,137500,678
1507421,19,0,0,1,0,"F",0,20000,679
1509331,19,0,0,8,2,"M",1,62500,680
1509782,19,0,0,7,0,"F",1,62500,681
1509874,19,0,0,3,0,"F",1,42500,682
1511973,19,0,0,5,0,"M",0,7500,683
1512249,19,0,0,8,0,"F",1,187500,684
1512656,19,0,0,9,0,"F",1,187500,685
1513530,19,0,0,9,0,"F",1,62500,686
1513806,19,1,0,6,1,"F",1,62500,687
1514087,19,1,0,3,1,"F",0,112500,688
1514098,19,0,0,8,0,"F",1,187500,689
1514327,19,0,0,7,0,"F",0,87500,690
1514351,19,0,0,9,0,"M",1,187500,691
1514819,19,0,0,11,1,"F",1,30000,692
1516894,19,0,0,9,0,"M",1,250000,693
1518132,19,0,0,8,1,"F",0,62500,694
1518564,19,0,0,6,0,"F",1,112500,695
1519598,19,0,0,9,0,"F",1,187500,696
1520012,19,0,0,7,0,"F",1,187500,697
1520720,19,0,0,9,0,"F",1,62500,698
1522154,19,0,0,8,0,"F",1,137500,699
1522471,19,0,0,10,1,"M",1,162500,700
1523997,19,0,0,8,0,"F",1,225000,701
1524038,19,1,0,8,1,"F",1,250000,702
1524967,19,0,0,2,0,"F",1,250000,703
1525049,19,0,0,8,0,"F",1,187500,704
1525556,19,0,0,10,0,"M",1,162500,705
1526044,19,0,0,6,0,"M",1,87500,706
1526280,19,0,0,9,1,"M",1,20000,707
1526638,19,0,0,6,0,"F",1,225000,708
1527800,19,0,0,5,0,"F",1,137500,709
1527932,19,0,0,12,0,"F",1,187500,710
1527966,19,3,0,8,3,"F",1,250000,711
1528038,19,0,0,7,1,"M",1,225000,712
1528103,19,0,0,10,2,"F",1,225000,713
1528515,19,1,0,2,1,"F",0,225000,714
1529646,19,0,0,10,0,"F",1,225000,715
1530199,19,0,0,5,0,"M",1,62500,716
1530200,19,1,0,9,1,"F",1,137500,717
1530561,19,0,0,8,0,"F",1,42500,718
1530887,19,0,0,9,0,"F",1,87500,719
1531800,19,0,0,9,0,"F",0,62500,720
1531915,19,0,0,6,0,"F",1,250000,721
1531924,19,0,0,11,0,"F",0,225000,722
1531984,19,0,0,10,0,"F",0,42500,723
1532052,19,0,0,8,0,"M",1,87500,724
1532113,19,1,0,10,3,"F",1,87500,725
1532334,19,0,0,9,0,"F",1,225000,726
1532420,19,0,0,4,0,"F",1,30000,727
1532431,19,0,0,9,0,"F",0,20000,728
1532738,19,0,0,11,0,"F",1,225000,729
1532841,19,0,0,7,0,"F",1,42500,730
1533843,19,0,0,7,0,"F",1,42500,731
1533874,19,0,0,7,0,"F",1,137500,732
1533971,19,0,0,11,2,"F",1,137500,733
1534792,19,0,0,7,0,"F",1,187500,734
1535057,19,0,0,9,0,"F",1,137500,735
1535333,19,0,0,12,1,"M",1,87500,736
1535547,19,0,0,8,0,"F",1,187500,737
1535701,19,0,0,11,1,"M",1,62500,738
1535732,19,0,0,8,1,"F",1,187500,739
1535755,19,0,0,7,0,"F",1,112500,740
1536000,19,0,0,8,0,"F",1,187500,741
1536405,19,0,0,8,0,"F",1,62500,742
1536527,19,0,0,5,0,"F",1,225000,743
1536579,19,0,0,7,0,"F",1,187500,744
1537347,19,0,0,8,0,"F",1,225000,745
1537995,19,0,0,1,0,"F",0,62500,746
1538175,19,0,0,10,1,"F",1,250000,747
1538662,19,1,0,9,1,"F",1,112500,748
1538919,19,0,0,6,0,"F",1,250000,749
1539494,19,0,0,10,1,"F",1,250000,750
1539570,19,0,0,7,0,"F",1,87500,751
1540059,19,0,0,8,0,"M",1,87500,752
1540194,19,0,0,4,1,"F",1,187500,753
1540364,19,0,0,10,3,"F",1,7500,754
1540829,19,1,0,8,1,"F",1,187500,755
1540910,19,1,0,12,2,"F",1,137500,756
1540936,19,0,0,8,0,"F",1,62500,757
1541156,19,0,0,8,0,"F",1,7500,758
1541593,19,0,0,9,0,"F",1,250000,759
1541662,19,0,0,9,2,"F",1,112500,760
1541734,19,0,0,8,0,"F",1,137500,761
1541834,19,0,0,4,0,"F",1,250000,762
1541894,19,0,0,6,0,"F",0,42500,763
1542247,19,0,0,8,0,"F",1,225000,764
1542523,19,0,0,9,0,"F",1,187500,765
1542740,19,0,0,9,0,"F",0,30000,766
1543012,19,1,0,6,1,"M",1,112500,767
1543181,19,0,0,11,0,"M",1,250000,768
1543552,19,0,0,9,0,"F",0,112500,769
1543563,19,0,0,7,0,"F",1,250000,770
1543633,19,0,0,8,1,"F",1,112500,771
1544590,19,1,0,8,1,"F",0,187500,772
1544693,19,0,0,5,0,"F",1,250000,773
1545273,19,0,0,10,2,"F",0,137500,774
1545322,19,0,0,9,0,"M",1,250000,775
1546709,19,0,0,9,0,"F",1,250000,776
1546922,19,0,0,8,1,"M",1,137500,777
1546932,19,0,0,8,0,"F",0,112500,778
1546959,19,0,0,9,1,"F",1,187500,779
1546989,19,0,0,9,0,"M",1,225000,780
1547464,19,1,0,8,1,"F",1,87500,781
1547476,19,0,0,9,0,"F",0,225000,782
1547622,19,0,0,11,0,"F",1,187500,783
1547752,19,0,0,8,0,"F",1,112500,784
1547850,19,0,0,4,0,"F",1,20000,785
1548040,19,0,0,8,1,"F",0,112500,786
1548129,19,0,0,8,0,"F",1,112500,787
1548209,19,0,0,10,1,"F",1,20000,788
1548503,19,0,0,8,0,"F",1,62500,789
1548540,19,0,0,9,0,"F",1,87500,790
1548673,19,0,0,7,0,"F",1,112500,791
1549599,19,0,0,8,0,"M",1,187500,792
1550040,19,0,0,10,1,"M",1,20000,793
1550161,19,1,0,10,2,"F",1,62500,794
1550456,19,0,0,11,1,"F",1,225000,795
1550894,19,0,0,7,0,"F",1,87500,796
1551030,19,0,0,7,0,"F",1,225000,797
1551330,19,0,0,7,1,"M",1,87500,798
1551510,19,0,0,6,0,"F",1,162500,799
1551891,19,0,0,9,0,"F",1,187500,800
1552409,19,0,0,7,0,"M",1,137500,801
1552458,19,0,0,8,0,"F",1,62500,802
1552507,19,1,0,7,1,"F",1,137500,803
1552803,19,2,0,9,3,"F",1,225000,804
1552831,19,0,0,10,0,"M",1,112500,805
1553098,19,0,0,8,0,"F",1,87500,806
1553185,19,0,0,9,0,"F",1,187500,807
1553615,19,0,0,9,2,"F",1,187500,808
1553840,19,0,0,9,0,"M",1,20000,809
1553857,19,0,0,3,0,"M",1,87500,810
1553951,19,0,0,8,0,"F",1,225000,811
1554033,19,1,0,4,1,"F",1,62500,812
1554034,19,0,0,7,0,"F",1,162500,813
1554062,19,0,0,4,0,"F",1,87500,814
1554533,19,0,0,8,0,"F",1,62500,815
1554853,19,0,0,4,0,"M",1,42500,816
1554983,19,0,0,6,0,"M",1,87500,817
1555310,19,0,0,13,0,"F",1,187500,818
1555529,19,0,0,9,0,"M",1,225000,819
1555776,19,0,0,8,1,"F",1,20000,820
1555876,19,0,0,6,0,"F",0,112500,821
1556592,19,0,0,7,0,"F",1,62500,822
1556634,19,0,0,1,0,"M",0,87500,823
1556652,19,0,0,8,3,"F",1,42500,824
1557407,19,0,0,7,0,"F",1,162500,825
1557751,19,0,0,10,0,"F",1,162500,826
1558181,19,0,0,9,0,"F",0,62500,827
1558593,19,0,0,9,0,"F",1,137500,828
1559861,19,0,0,10,1,"F",0,20000,829
1560624,19,0,0,8,0,"F",1,62500,830
1561366,19,0,0,8,0,"F",1,62500,831
1561573,19,0,0,6,0,"F",1,137500,832
1563321,19,0,0,8,1,"F",1,187500,833
1563505,19,1,0,3,1,"M",0,62500,834
1563807,19,0,0,9,1,"F",0,112500,835
1564353,19,3,0,7,3,"F",1,137500,836
1564381,19,0,0,9,0,"F",1,42500,837
1564432,19,0,0,9,0,"F",1,20000,838
1564440,19,0,0,9,0,"F",1,62500,839
1564588,19,0,0,3,0,"F",1,162500,840
1565437,19,0,0,7,0,"F",1,87500,841
1565459,19,0,0,9,0,"F",1,162500,842
1565552,19,0,0,6,0,"F",1,187500,843
1565565,19,0,0,7,0,"M",0,112500,844
1565621,19,0,0,7,1,"F",1,42500,845
1566766,19,0,0,8,0,"F",1,62500,846
1566910,19,0,0,4,0,"M",0,42500,847
1567216,19,0,0,11,0,"F",1,112500,848
1567225,19,0,0,9,0,"F",1,42500,849
1567585,19,0,0,10,1,"M",0,87500,850
1568736,19,0,0,5,0,"F",1,137500,851
1569143,19,0,0,10,0,"F",1,87500,852
1569250,19,0,0,10,1,"M",0,7500,853
1570352,19,1,0,8,1,"F",1,62500,854
1570791,19,0,0,9,2,"F",1,112500,855
1571168,19,0,0,9,0,"F",1,42500,856
1571704,19,2,0,9,2,"F",1,42500,857
1572013,19,0,0,8,0,"F",1,87500,858
1572475,19,1,0,10,2,"F",1,87500,859
1572791,19,0,0,2,0,"F",0,137500,860
1572826,19,0,0,8,0,"F",1,87500,861
1572876,19,0,0,5,0,"M",0,20000,862
1573368,19,0,0,6,1,"M",0,62500,863
1573406,19,0,0,1,0,"F",1,87500,864
1573782,19,0,0,7,0,"F",1,112500,865
1573961,19,0,0,10,1,"M",1,62500,866
1574217,19,1,0,9,1,"M",1,187500,867
1574944,19,0,0,9,0,"F",1,87500,868
1575622,19,0,0,9,0,"F",1,137500,869
1575638,19,0,0,8,1,"F",1,87500,870
1575664,19,0,0,7,0,"F",0,20000,871
1576304,19,0,0,10,0,"M",1,250000,872
1576669,19,1,0,12,4,"F",1,112500,873
1576876,19,0,0,8,2,"F",1,137500,874
1576998,19,0,0,7,0,"F",1,250000,875
1577505,19,0,0,8,0,"M",0,20000,876
1577931,19,2,0,10,2,"F",0,112500,877
1580292,19,0,0,8,0,"F",1,250000,878
1580324,19,0,0,10,1,"M",1,87500,879
1580380,19,1,0,10,1,"F",1,187500,880
1580422,19,0,0,1,0,"M",1,225000,881
1580699,19,0,0,6,0,"M",1,30000,882
1581113,19,0,0,8,0,"F",0,112500,883
1581720,19,0,0,8,0,"F",1,250000,884
1582050,19,2,0,11,2,"F",1,137500,885
1582294,19,0,0,8,0,"F",1,250000,886
1582445,19,1,0,6,1,"F",1,137500,887
1582970,19,0,0,2,1,"F",1,187500,888
1583212,19,0,0,9,1,"F",1,250000,889
1583903,19,1,0,8,1,"F",1,250000,890
1583918,19,0,0,9,0,"F",0,162500,891
1584353,19,0,0,10,2,"F",0,87500,892
1584557,19,0,0,8,0,"F",1,62500,893
1584736,19,2,0,8,2,"F",0,87500,894
1584822,19,0,0,9,1,"F",1,62500,895
1585152,19,0,0,13,0,"F",1,30000,896
1586387,19,0,0,9,0,"F",1,187500,897
1586988,19,0,0,8,0,"F",1,87500,898
1587401,19,0,0,8,0,"F",1,87500,899
1587615,19,1,0,9,1,"F",1,30000,900
1587812,19,0,0,7,0,"F",1,225000,901
1588035,19,0,0,8,1,"F",1,112500,902
1588596,19,0,0,10,3,"M",1,137500,903
1588827,19,0,0,4,0,"M",1,137500,904
1588865,19,1,0,7,3,"M",1,112500,905
1589682,19,0,0,10,0,"F",1,250000,906
1589774,19,0,0,4,0,"M",1,62500,907
1590492,19,0,0,10,0,"M",1,250000,908
1590674,19,2,0,10,2,"F",1,20000,909
1590711,19,0,0,8,0,"F",1,187500,910
1590921,19,0,0,10,0,"F",1,250000,911
1590969,19,0,0,8,0,"F",0,42500,912
1591056,19,0,0,4,0,"F",1,225000,913
1591165,19,0,0,4,0,"F",1,250000,914
1591251,19,0,0,9,0,"F",0,87500,915
1591366,19,0,0,9,2,"M",1,250000,916
1591670,19,0,0,12,0,"M",1,137500,917
1591722,19,0,0,6,0,"F",0,62500,918
1591917,19,0,0,8,0,"F",1,187500,919
1591990,19,0,0,2,0,"M",0,42500,920
1592216,19,0,0,10,0,"F",1,62500,921
1592278,19,2,0,10,2,"F",1,187500,922
1592293,19,0,0,9,0,"F",1,112500,923
1592707,19,0,0,9,0,"F",1,250000,924
1592744,19,0,0,8,0,"F",0,112500,925
1592908,19,0,0,11,1,"F",1,87500,926
1593038,19,0,0,9,0,"F",1,112500,927
1593301,19,0,0,9,1,"M",1,62500,928
1593487,19,0,0,9,0,"M",1,87500,929
1593651,19,0,0,7,0,"F",1,42500,930
1593813,19,0,0,9,1,"F",0,20000,931
1594152,19,0,0,9,0,"F",1,87500,932
1594307,19,0,0,9,0,"F",0,87500,933
1594407,19,0,0,8,0,"F",1,187500,934
1594775,19,0,0,9,0,"F",1,42500,935
1596452,19,0,0,11,3,"F",1,112500,936
1596829,19,0,0,7,1,"M",1,112500,937
1597491,19,0,0,11,2,"F",1,42500,938
1598463,19,0,0,9,1,"F",1,62500,939
1598633,19,1,0,10,2,"F",1,112500,940
1598919,19,0,0,2,0,"F",0,62500,941
1599722,19,0,0,8,0,"M",1,42500,942
1599748,19,0,0,8,1,"F",0,7500,943
1601262,19,0,0,9,1,"F",1,62500,944
1601710,19,1,0,9,1,"F",1,87500,945
1601726,19,0,0,9,0,"F",1,87500,946
1602013,19,0,0,4,0,"F",0,42500,947
1602093,19,0,0,2,0,"M",1,42500,948
1602541,19,0,0,9,0,"M",1,112500,949
1603217,19,1,0,9,1,"F",1,62500,950
1603225,19,0,0,8,0,"F",0,225000,951
1603429,19,1,0,10,2,"F",1,62500,952
1604015,19,0,0,9,0,"F",1,62500,953
1604126,19,1,0,9,1,"F",1,112500,954
1604128,19,0,0,8,0,"F",0,187500,955
1604268,19,0,0,3,0,"F",1,62500,956
1604528,19,1,0,9,1,"F",1,112500,957
1605044,19,0,0,8,0,"F",1,225000,958
1605048,19,0,0,7,1,"F",1,187500,959
1605961,19,0,0,9,0,"F",0,112500,960
1608086,19,0,0,7,0,"F",0,112500,961
1608536,19,0,0,8,0,"M",1,87500,962
1608611,19,0,0,11,1,"F",1,62500,963
1608612,19,0,0,12,1,"F",0,20000,964
1608644,19,0,0,9,0,"F",0,250000,965
1609138,19,0,0,3,0,"F",1,112500,966
1609335,19,0,0,9,0,"F",1,87500,967
1609688,19,0,0,8,0,"F",0,42500,968
1609694,19,0,0,8,0,"M",1,42500,969
1609742,19,1,0,11,1,"F",1,20000,970
1610234,19,0,0,8,1,"F",1,42500,971
1610404,19,0,0,12,2,"M",0,62500,972
1611512,19,0,0,6,0,"F",1,30000,973
1611563,19,0,0,6,0,"F",1,250000,974
1612208,19,0,0,9,3,"M",1,187500,975
1612444,19,0,0,9,1,"F",1,250000,976
1612702,19,0,0,10,1,"F",1,137500,977
1612863,19,1,0,8,2,"F",0,42500,978
1612987,19,0,0,11,4,"F",0,187500,979
1613295,19,0,0,14,0,"F",1,7500,980
1613630,19,0,0,7,0,"F",1,137500,981
1613669,19,0,0,9,0,"F",1,225000,982
1613754,19,0,0,7,0,"F",1,250000,983
1613787,19,0,0,9,0,"M",1,187500,984
1614408,19,0,0,7,0,"F",1,225000,985
1614896,19,0,0,8,0,"F",0,112500,986
1614950,19,0,0,8,0,"F",1,62500,987
1614982,19,0,0,9,0,"M",0,62500,988
1615046,19,0,0,9,0,"F",0,42500,989
1615126,19,0,0,7,0,"M",1,112500,990
1616126,19,0,0,4,0,"F",1,112500,991
1616413,19,0,0,5,0,"F",1,42500,992
1617245,19,0,0,10,0,"F",0,30000,993
1617490,19,0,0,7,1,"F",1,187500,994
1617675,19,0,0,9,0,"F",0,87500,995
1617709,19,0,0,5,1,"F",1,62500,996
1618855,19,0,0,4,0,"F",0,62500,997
1619223,19,0,0,9,0,"F",1,20000,998
1620927,19,0,0,10,1,"M",0,112500,999
1620942,19,0,0,10,0,"F",1,20000,1000
117514,20,0,0,6,0,"F",0,42500,1
287398,20,0,0,5,1,"F",0,42500,2
469734,20,0,0,7,1,"F",1,250000,3
1054974,20,0,0,7,1,"F",1,137500,4
1060246,20,0,0,8,1,"F",1,62500,5
1061355,20,0,0,7,0,"F",1,87500,6
1061649,20,0,0,6,0,"M",1,225000,7
1062171,20,0,0,6,2,"F",1,250000,8
1063617,20,0,0,5,0,"F",1,250000,9
1068288,20,0,0,8,2,"F",0,30000,10
1071414,20,0,0,7,0,"F",1,62500,11
1077480,20,0,0,6,0,"F",0,62500,12
1081075,20,0,0,8,0,"F",1,250000,13
1081928,20,0,0,6,0,"F",1,62500,14
1082351,20,0,0,2,1,"F",0,30000,15
1087152,20,1,0,6,2,"F",1,187500,16
1089142,20,0,0,4,0,"F",1,87500,17
1091840,20,0,0,6,0,"F",1,30000,18
1094021,20,0,0,2,0,"F",1,87500,19
1094281,20,0,0,3,0,"F",1,62500,20
1100417,20,0,0,5,0,"F",1,62500,21
1100757,20,0,0,5,2,"F",0,112500,22
1102828,20,0,0,8,0,"F",0,62500,23
1103923,20,0,0,1,0,"F",1,225000,24
1107037,20,0,0,6,2,"F",1,112500,25
1108749,20,0,0,7,0,"F",0,87500,26
1108764,20,0,0,6,0,"F",0,62500,27
1111628,20,0,0,6,0,"F",1,137500,28
1111718,20,0,0,8,1,"F",1,112500,29
1114150,20,0,0,4,0,"F",0,30000,30
1117270,20,0,0,3,1,"M",1,20000,31
1120531,20,0,0,5,2,"F",1,62500,32
1122158,20,0,0,8,0,"F",0,62500,33
1128451,20,0,0,9,1,"F",1,42500,34
1136393,20,0,0,5,1,"F",0,112500,35
1136784,20,0,0,6,2,"M",0,225000,36
1139371,20,0,0,5,0,"F",0,42500,37
1139886,20,0,0,7,0,"F",1,112500,38
1144195,20,0,0,4,0,"M",1,250000,39
1144979,20,0,0,10,0,"F",1,112500,40
1145339,20,0,0,10,0,"F",1,62500,41
1145483,20,0,0,4,0,"F",0,7500,42
1146117,20,0,0,4,0,"M",0,87500,43
1147315,20,0,0,8,1,"F",1,187500,44
1148446,20,0,0,5,1,"F",0,20000,45
1149897,20,0,0,2.80612254142761,0,"M",0,30000,46
1149964,20,0,0,7,0,"F",1,42500,47
1150751,20,0,0,5,0,"M",0,7500,48
1150797,20,0,0,8,1,"F",1,162500,49
1151559,20,0,0,7,1,"F",1,112500,50
1151769,20,0,0,7,0,"F",0,112500,51
1152166,20,0,0,7,0,"M",1,137500,52
1152366,20,0,0,5,2,"F",1,87500,53
1153528,20,0,0,7,0,"M",1,62500,54
1153766,20,0,0,6,0,"F",1,162500,55
1155123,20,0,0,3,0,"F",1,112500,56
1156205,20,0,0,8,1,"F",0,112500,57
1156827,20,0,0,4,0,"F",0,7500,58
1157198,20,0,0,4,0,"F",1,20000,59
1165832,20,0,0,5,0,"F",0,62500,60
1166157,20,1,0,14,2,"F",0,137500,61
1167911,20,0,0,6,0,"F",1,87500,62
1168134,20,0,0,5,1,"F",0,162500,63
1168271,20,0,0,8,2,"F",1,112500,64
1171923,20,0,0,6,0,"F",0,62500,65
1172112,20,0,0,5,0,"F",0,20000,66
1174038,20,0,0,3,0,"M",1,112500,67
1174562,20,0,0,7,0,"F",1,62500,68
1174985,20,0,0,8,0,"F",1,62500,69
1176048,20,0,0,6,0,"F",1,62500,70
1179432,20,0,0,7,0,"F",1,87500,71
1179878,20,0,0,4,0,"M",1,62500,72
1180407,20,0,0,6,0,"F",0,62500,73
1180590,20,0,0,6,2,"F",0,112500,74
1180640,20,0,0,3,0,"F",1,62500,75
1181283,20,0,0,3,0,"F",1,62500,76
1181372,20,0,0,1.50793647766113,0,"M",1,62500,77
1181576,20,0,0,5,0,"F",1,87500,78
1182877,20,0,0,6,0,"M",1,62500,79
1184139,20,0,0,6,1,"F",1,20000,80
1184169,20,0,0,7,0,"F",1,112500,81
1184297,20,0,0,5,1,"M",1,112500,82
1184913,20,0,0,4,0,"F",1,87500,83
1185813,20,0,0,3,0,"M",1,87500,84
1185876,20,0,0,1,0,"F",1,137500,85
1186126,20,0,0,6,0,"F",1,62500,86
1187131,20,0,0,3,1,"M",0,42500,87
1187232,20,0,0,5,0,"F",0,62500,88
1187420,20,0,0,6,0,"F",1,87500,89
1187873,20,0,0,5,1,"M",1,112500,90
1187978,20,0,0,4,4,"F",1,62500,91
1188069,20,1,0,5,2,"F",1,162500,92
1188761,20,0,0,7,0,"F",1,162500,93
1188833,20,0,0,6,1,"F",1,62500,94
1189258,20,0,0,6,0,"F",1,225000,95
1189412,20,0,0,2,1,"F",1,20000,96
1189715,20,0,0,4,0,"M",1,162500,97
1189764,20,0,0,1,0,"F",1,137500,98
1190134,20,0,0,8,0,"F",0,20000,99
1190711,20,0,0,7,0,"F",1,162500,100
1191253,20,0,0,5,1,"F",0,62500,101
1191595,20,0,0,8,1,"F",1,62500,102
1191968,20,1,0,3,2,"F",1,112500,103
1192704,20,0,0,5,0,"F",1,62500,104
1192874,20,0,0,5,0,"F",1,62500,105
1193114,20,0,0,7,0,"F",1,162500,106
1193232,20,0,0,3,0,"M",1,112500,107
1193743,20,0,0,6,1,"F",1,20000,108
1193751,20,0,0,3,1,"F",0,42500,109
1193787,20,0,0,7,2,"F",1,62500,110
1194121,20,0,0,3,1,"F",0,42500,111
1194319,20,0,0,7,0,"F",0,62500,112
1194477,20,0,0,8,3,"F",1,112500,113
1195243,20,1,0,7,1,"F",1,62500,114
1195315,20,0,0,4,0,"M",1,112500,115
1195629,20,0,0,7,1,"M",1,62500,116
1196370,20,0,0,7,1,"F",0,137500,117
1196373,20,0,0,2,0,"F",1,87500,118
1196532,20,0,0,6,0,"F",1,112500,119
1196672,20,0,0,5,0,"F",0,62500,120
1196715,20,0,0,7,0,"F",1,62500,121
1196867,20,0,0,6,1,"F",1,62500,122
1197628,20,0,0,5,0,"M",0,137500,123
1198131,20,1,0,4,1,"F",0,42500,124
1198229,20,0,0,8,0,"F",1,62500,125
1198340,20,0,0,2.20731711387634,1,"F",1,112500,126
1198656,20,0,0,3,0,"F",0,42500,127
1198936,20,0,0,8,1,"M",0,162500,128
1199872,20,0,0,7,0,"F",0,87500,129
1202556,20,0,0,6,2,"F",1,62500,130
1204291,20,0,0,2,0,"F",0,20000,131
1204517,20,2,0,8,2,"F",1,62500,132
1204703,20,0,0,5,1,"F",0,87500,133
1205899,20,0,0,4,1,"F",1,162500,134
1207119,20,0,0,3,0,"F",1,62500,135
1208107,20,0,0,5,0,"F",1,112500,136
1208888,20,0,0,1,0,"F",0,20000,137
1209486,20,0,0,7,0,"F",1,62500,138
1209955,20,0,0,3,1,"M",1,225000,139
1210800,20,0,0,6,0,"F",1,250000,140
1211027,20,0,0,5,0,"F",1,112500,141
1211068,20,0,0,9,0,"F",0,250000,142
1211288,20,0,0,7,2,"F",0,7500,143
1211807,20,0,0,2.4343433380127,0,"F",1,42500,144
1212464,20,0,0,6,1,"F",0,42500,145
1213078,20,1,0,7,1,"F",1,250000,146
1213693,20,0,0,6,3,"F",1,162500,147
1216811,20,0,0,6,2,"F",1,162500,148
1217376,20,1,0,7,4,"F",1,137500,149
1217401,20,1,0,6,3,"F",0,62500,150
1221162,20,0,0,8,0,"F",1,62500,151
1222034,20,0,0,6,0,"M",1,87500,152
1222561,20,0,0,7,0,"F",1,62500,153
1224353,20,1,0,6,1,"F",1,87500,154
1224379,20,1,0,4,1,"F",1,162500,155
1225029,20,0,0,4,0,"F",1,62500,156
1225288,20,1,0,6,1,"F",1,112500,157
1225581,20,0,0,8,2,"F",1,30000,158
1226932,20,0,0,7,2,"F",1,87500,159
1226943,20,0,0,9,2,"F",1,162500,160
1227191,20,1,0,7,3,"F",1,112500,161
1227743,20,0,0,9,2,"F",0,62500,162
1228628,20,0,0,5,0,"F",1,62500,163
1228793,20,0,0,10,2,"F",0,87500,164
1229147,20,1,0,6,1,"F",1,87500,165
1229564,20,0,0,6,0,"F",1,62500,166
1229612,20,0,0,5,0,"M",1,187500,167
1229771,20,0,0,8,0,"F",1,87500,168
1229884,20,0,0,4,1,"F",1,112500,169
1230105,20,0,0,7,1,"F",1,137500,170
1230445,20,0,0,5,0,"F",1,62500,171
1230648,20,0,0,7,2,"F",1,87500,172
1230860,20,0,0,5,0,"F",1,62500,173
1231637,20,0,0,3,0,"F",1,112500,174
1233436,20,0,0,5,0,"F",0,162500,175
1233553,20,0,0,7,0,"F",1,112500,176
1234916,20,0,0,9,2,"M",1,62500,177
1237257,20,0,0,5,0,"F",1,62500,178
1237667,20,0,0,7,3,"F",1,87500,179
1238108,20,0,0,5,0,"F",1,42500,180
1238707,20,0,0,4,0,"F",1,62500,181
1238904,20,0,0,6,0,"M",1,87500,182
1239286,20,0,0,4,2,"F",1,250000,183
1239623,20,0,0,7,0,"F",0,42500,184
1239849,20,0,0,4,1,"F",1,112500,185
1239936,20,0,0,1.44736838340759,0,"F",0,7500,186
1240102,20,0,0,6,0,"F",0,62500,187
1241439,20,0,0,7,0,"F",1,112500,188
1241595,20,1,0,7,1,"F",1,62500,189
1241711,20,1,0,7,1,"F",1,87500,190
1242022,20,0,0,5,0,"F",1,62500,191
1242223,20,0,0,7,1,"M",1,137500,192
1242542,20,0,0,4,0,"M",1,137500,193
1243937,20,2,0,7,2,"F",1,87500,194
1244277,20,0,0,2,2,"F",0,112500,195
1245286,20,0,0,5,0,"F",1,62500,196
1246704,20,0,0,7,1,"F",1,87500,197
1247392,20,0,0,5,1,"F",1,87500,198
1248826,20,0,0,7,0,"F",1,87500,199
1249794,20,0,0,6,0,"F",0,137500,200
1250074,20,0,0,5,0,"F",0,87500,201
1250242,20,0,0,3,0,"F",0,250000,202
1250577,20,0,0,7,1,"F",1,62500,203
1250585,20,0,0,8,0,"F",1,187500,204
1250879,20,0,0,2,1,"F",1,137500,205
1250899,20,0,0,5,0,"M",1,112500,206
1251138,20,0,0,4,0,"M",1,137500,207
1251550,20,0,0,5,0,"F",1,62500,208
1251623,20,0,0,5,4,"F",1,7500,209
1251804,20,0,1,4,0,"F",0,137500,210
1251816,20,0,0,5,1,"F",1,137500,211
1252257,20,0,0,8,1,"F",0,87500,212
1252297,20,0,0,6,1,"M",1,62500,213
1252403,20,2,0,7,2,"M",1,62500,214
1252534,20,0,0,6,0,"F",1,187500,215
1252759,20,0,0,7,1,"F",1,137500,216
1252878,20,0,0,6,0,"F",1,137500,217
1254168,20,1,0,7,2,"F",1,62500,218
1254684,20,0,0,6,0,"M",1,112500,219
1258925,20,0,0,7,1,"F",1,42500,220
1259640,20,0,0,6,0,"M",1,87500,221
1259672,20,0,0,6,0,"F",1,62500,222
1259740,20,1,0,6,2,"F",1,30000,223
1262332,20,0,0,6,0,"F",1,87500,224
1262373,20,0,0,7,1,"F",1,250000,225
1262926,20,0,0,5,0,"F",1,62500,226
1263058,20,0,0,4,0,"F",0,137500,227
1263919,20,0,0,5,1,"M",0,30000,228
1264065,20,0,0,7,0,"F",1,187500,229
1264317,20,0,0,5,0,"F",1,187500,230
1264505,20,0,0,6,1,"F",1,87500,231
1264703,20,0,0,6,0,"F",0,30000,232
1265443,20,0,0,6,0,"F",0,20000,233
1265755,20,0,0,6,0,"F",1,112500,234
1265835,20,0,0,3,1,"F",1,112500,235
1265892,20,0,0,5,0,"F",0,187500,236
1266201,20,0,0,2.40229892730713,1,"F",1,187500,237
1268413,20,0,0,6,1,"F",1,62500,238
1269756,20,0,0,7,0,"F",1,62500,239
1269824,20,1,0,4,2,"M",0,30000,240
1273931,20,0,0,7,2,"F",1,20000,241
1275308,20,0,0,5,0,"M",1,87500,242
1275698,20,0,0,4,0,"F",1,87500,243
1275888,20,0,0,3,0,"F",1,137500,244
1276784,20,0,0,4,0,"F",0,20000,245
1277335,20,0,0,4,0,"F",1,42500,246
1279299,20,0,0,4,0,"M",1,87500,247
1279847,20,0,0,5,1,"F",1,42500,248
1280469,20,0,0,5,0,"F",0,7500,249
1281674,20,0,0,8,2,"F",0,137500,250
1285561,20,0,0,7,1,"F",1,250000,251
1286058,20,0,0,5,0,"F",1,250000,252
1286676,20,0,0,7,0,"M",1,225000,253
1287337,20,0,0,7,1,"F",0,62500,254
1288054,20,0,0,6,0,"F",1,42500,255
1288246,20,0,0,3,1,"F",0,62500,256
1288502,20,0,0,7,0,"M",0,137500,257
1288666,20,0,0,7,0,"F",1,62500,258
1288675,20,0,0,5,0,"F",1,20000,259
1288774,20,2,0,9,3,"F",1,187500,260
1288902,20,0,0,7,1,"F",1,87500,261
1289229,20,0,0,3,0,"F",0,112500,262
1290077,20,0,0,5,0,"F",1,87500,263
1290515,20,0,0,4,0,"F",0,87500,264
1290723,20,0,0,5,0,"F",0,30000,265
1291318,20,0,0,4,0,"F",1,42500,266
1291608,20,0,0,4,0,"F",0,30000,267
1292847,20,0,0,12,1,"F",1,42500,268
1293296,20,0,0,5,1,"F",1,30000,269
1293595,20,0,0,5,1,"F",1,62500,270
1293939,20,0,0,6,0,"F",1,250000,271
1294157,20,1,0,7,7,"F",1,62500,272
1294200,20,0,0,5,1,"F",1,62500,273
1294399,20,0,0,6,0,"F",0,30000,274
1294837,20,0,0,9,1,"F",0,62500,275
1297008,20,0,0,5,0,"F",0,7500,276
1297323,20,0,0,6,0,"F",0,7500,277
1297452,20,1,0,6,1,"M",1,87500,278
1297615,20,0,0,5,0,"F",0,20000,279
1297678,20,0,0,9,2,"M",1,62500,280
1298036,20,0,0,6,0,"F",0,7500,281
1298136,20,0,0,8,0,"M",0,30000,282
1298614,20,0,0,5,1,"F",1,62500,283
1300363,20,0,0,5,0,"M",1,42500,284
1300457,20,0,0,3,1,"M",1,42500,285
1301237,20,0,0,4,0,"F",1,20000,286
1301332,20,0,0,7,0,"M",1,42500,287
1301620,20,1,0,7,2,"F",1,87500,288
1302173,20,0,0,8,1,"F",1,225000,289
1302216,20,0,0,4,0,"F",1,62500,290
1302375,20,0,0,6,1,"F",1,87500,291
1303092,20,0,0,6,0,"F",1,62500,292
1303908,20,0,0,6,1,"M",1,87500,293
1304518,20,0,0,5,0,"F",1,87500,294
1304751,20,0,0,6,0,"F",0,30000,295
1306505,20,0,0,6,0,"F",0,62500,296
1307675,20,0,0,8,1,"F",1,62500,297
1307821,20,0,0,6,0,"M",1,42500,298
1310138,20,0,0,6,0,"F",1,62500,299
1310269,20,0,0,4,0,"F",0,112500,300
1311143,20,0,0,5,0,"M",0,62500,301
1311172,20,0,0,6,0,"M",1,137500,302
1311388,20,0,0,7,1,"M",0,20000,303
1312227,20,0,0,6,1,"F",0,62500,304
1313291,20,0,0,5,1,"F",1,162500,305
1313396,20,1,0,6,1,"F",0,30000,306
1313735,20,0,0,6,0,"F",1,20000,307
1313856,20,0,0,10,1,"F",0,20000,308
1314520,20,0,0,6,0,"F",1,62500,309
1314682,20,0,0,3,0,"F",0,20000,310
1314969,20,0,0,5,0,"F",0,87500,311
1315946,20,0,0,6,0,"F",0,62500,312
1317054,20,0,0,7,0,"F",0,7500,313
1317356,20,0,0,5,0,"F",1,62500,314
1318696,20,1,0,5,3,"F",0,62500,315
1318996,20,0,0,7,2,"F",1,62500,316
1319548,20,0,0,5,0,"F",0,20000,317
1319613,20,0,0,6,0,"F",0,137500,318
1319738,20,0,0,6,0,"F",1,137500,319
1320734,20,0,0,6,0,"F",1,20000,320
1320750,20,0,0,6,0,"F",0,7500,321
1322205,20,0,0,6.2788462638855,1,"F",1,62500,322
1322235,20,0,0,5,0,"F",0,62500,323
1322521,20,0,0,6,0,"M",1,42500,324
1322942,20,0,0,6,0,"F",1,87500,325
1323304,20,0,0,8,2,"F",1,162500,326
1323359,20,0,0,7,1,"M",0,187500,327
1323491,20,0,0,4,0,"F",1,250000,328
1323698,20,0,0,3,1,"M",0,250000,329
1323962,20,0,0,8,0,"M",1,62500,330
1324251,20,0,0,4,0,"F",0,20000,331
1324843,20,0,0,5,1,"F",1,87500,332
1325556,20,0,0,1,0,"F",0,20000,333
1327146,20,0,0,8,1,"F",1,162500,334
1328158,20,0,0,6,0,"F",1,62500,335
1328623,20,0,0,6,0,"M",1,30000,336
1328832,20,0,0,8,2,"F",1,187500,337
1329574,20,0,0,7,0,"F",0,42500,338
1330046,20,0,0,2,0,"F",1,112500,339
1330272,20,0,0,7,0,"F",1,137500,340
1330497,20,0,0,5,0,"F",1,162500,341
1331244,20,1,0,6,1,"F",0,30000,342
1331261,20,0,0,4,0,"F",0,7500,343
1331950,20,0,0,8,0,"F",1,62500,344
1333858,20,1,0,5,1,"F",1,112500,345
1335680,20,0,0,3,0,"F",1,62500,346
1335920,20,0,0,5,1,"F",1,42500,347
1335980,20,0,0,4,0,"F",0,20000,348
1336426,20,0,0,4,0,"F",0,20000,349
1336946,20,0,0,7,0,"M",1,20000,350
1338200,20,0,0,5,0,"F",1,162500,351
1338378,20,1,0,4,2,"F",1,225000,352
1339574,20,0,0,8,0,"F",1,42500,353
1339822,20,0,0,6,0,"F",1,112500,354
1340176,20,0,0,7,0,"M",1,42500,355
1340267,20,1,0,5,2,"F",0,42500,356
1341891,20,0,0,7,0,"F",0,62500,357
1342799,20,1,0,5,2,"F",0,62500,358
1343216,20,0,0,5,0,"F",0,187500,359
1344265,20,0,0,4,0,"F",0,87500,360
1344499,20,0,0,6,3,"F",1,87500,361
1344614,20,0,0,8,1,"M",1,225000,362
1345984,20,0,0,7,1,"F",1,112500,363
1346234,20,0,0,4,0,"F",0,162500,364
1347945,20,1,0,7,4,"F",0,112500,365
1348467,20,0,0,7,1,"F",0,87500,366
1348663,20,1,0,5,1,"F",1,62500,367
1348726,20,0,0,5,0,"F",1,62500,368
1349285,20,0,0,7,1,"F",0,42500,369
1349428,20,0,0,5,2,"F",1,87500,370
1349951,20,0,0,6,0,"F",1,20000,371
1350291,20,0,0,6,0,"M",1,87500,372
1350434,20,0,0,5,0,"F",1,162500,373
1351173,20,0,0,3,0,"F",0,87500,374
1351468,20,0,0,7,0,"F",1,7500,375
1351509,20,0,0,3,0,"F",1,62500,376
1351586,20,0,0,6,0,"F",1,162500,377
1351796,20,0,0,7,0,"F",1,7500,378
1352046,20,0,0,6,0,"F",1,87500,379
1352301,20,0,0,4,0,"F",1,42500,380
1352756,20,0,0,5,0,"F",1,62500,381
1352986,20,0,0,8,0,"F",1,42500,382
1353809,20,0,0,8,2,"F",1,112500,383
1353961,20,0,0,7,0,"F",0,20000,384
1354452,20,0,0,5,0,"F",1,62500,385
1354598,20,0,0,5,0,"F",0,42500,386
1354602,20,0,0,6,1,"M",1,62500,387
1354673,20,0,0,7,1,"F",0,7500,388
1355604,20,0,0,4,0,"M",1,7500,389
1356206,20,0,0,5,0,"F",1,62500,390
1358021,20,0,0,6,0,"F",1,112500,391
1358933,20,0,0,7,0,"F",0,112500,392
1361465,20,0,0,5,0,"F",0,137500,393
1362107,20,0,0,4,0,"M",1,162500,394
1363023,20,1,0,5,1,"F",1,30000,395
1363370,20,0,0,5,0,"M",1,62500,396
1364059,20,0,0,5,1,"M",1,112500,397
1366217,20,0,0,8,0,"M",0,112500,398
1366244,20,0,0,5,0,"F",0,112500,399
1367411,20,0,0,7,0,"F",1,20000,400
1367420,20,0,0,13,1,"F",1,162500,401
1368140,20,1,0,9,5,"F",1,62500,402
1368385,20,0,0,6,2,"M",1,162500,403
1369918,20,0,0,4,0,"F",1,87500,404
1372221,20,0,0,3,0,"F",1,7500,405
1372333,20,0,0,4,0,"F",1,62500,406
1374105,20,0,0,7,0,"F",0,7500,407
1374132,20,1,0,6,1,"M",1,62500,408
1374680,20,0,0,6,0,"F",1,62500,409
1375113,20,0,0,5,1,"F",1,87500,410
1376245,20,0,0,1.61538457870483,0,"F",0,62500,411
1377492,20,0,0,6,0,"F",1,137500,412
1377719,20,0,0,7,0,"F",1,137500,413
1378071,20,0,0,8,1,"F",0,62500,414
1378409,20,0,0,9,2,"F",1,62500,415
1380721,20,0,0,4,1,"F",1,42500,416
1381136,20,0,0,7,0,"F",1,62500,417
1381384,20,0,0,7,0,"F",1,162500,418
1381552,20,0,0,8,0,"M",1,87500,419
1381639,20,0,0,7,0,"F",1,225000,420
1381711,20,0,0,4,0,"F",1,87500,421
1382137,20,0,0,6,0,"F",1,112500,422
1382624,20,0,0,7,0,"F",1,62500,423
1382975,20,1,0,7,1,"F",1,112500,424
1384230,20,0,0,6,0,"F",1,137500,425
1384341,20,0,0,6,1,"F",0,137500,426
1385468,20,0,0,7,1,"F",1,250000,427
1385831,20,0,0,4,1,"F",1,42500,428
1386066,20,0,0,1,0,"F",1,112500,429
1386120,20,0,0,5,0,"F",1,42500,430
1387428,20,0,0,6,0,"F",0,62500,431
1387588,20,0,0,5,0,"F",1,42500,432
1388210,20,0,0,7,0,"M",1,62500,433
1388355,20,0,0,5,1,"F",1,62500,434
1388513,20,0,0,7,1,"F",1,162500,435
1388833,20,1,0,7,4,"F",0,42500,436
1389030,20,0,0,5,2,"F",1,62500,437
1389384,20,1,0,7,1,"F",0,42500,438
1389406,20,0,0,6,1,"F",1,87500,439
1389477,20,0,0,6,1,"F",1,62500,440
1390351,20,1,0,5,1,"M",1,162500,441
1392387,20,0,0,4,0,"F",0,87500,442
1393255,20,0,0,6,1,"F",1,87500,443
1393466,20,0,0,4,1,"M",1,87500,444
1393929,20,0,0,8,0,"F",1,225000,445
1394027,20,0,0,4,1,"F",1,162500,446
1395064,20,0,0,5,0,"F",1,162500,447
1395309,20,0,0,7,0,"F",0,42500,448
1395394,20,0,0,8,2,"F",0,7500,449
1396474,20,0,0,1.76344084739685,0,"F",1,62500,450
1396597,20,0,0,7,1,"F",1,87500,451
1396618,20,0,0,5,0,"F",1,87500,452
1396830,20,0,0,6,0,"F",1,87500,453
1397814,20,0,0,5,0,"M",1,137500,454
1398493,20,0,0,3,0,"F",1,87500,455
1398606,20,0,0,4,0,"M",1,20000,456
1399233,20,2,0,4,2,"F",0,42500,457
1399269,20,0,0,6,0,"F",1,62500,458
1399329,20,0,0,7,2,"F",1,112500,459
1401246,20,0,0,2,0,"F",1,42500,460
1401458,20,0,0,5,0,"F",1,62500,461
1403021,20,0,0,4,1,"F",1,112500,462
1403631,20,0,0,6,2,"F",1,62500,463
1403972,20,0,0,9,2,"F",1,162500,464
1404355,20,0,0,4,0,"F",1,87500,465
1404418,20,0,0,6,0,"F",1,42500,466
1404842,20,0,0,6,0,"M",1,112500,467
1405544,20,0,0,7,0,"F",0,20000,468
1406907,20,0,0,5,0,"F",1,87500,469
1408575,20,0,0,4,0,"M",0,30000,470
1410385,20,1,0,8,2,"F",1,162500,471
1411418,20,2,0,4,2,"M",1,87500,472
1412397,20,0,0,6,0,"M",1,42500,473
1412511,20,0,0,2.29411768913269,0,"F",1,42500,474
1412646,20,0,0,15,2,"F",1,162500,475
1413182,20,1,0,7,2,"F",1,112500,476
1413837,20,0,0,4,0,"F",1,225000,477
1413925,20,0,0,7,0,"F",0,62500,478
1414361,20,0,0,3,0,"F",1,112500,479
1414857,20,0,0,5,0,"M",1,162500,480
1414873,20,0,0,4,1,"F",1,112500,481
1415098,20,0,0,8,0,"F",0,87500,482
1415320,20,2,0,8,4,"F",1,162500,483
1416429,20,0,0,6,1,"F",1,87500,484
1416731,20,0,0,7,1,"F",1,162500,485
1416940,20,0,0,7,0,"F",0,137500,486
1417159,20,0,0,3,0,"M",0,20000,487
1417523,20,0,0,2,0,"F",1,187500,488
1418358,20,0,0,8,0,"F",0,112500,489
1418818,20,2,0,6,2,"F",1,87500,490
1419071,20,0,0,8,0,"M",1,87500,491
1419406,20,0,0,6,1,"F",1,62500,492
1419467,20,0,0,6,0,"F",1,162500,493
1419627,20,0,0,7,0,"M",1,87500,494
1419833,20,0,0,7,1,"F",1,225000,495
1420095,20,0,0,5,0,"M",1,187500,496
1420139,20,0,0,7,1,"F",1,112500,497
1420150,20,0,0,6,0,"F",0,7500,498
1420458,20,0,0,8,0,"M",1,20000,499
1420461,20,0,0,6,0,"F",1,62500,500
1420462,20,0,0,9,0,"F",1,162500,501
1420478,20,0,0,4,0,"F",1,42500,502
1420505,20,0,0,4,0,"F",0,7500,503
1420957,20,0,0,5,0,"F",1,225000,504
1420990,20,0,0,7,2,"F",0,87500,505
1421112,20,0,0,6,0,"F",0,87500,506
1421265,20,0,0,10,0,"F",0,137500,507
1421359,20,0,0,4,1,"F",0,7500,508
1422155,20,0,0,7,0,"F",1,187500,509
1422249,20,0,0,1.77319586277008,0,"M",0,62500,510
1424297,20,0,0,1,0,"M",1,20000,511
1424626,20,0,0,9,2,"F",0,112500,512
1425960,20,0,0,6,0,"F",0,20000,513
1426165,20,2,0,6,2,"F",0,112500,514
1426230,20,0,0,6,0,"F",0,7500,515
1426266,20,0,0,7,0,"F",1,112500,516
1426799,20,0,0,7,0,"F",1,87500,517
1427258,20,0,0,4,0,"F",0,62500,518
1427579,20,0,0,6,1,"F",1,87500,519
1427915,20,0,0,3,0,"F",0,62500,520
1428277,20,0,0,6,1,"M",1,112500,521
1429936,20,0,0,6,0,"F",1,187500,522
1430214,20,0,0,7,0,"M",0,112500,523
1430754,20,0,0,5,0,"M",1,187500,524
1431104,20,0,0,7,0,"F",0,250000,525
1431118,20,0,0,4,0,"F",1,62500,526
1431340,20,0,0,6,0,"F",0,87500,527
1431513,20,0,0,5,0,"F",1,62500,528
1431697,20,1,0,4,2,"F",1,87500,529
1431949,20,0,0,7,0,"F",1,42500,530
1432387,20,0,0,5,0,"F",0,162500,531
1432724,20,0,0,6,1,"F",1,20000,532
1432840,20,0,0,5,0,"F",1,20000,533
1432998,20,0,0,4,0,"F",1,62500,534
1433194,20,0,0,5,1,"F",1,42500,535
1433587,20,0,0,6,0,"M",1,87500,536
1434275,20,0,0,10,0,"F",1,20000,537
1434712,20,0,0,1,0,"F",1,42500,538
1435022,20,0,0,4,0,"F",1,187500,539
1435557,20,0,0,3,0,"M",1,62500,540
1435794,20,1,0,5,1,"F",0,87500,541
1435996,20,0,0,7,1,"F",1,112500,542
1436928,20,0,0,4,0,"F",1,112500,543
1437747,20,0,0,6,0,"F",1,137500,544
1437857,20,1,0,9,2,"M",1,62500,545
1437869,20,0,0,6,0,"F",1,187500,546
1437899,20,0,0,7,0,"F",1,137500,547
1438760,20,1,0,8,4,"F",1,137500,548
1438884,20,1,0,7,2,"M",1,87500,549
1439629,20,0,0,6,0,"F",1,7500,550
1439689,20,1,0,8,1,"F",1,112500,551
1439713,20,0,0,5,4,"F",1,62500,552
1440356,20,0,0,2.41414141654968,0,"M",1,250000,553
1441053,20,0,0,8,1,"M",1,30000,554
1441466,20,1,0,7,2,"F",1,250000,555
1442287,20,0,0,8,0,"F",0,187500,556
1442704,20,0,0,7,1,"F",1,87500,557
1443687,20,0,0,6,1,"F",0,87500,558
1443964,20,0,0,5,0,"F",1,250000,559
1444485,20,0,0,7,1,"F",1,112500,560
1445100,20,0,0,7,0,"F",1,87500,561
1446288,20,0,0,12,0,"F",0,62500,562
1447092,20,0,0,5,0,"M",1,42500,563
1447298,20,0,0,7,1,"F",1,62500,564
1448763,20,0,0,3,0,"F",0,62500,565
1448901,20,0,0,4,0,"F",0,62500,566
1449431,20,0,0,4,1,"F",1,137500,567
1450170,20,0,0,9,1,"F",0,62500,568
1450180,20,0,0,5,0,"M",1,62500,569
1450746,20,0,0,6,0,"F",1,7500,570
1450805,20,1,0,4,1,"M",1,225000,571
1450890,20,0,0,7,0,"F",1,225000,572
1451275,20,1,0,5,2,"M",1,62500,573
1451865,20,1,0,4,2,"F",1,225000,574
1452879,20,0,0,7,0,"F",1,137500,575
1454110,20,0,0,7,0,"F",1,62500,576
1454343,20,0,0,7,1,"M",0,30000,577
1454425,20,0,0,7,0,"F",1,112500,578
1454661,20,0,0,8,1,"F",1,87500,579
1455466,20,0,0,7,0,"F",1,87500,580
1455615,20,0,0,4,0,"F",1,7500,581
1455721,20,0,0,1,0,"M",1,87500,582
1455906,20,0,0,7,0,"F",1,250000,583
1456029,20,0,0,6,0,"F",1,42500,584
1456155,20,0,0,7,1,"F",1,250000,585
1456186,20,0,0,4,0,"F",1,20000,586
1456531,20,1,0,7,1,"F",1,187500,587
1456609,20,0,0,3,0,"F",1,62500,588
1456628,20,0,0,6,0,"F",1,250000,589
1456919,20,0,0,4,0,"F",1,30000,590
1457625,20,0,0,7,0,"F",1,112500,591
1457777,20,0,0,7,1,"F",1,62500,592
1457830,20,0,0,3,0,"F",1,112500,593
1457984,20,0,0,7,0,"F",1,112500,594
1458214,20,1,0,7,1,"F",1,225000,595
1460277,20,0,0,6,0,"F",1,62500,596
1460380,20,0,0,8,3,"F",0,42500,597
1460953,20,0,0,6,0,"F",0,250000,598
1461151,20,0,0,2.64948463439941,0,"F",1,87500,599
1461397,20,0,0,7,1,"F",1,137500,600
1462847,20,2,0,6,2,"F",1,162500,601
1462878,20,0,0,7,0,"F",1,7500,602
1463072,20,0,0,6,0,"F",1,87500,603
1464188,20,0,0,1.54166662693024,0,"F",1,137500,604
1464264,20,0,0,6,0,"M",1,112500,605
1464335,20,0,0,8,1,"F",1,187500,606
1464618,20,0,0,4,1,"F",1,112500,607
1465220,20,0,0,7,0,"F",1,137500,608
1466204,20,0,0,7,0,"F",1,87500,609
1466494,20,0,0,4,0,"M",1,20000,610
1466816,20,1,0,7,1,"F",1,137500,611
1466833,20,0,0,6,1,"F",1,87500,612
1466886,20,0,0,6,1,"F",1,137500,613
1466955,20,0,0,7,1,"F",1,250000,614
1467019,20,0,0,5,1,"F",0,137500,615
1467058,20,0,0,6,0,"F",0,20000,616
1467155,20,0,0,5,2,"M",0,62500,617
1467520,20,0,0,5,0,"F",1,250000,618
1467621,20,0,0,6,1,"F",1,62500,619
1468654,20,0,0,4,1,"F",1,87500,620
1468709,20,0,0,3,1,"F",1,30000,621
1468714,20,0,0,7,0,"F",0,112500,622
1468733,20,0,0,12,0,"F",1,62500,623
1468745,20,0,0,7,0,"M",1,62500,624
1469175,20,0,0,11,0,"F",0,87500,625
1469204,20,0,0,9,1,"F",1,112500,626
1469239,20,0,0,6,0,"F",1,112500,627
1469248,20,0,0,5,0,"F",1,112500,628
1469990,20,0,0,6,0,"M",1,187500,629
1470110,20,0,0,6,0,"F",0,62500,630
1470965,20,0,0,6,0,"F",0,62500,631
1471445,20,0,0,5,0,"F",1,162500,632
1471473,20,0,0,6,1,"M",1,62500,633
1471528,20,1,0,6,2,"F",1,112500,634
1471566,20,0,0,7,0,"F",1,30000,635
1471723,20,0,0,7,0,"F",1,187500,636
1471767,20,0,0,6,0,"M",1,87500,637
1471934,20,0,0,3,0,"F",0,112500,638
1472977,20,0,0,9,0,"F",1,87500,639
1474598,20,1,0,6,2,"M",1,87500,640
1475170,20,0,0,6,0,"M",0,87500,641
1477477,20,0,0,1.65277779102325,0,"M",0,112500,642
1478058,20,0,0,6,0,"F",1,87500,643
1478617,20,0,0,6,4,"F",1,225000,644
1479489,20,0,0,6,0,"F",1,62500,645
1480578,20,0,0,3,0,"F",0,62500,646
1481279,20,0,0,5,0,"F",0,162500,647
1481476,20,0,0,8,0,"F",1,7500,648
1482005,20,0,0,7,0,"M",1,62500,649
1482267,20,0,0,8,1,"F",1,225000,650
1482614,20,0,0,6,0,"F",0,87500,651
1482816,20,0,0,6,1,"F",1,62500,652
1483049,20,0,0,6,1,"F",0,20000,653
1484259,20,1,0,5,1,"F",0,7500,654
1484519,20,0,0,7,0,"F",1,42500,655
1484930,20,0,0,5,0,"F",1,162500,656
1486404,20,0,0,5,0,"F",0,42500,657
1487790,20,0,0,8,1,"M",1,187500,658
1488086,20,0,0,5,0,"F",1,112500,659
1489319,20,0,0,3,0,"F",0,42500,660
1490014,20,0,0,4,0,"M",1,62500,661
1491416,20,0,0,7,0,"F",0,112500,662
1491563,20,0,0,3,0,"M",1,162500,663
1492025,20,2,0,5,2,"F",1,62500,664
1492036,20,0,0,6,0,"F",1,87500,665
1493569,20,0,0,5,0,"F",1,112500,666
1498287,20,0,0,8,0,"F",1,162500,667
1498483,20,1,0,6,3,"F",1,62500,668
1498656,20,0,0,3,0,"M",1,137500,669
1501397,20,0,0,7,1,"M",1,112500,670
1501443,20,0,0,6,2,"F",0,7500,671
1501825,20,0,0,6,0,"F",1,225000,672
1501848,20,0,0,3,0,"F",1,112500,673
1501917,20,0,0,7,0,"F",1,137500,674
1502135,20,0,0,3,0,"F",1,87500,675
1502146,20,0,0,5,3,"F",1,62500,676
1502599,20,0,0,8,2,"F",1,187500,677
1504289,20,0,0,5,1,"F",1,137500,678
1507421,20,0,0,2,0,"F",0,20000,679
1509331,20,0,0,5,0,"M",1,62500,680
1509782,20,0,0,4,1,"F",1,62500,681
1509874,20,0,0,2,0,"F",1,42500,682
1511973,20,0,0,4,0,"M",0,7500,683
1512249,20,0,0,6,0,"F",1,187500,684
1512656,20,0,0,6,0,"F",1,187500,685
1513530,20,0,0,6,2,"F",1,62500,686
1513806,20,1,0,6,1,"F",1,62500,687
1514087,20,0,0,4,0,"F",0,112500,688
1514098,20,0,0,4,1,"F",1,187500,689
1514327,20,0,0,5,0,"F",0,87500,690
1514351,20,0,0,7,1,"M",1,187500,691
1514819,20,0,0,7,1,"F",1,30000,692
1516894,20,0,0,6,1,"M",1,250000,693
1518132,20,0,0,5,0,"F",0,62500,694
1518564,20,0,0,6,0,"F",1,112500,695
1519598,20,0,0,7,1,"F",1,187500,696
1520012,20,0,0,5,0,"F",1,187500,697
1520720,20,0,0,7,0,"F",1,62500,698
1522154,20,0,0,5,0,"F",1,137500,699
1522471,20,0,0,6,0,"M",1,162500,700
1523997,20,0,0,7,2,"F",1,225000,701
1524038,20,0,0,8,1,"F",1,250000,702
1524967,20,0,0,1.25,0,"F",1,250000,703
1525049,20,0,0,6,0,"F",1,187500,704
1525556,20,0,0,7,1,"M",1,162500,705
1526044,20,0,0,5,0,"M",1,87500,706
1526280,20,0,0,5,0,"M",1,20000,707
1526638,20,0,0,6,0,"F",1,225000,708
1527800,20,0,0,3,2,"F",1,137500,709
1527932,20,0,0,5,3,"F",1,187500,710
1527966,20,0,0,7,1,"F",1,250000,711
1528038,20,0,0,7,0,"M",1,225000,712
1528103,20,0,0,9,1,"F",1,225000,713
1528515,20,0,0,2,0,"F",0,225000,714
1529646,20,0,0,6,2,"F",1,225000,715
1530199,20,0,0,2,1,"M",1,62500,716
1530200,20,0,0,7,0,"F",1,137500,717
1530561,20,0,0,6,0,"F",1,42500,718
1530887,20,0,0,6,0,"F",1,87500,719
1531800,20,0,0,7,1,"F",0,62500,720
1531915,20,0,0,6,0,"F",1,250000,721
1531924,20,0,0,7,1,"F",0,225000,722
1531984,20,1,0,5,1,"F",0,42500,723
1532052,20,0,0,5,0,"M",1,87500,724
1532113,20,0,0,8,1,"F",1,87500,725
1532334,20,0,0,7,0,"F",1,225000,726
1532420,20,0,0,3,0,"F",1,30000,727
1532431,20,0,0,5,0,"F",0,20000,728
1532738,20,0,0,9,0,"F",1,225000,729
1532841,20,0,0,8,0,"F",1,42500,730
1533843,20,0,0,7,0,"F",1,42500,731
1533874,20,0,0,6,0,"F",1,137500,732
1533971,20,1,0,6,1,"F",1,137500,733
1534792,20,0,0,6,0,"F",1,187500,734
1535057,20,0,0,7,1,"F",1,137500,735
1535333,20,0,0,9,1,"M",1,87500,736
1535547,20,0,0,6,0,"F",1,187500,737
1535701,20,0,0,6,0,"M",1,62500,738
1535732,20,0,0,7,0,"F",1,187500,739
1535755,20,0,0,8,0,"F",1,112500,740
1536000,20,0,0,7,1,"F",1,187500,741
1536405,20,0,0,6,1,"F",1,62500,742
1536527,20,0,0,1,0,"F",1,225000,743
1536579,20,0,0,6,1,"F",1,187500,744
1537347,20,0,0,7,1,"F",1,225000,745
1537995,20,0,0,1,0,"F",0,62500,746
1538175,20,0,0,8,1,"F",1,250000,747
1538662,20,0,0,7,0,"F",1,112500,748
1538919,20,0,0,4,0,"F",1,250000,749
1539494,20,0,0,7,1,"F",1,250000,750
1539570,20,0,0,6,0,"F",1,87500,751
1540059,20,0,0,7,0,"M",1,87500,752
1540194,20,0,0,1,2,"F",1,187500,753
1540364,20,0,0,6,0,"F",1,7500,754
1540829,20,0,0,6,0,"F",1,187500,755
1540910,20,0,0,8,3,"F",1,137500,756
1540936,20,0,0,6,0,"F",1,62500,757
1541156,20,1,0,6,1,"F",1,7500,758
1541593,20,0,0,8,0,"F",1,250000,759
1541662,20,0,0,6,1,"F",1,112500,760
1541734,20,0,0,6,0,"F",1,137500,761
1541834,20,0,0,1,0,"F",1,250000,762
1541894,20,0,0,4,0,"F",0,42500,763
1542247,20,0,0,6,0,"F",1,225000,764
1542523,20,1,0,8,1,"F",1,187500,765
1542740,20,0,0,7,3,"F",0,30000,766
1543012,20,0,0,6,0,"M",1,112500,767
1543181,20,0,0,8,3,"M",1,250000,768
1543552,20,0,0,6,0,"F",0,112500,769
1543563,20,0,0,8,0,"F",1,250000,770
1543633,20,0,0,6,0,"F",1,112500,771
1544590,20,0,0,4,3,"F",0,187500,772
1544693,20,0,0,6,0,"F",1,250000,773
1545273,20,0,0,8,0,"F",0,137500,774
1545322,20,0,0,7,0,"M",1,250000,775
1546709,20,0,0,7,0,"F",1,250000,776
1546922,20,0,0,6,0,"M",1,137500,777
1546932,20,0,0,6,1,"F",0,112500,778
1546959,20,0,0,7,0,"F",1,187500,779
1546989,20,0,0,6,1,"M",1,225000,780
1547464,20,1,0,4,2,"F",1,87500,781
1547476,20,0,0,7,1,"F",0,225000,782
1547622,20,0,0,7,1,"F",1,187500,783
1547752,20,0,0,6,0,"F",1,112500,784
1547850,20,0,0,4,0,"F",1,20000,785
1548040,20,0,0,4,0,"F",0,112500,786
1548129,20,0,0,6,0,"F",1,112500,787
1548209,20,0,0,5,0,"F",1,20000,788
1548503,20,0,0,5,0,"F",1,62500,789
1548540,20,0,0,7,0,"F",1,87500,790
1548673,20,0,0,6,0,"F",1,112500,791
1549599,20,0,0,4,0,"M",1,187500,792
1550040,20,1,0,7,1,"M",1,20000,793
1550161,20,0,0,7,1,"F",1,62500,794
1550456,20,0,0,6,1,"F",1,225000,795
1550894,20,0,0,6,0,"F",1,87500,796
1551030,20,0,0,4,0,"F",1,225000,797
1551330,20,0,0,5,0,"M",1,87500,798
1551510,20,0,0,5,0,"F",1,162500,799
1551891,20,0,0,7,1,"F",1,187500,800
1552409,20,0,0,5,0,"M",1,137500,801
1552458,20,0,0,6,0,"F",1,62500,802
1552507,20,0,0,7,0,"F",1,137500,803
1552803,20,0,0,8,0,"F",1,225000,804
1552831,20,0,0,7,2,"M",1,112500,805
1553098,20,0,0,5,1,"F",1,87500,806
1553185,20,0,0,5,0,"F",1,187500,807
1553615,20,0,0,7,0,"F",1,187500,808
1553840,20,1,0,8,1,"M",1,20000,809
1553857,20,0,0,4,0,"M",1,87500,810
1553951,20,0,0,6,1,"F",1,225000,811
1554033,20,0,0,5,0,"F",1,62500,812
1554034,20,0,0,6,0,"F",1,162500,813
1554062,20,0,0,1,0,"F",1,87500,814
1554533,20,0,0,6,0,"F",1,62500,815
1554853,20,0,0,1,1,"M",1,42500,816
1554983,20,0,0,5,0,"M",1,87500,817
1555310,20,0,0,9,0,"F",1,187500,818
1555529,20,0,0,7,0,"M",1,225000,819
1555776,20,0,0,6,0,"F",1,20000,820
1555876,20,0,0,6,0,"F",0,112500,821
1556592,20,0,0,5,0,"F",1,62500,822
1556634,20,0,0,5,0,"M",0,87500,823
1556652,20,0,0,5,0,"F",1,42500,824
1557407,20,0,0,4,1,"F",1,162500,825
1557751,20,0,0,7,1,"F",1,162500,826
1558181,20,0,0,6,0,"F",0,62500,827
1558593,20,0,0,6,1,"F",1,137500,828
1559861,20,0,0,4,2,"F",0,20000,829
1560624,20,0,0,5,0,"F",1,62500,830
1561366,20,0,0,6,0,"F",1,62500,831
1561573,20,0,0,6,2,"F",1,137500,832
1563321,20,0,0,5,0,"F",1,187500,833
1563505,20,0,0,6,0,"M",0,62500,834
1563807,20,1,0,8,1,"F",0,112500,835
1564353,20,0,0,5,0,"F",1,137500,836
1564381,20,0,0,5,1,"F",1,42500,837
1564432,20,0,0,7,0,"F",1,20000,838
1564440,20,0,0,7,0,"F",1,62500,839
1564588,20,0,0,1,1,"F",1,162500,840
1565437,20,0,0,6,0,"F",1,87500,841
1565459,20,0,0,5,0,"F",1,162500,842
1565552,20,0,0,3,0,"F",1,187500,843
1565565,20,0,0,4,0,"M",0,112500,844
1565621,20,0,0,5,1,"F",1,42500,845
1566766,20,0,0,6,0,"F",1,62500,846
1566910,20,0,0,5,0,"M",0,42500,847
1567216,20,0,0,8,2,"F",1,112500,848
1567225,20,0,0,8,0,"F",1,42500,849
1567585,20,0,0,6,1,"M",0,87500,850
1568736,20,0,0,5,0,"F",1,137500,851
1569143,20,1,0,8,2,"F",1,87500,852
1569250,20,0,0,5,1,"M",0,7500,853
1570352,20,0,0,7,1,"F",1,62500,854
1570791,20,0,0,7,1,"F",1,112500,855
1571168,20,0,0,7,0,"F",1,42500,856
1571704,20,0,0,6,0,"F",1,42500,857
1572013,20,0,0,5,0,"F",1,87500,858
1572475,20,0,0,7,0,"F",1,87500,859
1572791,20,0,0,3,0,"F",0,137500,860
1572826,20,0,0,5,1,"F",1,87500,861
1572876,20,0,0,3,1,"M",0,20000,862
1573368,20,0,0,5,0,"M",0,62500,863
1573406,20,0,0,1.85227274894714,0,"F",1,87500,864
1573782,20,0,0,5,0,"F",1,112500,865
1573961,20,0,0,6,0,"M",1,62500,866
1574217,20,0,0,6,0,"M",1,187500,867
1574944,20,0,0,7,0,"F",1,87500,868
1575622,20,0,0,4,0,"F",1,137500,869
1575638,20,0,0,7,0,"F",1,87500,870
1575664,20,1,0,4,2,"F",0,20000,871
1576304,20,0,0,8,1,"M",1,250000,872
1576669,20,0,0,6,3,"F",1,112500,873
1576876,20,0,0,4,0,"F",1,137500,874
1576998,20,0,0,5,1,"F",1,250000,875
1577505,20,0,0,5,0,"M",0,20000,876
1577931,20,1,0,7,2,"F",0,112500,877
1580292,20,0,0,6,0,"F",1,250000,878
1580324,20,0,0,6,1,"M",1,87500,879
1580380,20,0,0,6,0,"F",1,187500,880
1580422,20,0,0,1.49230766296387,1,"M",1,225000,881
1580699,20,0,0,5,0,"M",1,30000,882
1581113,20,0,0,5,0,"F",0,112500,883
1581720,20,0,0,6,0,"F",1,250000,884
1582050,20,1,0,6,4,"F",1,137500,885
1582294,20,2,0,5,3,"F",1,250000,886
1582445,20,0,0,4,0,"F",1,137500,887
1582970,20,0,0,1,0,"F",1,187500,888
1583212,20,0,0,7,0,"F",1,250000,889
1583903,20,0,0,7,2,"F",1,250000,890
1583918,20,0,0,7,2,"F",0,162500,891
1584353,20,0,0,5,0,"F",0,87500,892
1584557,20,0,0,5,0,"F",1,62500,893
1584736,20,0,0,7,1,"F",0,87500,894
1584822,20,0,0,6,0,"F",1,62500,895
1585152,20,0,0,7,1,"F",1,30000,896
1586387,20,0,0,7,0,"F",1,187500,897
1586988,20,0,0,5,0,"F",1,87500,898
1587401,20,0,0,6,0,"F",1,87500,899
1587615,20,0,0,7,0,"F",1,30000,900
1587812,20,0,0,5,0,"F",1,225000,901
1588035,20,0,0,2,0,"F",1,112500,902
1588596,20,0,0,9,5,"M",1,137500,903
1588827,20,0,0,3,0,"M",1,137500,904
1588865,20,1,0,4,1,"M",1,112500,905
1589682,20,0,0,7,0,"F",1,250000,906
1589774,20,0,0,5,0,"M",1,62500,907
1590492,20,0,0,5,1,"M",1,250000,908
1590674,20,1,0,6,1,"F",1,20000,909
1590711,20,0,0,5,0,"F",1,187500,910
1590921,20,0,0,7,3,"F",1,250000,911
1590969,20,0,0,8,0,"F",0,42500,912
1591056,20,0,0,1,3,"F",1,225000,913
1591165,20,0,0,1,0,"F",1,250000,914
1591251,20,0,0,5,0,"F",0,87500,915
1591366,20,0,0,7,0,"M",1,250000,916
1591670,20,0,0,11,0,"M",1,137500,917
1591722,20,0,0,6,1,"F",0,62500,918
1591917,20,0,0,6,0,"F",1,187500,919
1591990,20,0,0,3,0,"M",0,42500,920
1592216,20,0,0,5,3,"F",1,62500,921
1592278,20,0,0,6,0,"F",1,187500,922
1592293,20,0,0,8,2,"F",1,112500,923
1592707,20,1,0,7,1,"F",1,250000,924
1592744,20,0,0,6,0,"F",0,112500,925
1592908,20,0,0,6,1,"F",1,87500,926
1593038,20,0,0,8,1,"F",1,112500,927
1593301,20,0,0,7,0,"M",1,62500,928
1593487,20,0,0,9,3,"M",1,87500,929
1593651,20,0,0,5,0,"F",1,42500,930
1593813,20,0,0,9,0,"F",0,20000,931
1594152,20,0,0,7,0,"F",1,87500,932
1594307,20,0,0,6,0,"F",0,87500,933
1594407,20,0,0,6,0,"F",1,187500,934
1594775,20,0,0,7,0,"F",1,42500,935
1596452,20,0,0,8,0,"F",1,112500,936
1596829,20,0,0,5,2,"M",1,112500,937
1597491,20,1,0,7,1,"F",1,42500,938
1598463,20,0,0,6,1,"F",1,62500,939
1598633,20,0,0,7,0,"F",1,112500,940
1598919,20,0,0,2,0,"F",0,62500,941
1599722,20,0,0,7,0,"M",1,42500,942
1599748,20,0,0,5,0,"F",0,7500,943
1601262,20,0,0,7,0,"F",1,62500,944
1601710,20,0,0,5,0,"F",1,87500,945
1601726,20,1,0,6,1,"F",1,87500,946
1602013,20,0,0,3,0,"F",0,42500,947
1602093,20,0,0,3,0,"M",1,42500,948
1602541,20,0,0,4,0,"M",1,112500,949
1603217,20,0,0,7,0,"F",1,62500,950
1603225,20,0,0,5,1,"F",0,225000,951
1603429,20,0,0,5,0,"F",1,62500,952
1604015,20,0,0,7,1,"F",1,62500,953
1604126,20,0,0,4,0,"F",1,112500,954
1604128,20,0,0,6,2,"F",0,187500,955
1604268,20,0,0,2.06578946113586,0,"F",1,62500,956
1604528,20,0,0,5,0,"F",1,112500,957
1605044,20,0,0,8,1,"F",1,225000,958
1605048,20,0,0,5,0,"F",1,187500,959
1605961,20,1,0,4,1,"F",0,112500,960
1608086,20,0,0,5,0,"F",0,112500,961
1608536,20,0,0,7,0,"M",1,87500,962
1608611,20,0,0,5,2,"F",1,62500,963
1608612,20,0,0,11,1,"F",0,20000,964
1608644,20,0,0,7,0,"F",0,250000,965
1609138,20,0,0,1.7922078371048,0,"F",1,112500,966
1609335,20,0,0,6,1,"F",1,87500,967
1609688,20,0,0,4,0,"F",0,42500,968
1609694,20,0,0,5,0,"M",1,42500,969
1609742,20,0,0,8,2,"F",1,20000,970
1610234,20,0,0,5,0,"F",1,42500,971
1610404,20,0,0,8,1,"M",0,62500,972
1611512,20,0,0,5,0,"F",1,30000,973
1611563,20,0,0,3,0,"F",1,250000,974
1612208,20,0,0,9,0,"M",1,187500,975
1612444,20,0,0,7,0,"F",1,250000,976
1612702,20,0,0,5,0,"F",1,137500,977
1612863,20,0,0,6,0,"F",0,42500,978
1612987,20,0,0,9,4,"F",0,187500,979
1613295,20,1,0,12,2,"F",1,7500,980
1613630,20,0,0,5,0,"F",1,137500,981
1613669,20,0,0,8,0,"F",1,225000,982
1613754,20,0,0,5,0,"F",1,250000,983
1613787,20,0,0,8,0,"M",1,187500,984
1614408,20,0,0,4,1,"F",1,225000,985
1614896,20,0,0,4,0,"F",0,112500,986
1614950,20,0,0,6,3,"F",1,62500,987
1614982,20,0,0,7,2,"M",0,62500,988
1615046,20,0,0,5,3,"F",0,42500,989
1615126,20,0,0,4,0,"M",1,112500,990
1616126,20,0,0,2,1,"F",1,112500,991
1616413,20,0,0,3,1,"F",1,42500,992
1617245,20,1,0,7,4,"F",0,30000,993
1617490,20,0,0,4,0,"F",1,187500,994
1617675,20,0,0,7,0,"F",0,87500,995
1617709,20,0,0,1,0,"F",1,62500,996
1618855,20,0,0,2,0,"F",0,62500,997
1619223,20,0,0,7,2,"F",1,20000,998
1620927,20,0,0,3,2,"M",0,112500,999
1620942,20,0,0,5,0,"F",1,20000,1000
117514,21,0,0,8,0,"F",0,42500,1
287398,21,0,0,6,1,"F",0,42500,2
469734,21,0,0,9,0,"F",1,250000,3
1054974,21,0,0,6,0,"F",1,137500,4
1060246,21,0,0,11,0,"F",1,62500,5
1061355,21,0,0,8,0,"F",1,87500,6
1061649,21,0,0,5,0,"M",1,225000,7
1062171,21,0,0,7,0,"F",1,250000,8
1063617,21,0,0,7,0,"F",1,250000,9
1068288,21,0,0,10,0,"F",0,30000,10
1071414,21,0,0,8,0,"F",1,62500,11
1077480,21,2,0,5,2,"F",0,62500,12
1081075,21,0,0,7,1,"F",1,250000,13
1081928,21,0,0,8,2,"F",1,62500,14
1082351,21,0,0,3,0,"F",0,30000,15
1087152,21,0,0,7,0,"F",1,187500,16
1089142,21,0,0,7,0,"F",1,87500,17
1091840,21,0,0,7,0,"F",1,30000,18
1094021,21,0,0,3,0,"F",1,87500,19
1094281,21,0,0,2,0,"F",1,62500,20
1100417,21,0,0,10,0,"F",1,62500,21
1100757,21,0,0,5,2,"F",0,112500,22
1102828,21,0,0,9,2,"F",0,62500,23
1103923,21,0,0,2,0,"F",1,225000,24
1107037,21,0,0,6,0,"F",1,112500,25
1108749,21,0,0,8,1,"F",0,87500,26
1108764,21,0,0,7,0,"F",0,62500,27
1111628,21,0,0,6,0,"F",1,137500,28
1111718,21,0,0,6,1,"F",1,112500,29
1114150,21,0,0,5,0,"F",0,30000,30
1117270,21,0,0,3,0,"M",1,20000,31
1120531,21,1,0,9,1,"F",1,62500,32
1122158,21,0,0,10,2,"F",0,62500,33
1128451,21,0,0,7,0,"F",1,42500,34
1136393,21,0,0,8,1,"F",0,112500,35
1136784,21,0,0,11,0,"M",0,225000,36
1139371,21,0,0,4,0,"F",0,42500,37
1139886,21,0,0,6,0,"F",1,112500,38
1144195,21,0,0,7,0,"M",1,250000,39
1144979,21,0,0,12,0,"F",1,112500,40
1145339,21,0,0,12,1,"F",1,62500,41
1145483,21,0,0,5,0,"F",0,7500,42
1146117,21,0,0,6,0,"M",0,87500,43
1147315,21,0,0,12,2,"F",1,187500,44
1148446,21,0,0,11,0,"F",0,20000,45
1149897,21,0,0,3,0,"M",0,30000,46
1149964,21,0,0,8,1,"F",1,42500,47
1150751,21,0,0,5,2,"M",0,7500,48
1150797,21,0,0,9,1,"F",1,162500,49
1151559,21,0,0,8,0,"F",1,112500,50
1151769,21,0,0,9,0,"F",0,112500,51
1152166,21,0,0,8,0,"M",1,137500,52
1152366,21,0,0,6,1,"F",1,87500,53
1153528,21,1,0,8,1,"M",1,62500,54
1153766,21,0,0,7,1,"F",1,162500,55
1155123,21,0,0,3,0,"F",1,112500,56
1156205,21,0,0,12,0,"F",0,112500,57
1156827,21,0,0,9,0,"F",0,7500,58
1157198,21,0,0,4,0,"F",1,20000,59
1165832,21,0,0,7,0,"F",0,62500,60
1166157,21,2,0,19,4,"F",0,137500,61
1167911,21,0,0,7,0,"F",1,87500,62
1168134,21,0,0,10,0,"F",0,162500,63
1168271,21,0,0,8,2,"F",1,112500,64
1171923,21,0,0,8,1,"F",0,62500,65
1172112,21,1,0,6,1,"F",0,20000,66
1174038,21,0,0,8,0,"M",1,112500,67
1174562,21,0,0,9,0,"F",1,62500,68
1174985,21,0,0,9,1,"F",1,62500,69
1176048,21,1,0,7,1,"F",1,62500,70
1179432,21,0,0,9,0,"F",1,87500,71
1179878,21,0,0,4,1,"M",1,62500,72
1180407,21,0,0,6,1,"F",0,62500,73
1180590,21,0,0,6,0,"F",0,112500,74
1180640,21,0,0,5,0,"F",1,62500,75
1181283,21,0,1,6,0,"F",1,62500,76
1181372,21,0,0,1,0,"M",1,62500,77
1181576,21,0,0,5,1,"F",1,87500,78
1182877,21,0,0,5,2,"M",1,62500,79
1184139,21,0,0,7,0,"F",1,20000,80
1184169,21,0,0,6,1,"F",1,112500,81
1184297,21,0,0,6,0,"M",1,112500,82
1184913,21,0,0,3,0,"F",1,87500,83
1185813,21,0,0,2,0,"M",1,87500,84
1185876,21,0,0,2,0,"F",1,137500,85
1186126,21,0,0,8,0,"F",1,62500,86
1187131,21,0,0,4,1,"M",0,42500,87
1187232,21,0,0,7,0,"F",0,62500,88
1187420,21,0,0,8,4,"F",1,87500,89
1187873,21,0,0,9,1,"M",1,112500,90
1187978,21,0,0,6,1,"F",1,62500,91
1188069,21,0,0,6,1,"F",1,162500,92
1188761,21,0,0,7,1,"F",1,162500,93
1188833,21,0,0,7,1,"F",1,62500,94
1189258,21,0,0,8,0,"F",1,225000,95
1189412,21,0,0,3,0,"F",1,20000,96
1189715,21,0,0,4,0,"M",1,162500,97
1189764,21,0,0,3,0,"F",1,137500,98
1190134,21,0,0,5,1,"F",0,20000,99
1190711,21,0,0,8,1,"F",1,162500,100
1191253,21,0,0,6,0,"F",0,62500,101
1191595,21,0,0,9,1,"F",1,62500,102
1191968,21,0,0,3,0,"F",1,112500,103
1192704,21,0,0,8,0,"F",1,62500,104
1192874,21,0,0,8,0,"F",1,62500,105
1193114,21,0,0,7,0,"F",1,162500,106
1193232,21,0,0,5,0,"M",1,112500,107
1193743,21,0,0,6,0,"F",1,20000,108
1193751,21,0,0,6,0,"F",0,42500,109
1193787,21,0,0,6,0,"F",1,62500,110
1194121,21,0,0,4,0,"F",0,42500,111
1194319,21,0,0,7,0,"F",0,62500,112
1194477,21,0,0,10,1,"F",1,112500,113
1195243,21,0,0,9,0,"F",1,62500,114
1195315,21,0,0,7,0,"M",1,112500,115
1195629,21,0,0,8,0,"M",1,62500,116
1196370,21,1,0,9,1,"F",0,137500,117
1196373,21,0,0,5,0,"F",1,87500,118
1196532,21,0,0,9,0,"F",1,112500,119
1196672,21,0,0,7,0,"F",0,62500,120
1196715,21,0,0,10,0,"F",1,62500,121
1196867,21,0,0,7,0,"F",1,62500,122
1197628,21,0,0,6,0,"M",0,137500,123
1198131,21,0,0,5,0,"F",0,42500,124
1198229,21,0,0,8,0,"F",1,62500,125
1198340,21,0,0,2,0,"F",1,112500,126
1198656,21,0,0,3,0,"F",0,42500,127
1198936,21,0,0,9,0,"M",0,162500,128
1199872,21,1,0,7,1,"F",0,87500,129
1202556,21,0,0,9,1,"F",1,62500,130
1204291,21,0,0,2,0,"F",0,20000,131
1204517,21,0,0,9,2,"F",1,62500,132
1204703,21,0,0,5,0,"F",0,87500,133
1205899,21,0,0,6,0,"F",1,162500,134
1207119,21,1,0,2,1,"F",1,62500,135
1208107,21,1,0,4,2,"F",1,112500,136
1208888,21,0,0,1,0,"F",0,20000,137
1209486,21,0,0,7,0,"F",1,62500,138
1209955,21,0,0,6,2,"M",1,225000,139
1210800,21,0,0,7,0,"F",1,250000,140
1211027,21,0,0,6,0,"F",1,112500,141
1211068,21,0,0,13,0,"F",0,250000,142
1211288,21,0,0,7,0,"F",0,7500,143
1211807,21,0,0,2,0,"F",1,42500,144
1212464,21,0,0,9,1,"F",0,42500,145
1213078,21,0,0,7,0,"F",1,250000,146
1213693,21,0,0,8,0,"F",1,162500,147
1216811,21,1,0,6,1,"F",1,162500,148
1217376,21,1,0,11,3,"F",1,137500,149
1217401,21,0,0,6,0,"F",0,62500,150
1221162,21,1,0,9,1,"F",1,62500,151
1222034,21,0,0,7,1,"M",1,87500,152
1222561,21,0,0,5,0,"F",1,62500,153
1224353,21,1,0,6,2,"F",1,87500,154
1224379,21,0,0,8,0,"F",1,162500,155
1225029,21,0,0,5,2,"F",1,62500,156
1225288,21,0,0,6,0,"F",1,112500,157
1225581,21,0,0,7,2,"F",1,30000,158
1226932,21,1,0,9,2,"F",1,87500,159
1226943,21,0,0,10,2,"F",1,162500,160
1227191,21,0,0,7,0,"F",1,112500,161
1227743,21,0,0,9,2,"F",0,62500,162
1228628,21,0,0,8,0,"F",1,62500,163
1228793,21,0,0,9,4,"F",0,87500,164
1229147,21,0,0,8,0,"F",1,87500,165
1229564,21,0,0,8,0,"F",1,62500,166
1229612,21,0,0,8,0,"M",1,187500,167
1229771,21,0,0,8,2,"F",1,87500,168
1229884,21,0,0,4,0,"F",1,112500,169
1230105,21,1,0,9,1,"F",1,137500,170
1230445,21,0,0,6,0,"F",1,62500,171
1230648,21,0,0,5,0,"F",1,87500,172
1230860,21,0,0,7,0,"F",1,62500,173
1231637,21,0,0,4,0,"F",1,112500,174
1233436,21,0,0,6,0,"F",0,162500,175
1233553,21,0,0,10,1,"F",1,112500,176
1234916,21,1,0,8,2,"M",1,62500,177
1237257,21,0,0,8,1,"F",1,62500,178
1237667,21,0,0,5,0,"F",1,87500,179
1238108,21,0,0,6,1,"F",1,42500,180
1238707,21,0,0,6,1,"F",1,62500,181
1238904,21,0,0,7,0,"M",1,87500,182
1239286,21,0,0,5,0,"F",1,250000,183
1239623,21,0,0,6,1,"F",0,42500,184
1239849,21,0,0,4,1,"F",1,112500,185
1239936,21,0,0,2,0,"F",0,7500,186
1240102,21,0,0,8,0,"F",0,62500,187
1241439,21,0,0,6,0,"F",1,112500,188
1241595,21,1,0,6,2,"F",1,62500,189
1241711,21,0,0,6,1,"F",1,87500,190
1242022,21,0,0,5,2,"F",1,62500,191
1242223,21,0,0,7,1,"M",1,137500,192
1242542,21,0,0,3,0,"M",1,137500,193
1243937,21,1,0,8,1,"F",1,87500,194
1244277,21,0,0,3,0,"F",0,112500,195
1245286,21,0,0,5,0,"F",1,62500,196
1246704,21,0,0,8,0,"F",1,87500,197
1247392,21,1,0,9,2,"F",1,87500,198
1248826,21,0,0,8,0,"F",1,87500,199
1249794,21,0,0,8,0,"F",0,137500,200
1250074,21,0,0,4,1,"F",0,87500,201
1250242,21,0,0,6,0,"F",0,250000,202
1250577,21,0,0,8,0,"F",1,62500,203
1250585,21,0,0,8,0,"F",1,187500,204
1250879,21,0,0,3,0,"F",1,137500,205
1250899,21,0,0,9,0,"M",1,112500,206
1251138,21,0,0,6,0,"M",1,137500,207
1251550,21,1,0,6,1,"F",1,62500,208
1251623,21,0,0,5,1,"F",1,7500,209
1251804,21,0,0,3,2,"F",0,137500,210
1251816,21,0,0,7,0,"F",1,137500,211
1252257,21,0,0,8,2,"F",0,87500,212
1252297,21,0,0,6,0,"M",1,62500,213
1252403,21,0,0,8,0,"M",1,62500,214
1252534,21,0,0,7,0,"F",1,187500,215
1252759,21,0,0,8,0,"F",1,137500,216
1252878,21,0,0,5,0,"F",1,137500,217
1254168,21,0,0,7,1,"F",1,62500,218
1254684,21,0,0,8,0,"M",1,112500,219
1258925,21,0,0,8,0,"F",1,42500,220
1259640,21,0,0,7,0,"M",1,87500,221
1259672,21,0,0,8,1,"F",1,62500,222
1259740,21,0,0,7,0,"F",1,30000,223
1262332,21,0,0,8,0,"F",1,87500,224
1262373,21,0,0,7,1,"F",1,250000,225
1262926,21,0,0,6,0,"F",1,62500,226
1263058,21,0,0,6,0,"F",0,137500,227
1263919,21,0,0,4,0,"M",0,30000,228
1264065,21,0,0,7,0,"F",1,187500,229
1264317,21,0,0,6,0,"F",1,187500,230
1264505,21,0,0,7,0,"F",1,87500,231
1264703,21,0,0,7,1,"F",0,30000,232
1265443,21,0,0,6,0,"F",0,20000,233
1265755,21,0,0,8,0,"F",1,112500,234
1265835,21,0,0,6,1,"F",1,112500,235
1265892,21,0,0,6,0,"F",0,187500,236
1266201,21,0,0,1,0,"F",1,187500,237
1268413,21,0,0,7,0,"F",1,62500,238
1269756,21,0,0,9,0,"F",1,62500,239
1269824,21,0,0,5,0,"M",0,30000,240
1273931,21,0,0,8,0,"F",1,20000,241
1275308,21,0,0,7,1,"M",1,87500,242
1275698,21,0,0,5,0,"F",1,87500,243
1275888,21,0,0,4,0,"F",1,137500,244
1276784,21,0,0,6,0,"F",0,20000,245
1277335,21,0,0,5,0,"F",1,42500,246
1279299,21,0,0,3,0,"M",1,87500,247
1279847,21,0,0,7,0,"F",1,42500,248
1280469,21,0,0,9,0,"F",0,7500,249
1281674,21,0,0,7,1,"F",0,137500,250
1285561,21,0,0,8,0,"F",1,250000,251
1286058,21,0,0,6,0,"F",1,250000,252
1286676,21,0,0,7,1,"M",1,225000,253
1287337,21,0,0,8,0,"F",0,62500,254
1288054,21,0,0,7,0,"F",1,42500,255
1288246,21,0,0,5,0,"F",0,62500,256
1288502,21,0,0,7,0,"M",0,137500,257
1288666,21,0,0,5,0,"F",1,62500,258
1288675,21,0,0,4,0,"F",1,20000,259
1288774,21,1,0,10,4,"F",1,187500,260
1288902,21,0,0,7,1,"F",1,87500,261
1289229,21,0,0,3,1,"F",0,112500,262
1290077,21,0,0,5,1,"F",1,87500,263
1290515,21,0,0,5,0,"F",0,87500,264
1290723,21,0,0,6,0,"F",0,30000,265
1291318,21,0,0,5,0,"F",1,42500,266
1291608,21,0,0,5,0,"F",0,30000,267
1292847,21,0,0,14,1,"F",1,42500,268
1293296,21,0,0,8,1,"F",1,30000,269
1293595,21,0,0,7,0,"F",1,62500,270
1293939,21,0,0,7,1,"F",1,250000,271
1294157,21,0,0,7,1,"F",1,62500,272
1294200,21,0,0,8,0,"F",1,62500,273
1294399,21,0,0,7,0,"F",0,30000,274
1294837,21,0,0,8,2,"F",0,62500,275
1297008,21,0,0,6,0,"F",0,7500,276
1297323,21,0,0,7,3,"F",0,7500,277
1297452,21,0,0,9,0,"M",1,87500,278
1297615,21,0,0,5,0,"F",0,20000,279
1297678,21,0,0,9,0,"M",1,62500,280
1298036,21,0,0,9,1,"F",0,7500,281
1298136,21,1,0,10,2,"M",0,30000,282
1298614,21,0,0,8,0,"F",1,62500,283
1300363,21,0,0,7,0,"M",1,42500,284
1300457,21,0,0,2,0,"M",1,42500,285
1301237,21,0,0,5,0,"F",1,20000,286
1301332,21,0,0,8,0,"M",1,42500,287
1301620,21,0,0,6,0,"F",1,87500,288
1302173,21,0,0,8,1,"F",1,225000,289
1302216,21,0,0,5,0,"F",1,62500,290
1302375,21,0,0,7,1,"F",1,87500,291
1303092,21,0,0,6,0,"F",1,62500,292
1303908,21,0,0,7,0,"M",1,87500,293
1304518,21,1,0,6,2,"F",1,87500,294
1304751,21,0,0,6,0,"F",0,30000,295
1306505,21,0,0,9,0,"F",0,62500,296
1307675,21,0,0,11,0,"F",1,62500,297
1307821,21,0,1,8,0,"M",1,42500,298
1310138,21,0,0,8,0,"F",1,62500,299
1310269,21,0,0,8,0,"F",0,112500,300
1311143,21,0,0,6,0,"M",0,62500,301
1311172,21,0,0,6,1,"M",1,137500,302
1311388,21,0,0,7,1,"M",0,20000,303
1312227,21,0,0,6,0,"F",0,62500,304
1313291,21,1,0,6,1,"F",1,162500,305
1313396,21,0,0,9,0,"F",0,30000,306
1313735,21,0,0,7,0,"F",1,20000,307
1313856,21,0,0,7,1,"F",0,20000,308
1314520,21,1,0,8,1,"F",1,62500,309
1314682,21,0,0,3,0,"F",0,20000,310
1314969,21,0,0,9,0,"F",0,87500,311
1315946,21,0,0,8,0,"F",0,62500,312
1317054,21,0,0,8,0,"F",0,7500,313
1317356,21,0,0,6,0,"F",1,62500,314
1318696,21,0,0,3,0,"F",0,62500,315
1318996,21,0,0,7,1,"F",1,62500,316
1319548,21,0,0,6,0,"F",0,20000,317
1319613,21,0,0,10,0,"F",0,137500,318
1319738,21,0,0,6,0,"F",1,137500,319
1320734,21,1,0,10,1,"F",1,20000,320
1320750,21,0,0,7,0,"F",0,7500,321
1322205,21,0,0,2,0,"F",1,62500,322
1322235,21,0,0,6,1,"F",0,62500,323
1322521,21,0,0,8,0,"M",1,42500,324
1322942,21,0,0,7,0,"F",1,87500,325
1323304,21,0,0,10,1,"F",1,162500,326
1323359,21,0,0,9,1,"M",0,187500,327
1323491,21,0,0,6,1,"F",1,250000,328
1323698,21,0,0,5,0,"M",0,250000,329
1323962,21,0,0,8,0,"M",1,62500,330
1324251,21,0,0,8,0,"F",0,20000,331
1324843,21,0,0,8,0,"F",1,87500,332
1325556,21,0,0,3,0,"F",0,20000,333
1327146,21,0,0,8,1,"F",1,162500,334
1328158,21,0,0,7,0,"F",1,62500,335
1328623,21,0,0,7,0,"M",1,30000,336
1328832,21,0,0,4,1,"F",1,187500,337
1329574,21,0,0,7,0,"F",0,42500,338
1330046,21,0,0,5,0,"F",1,112500,339
1330272,21,0,0,8,0,"F",1,137500,340
1330497,21,0,0,5,1,"F",1,162500,341
1331244,21,0,0,7,0,"F",0,30000,342
1331261,21,0,0,3,0,"F",0,7500,343
1331950,21,1,0,9,3,"F",1,62500,344
1333858,21,1,0,7,1,"F",1,112500,345
1335680,21,0,0,3,0,"F",1,62500,346
1335920,21,1,0,6,2,"F",1,42500,347
1335980,21,0,0,5,0,"F",0,20000,348
1336426,21,0,0,5,0,"F",0,20000,349
1336946,21,0,0,6,0,"M",1,20000,350
1338200,21,0,0,6,0,"F",1,162500,351
1338378,21,0,0,6,0,"F",1,225000,352
1339574,21,0,0,7,1,"F",1,42500,353
1339822,21,0,0,6,1,"F",1,112500,354
1340176,21,0,0,7,1,"M",1,42500,355
1340267,21,1,0,6,1,"F",0,42500,356
1341891,21,0,0,8,0,"F",0,62500,357
1342799,21,1,0,6,2,"F",0,62500,358
1343216,21,0,0,7,0,"F",0,187500,359
1344265,21,0,0,5,0,"F",0,87500,360
1344499,21,0,0,8,0,"F",1,87500,361
1344614,21,1,0,6,1,"M",1,225000,362
1345984,21,0,0,9,1,"F",1,112500,363
1346234,21,0,0,7,0,"F",0,162500,364
1347945,21,0,0,8,0,"F",0,112500,365
1348467,21,0,0,10,0,"F",0,87500,366
1348663,21,0,0,8,0,"F",1,62500,367
1348726,21,1,0,7,1,"F",1,62500,368
1349285,21,0,0,7,0,"F",0,42500,369
1349428,21,0,0,6,0,"F",1,87500,370
1349951,21,1,0,7,1,"F",1,20000,371
1350291,21,0,0,8,0,"M",1,87500,372
1350434,21,0,0,8,1,"F",1,162500,373
1351173,21,0,0,3,0,"F",0,87500,374
1351468,21,0,0,8,0,"F",1,7500,375
1351509,21,0,0,4,0,"F",1,62500,376
1351586,21,0,0,6,1,"F",1,162500,377
1351796,21,1,0,9,2,"F",1,7500,378
1352046,21,0,0,10,0,"F",1,87500,379
1352301,21,0,0,6,0,"F",1,42500,380
1352756,21,0,0,8,0,"F",1,62500,381
1352986,21,0,0,7,2,"F",1,42500,382
1353809,21,0,0,12,1,"F",1,112500,383
1353961,21,1,0,7,1,"F",0,20000,384
1354452,21,0,0,7,2,"F",1,62500,385
1354598,21,0,0,4,0,"F",0,42500,386
1354602,21,0,0,6,0,"M",1,62500,387
1354673,21,0,0,7,1,"F",0,7500,388
1355604,21,0,0,6,0,"M",1,7500,389
1356206,21,0,0,8,2,"F",1,62500,390
1358021,21,0,0,8,1,"F",1,112500,391
1358933,21,0,0,9,0,"F",0,112500,392
1361465,21,0,0,3,0,"F",0,137500,393
1362107,21,0,0,4,0,"M",1,162500,394
1363023,21,1,0,8,1,"F",1,30000,395
1363370,21,0,0,4,1,"M",1,62500,396
1364059,21,0,0,8,0,"M",1,112500,397
1366217,21,0,0,5,2,"M",0,112500,398
1366244,21,0,0,7,0,"F",0,112500,399
1367411,21,0,0,7,1,"F",1,20000,400
1367420,21,0,0,15,1,"F",1,162500,401
1368140,21,0,0,6,3,"F",1,62500,402
1368385,21,0,0,3,1,"M",1,162500,403
1369918,21,0,0,7,0,"F",1,87500,404
1372221,21,0,0,5,2,"F",1,7500,405
1372333,21,0,0,5,2,"F",1,62500,406
1374105,21,0,0,6,0,"F",0,7500,407
1374132,21,0,0,9,0,"M",1,62500,408
1374680,21,0,0,8,0,"F",1,62500,409
1375113,21,0,0,8,0,"F",1,87500,410
1376245,21,0,0,1,1,"F",0,62500,411
1377492,21,1,0,6,2,"F",1,137500,412
1377719,21,0,0,8,0,"F",1,137500,413
1378071,21,0,0,8,2,"F",0,62500,414
1378409,21,0,0,8,1,"F",1,62500,415
1380721,21,0,0,6,0,"F",1,42500,416
1381136,21,1,0,8,1,"F",1,62500,417
1381384,21,1,0,7,1,"F",1,162500,418
1381552,21,0,0,7,1,"M",1,87500,419
1381639,21,0,0,9,2,"F",1,225000,420
1381711,21,0,0,6,0,"F",1,87500,421
1382137,21,0,0,8,0,"F",1,112500,422
1382624,21,0,0,8,1,"F",1,62500,423
1382975,21,0,0,8,0,"F",1,112500,424
1384230,21,0,0,7,0,"F",1,137500,425
1384341,21,0,0,10,0,"F",0,137500,426
1385468,21,0,0,7,2,"F",1,250000,427
1385831,21,0,0,6,0,"F",1,42500,428
1386066,21,0,0,4,0,"F",1,112500,429
1386120,21,0,0,6,0,"F",1,42500,430
1387428,21,0,0,6,0,"F",0,62500,431
1387588,21,0,0,7,1,"F",1,42500,432
1388210,21,0,0,7,0,"M",1,62500,433
1388355,21,0,0,9,0,"F",1,62500,434
1388513,21,0,0,6,0,"F",1,162500,435
1388833,21,1,0,8,3,"F",0,42500,436
1389030,21,0,0,8,0,"F",1,62500,437
1389384,21,0,0,7,1,"F",0,42500,438
1389406,21,0,0,6,0,"F",1,87500,439
1389477,21,0,0,8,0,"F",1,62500,440
1390351,21,0,0,7,0,"M",1,162500,441
1392387,21,0,0,7,0,"F",0,87500,442
1393255,21,0,0,9,0,"F",1,87500,443
1393466,21,0,0,6,0,"M",1,87500,444
1393929,21,0,0,9,0,"F",1,225000,445
1394027,21,0,0,2,0,"F",1,162500,446
1395064,21,2,0,9,2,"F",1,162500,447
1395309,21,0,0,6,1,"F",0,42500,448
1395394,21,0,0,9,1,"F",0,7500,449
1396474,21,0,0,3,0,"F",1,62500,450
1396597,21,0,0,9,0,"F",1,87500,451
1396618,21,0,0,8,0,"F",1,87500,452
1396830,21,0,0,7,0,"F",1,87500,453
1397814,21,0,0,6,0,"M",1,137500,454
1398493,21,0,0,3,0,"F",1,87500,455
1398606,21,0,0,6,1,"M",1,20000,456
1399233,21,1,0,4,1,"F",0,42500,457
1399269,21,0,0,9,0,"F",1,62500,458
1399329,21,0,0,9,1,"F",1,112500,459
1401246,21,0,0,4,0,"F",1,42500,460
1401458,21,0,0,6,0,"F",1,62500,461
1403021,21,0,0,6,0,"F",1,112500,462
1403631,21,0,0,8,0,"F",1,62500,463
1403972,21,0,0,13,3,"F",1,162500,464
1404355,21,0,0,6,0,"F",1,87500,465
1404418,21,0,0,7,0,"F",1,42500,466
1404842,21,0,0,6,1,"M",1,112500,467
1405544,21,0,0,8,1,"F",0,20000,468
1406907,21,0,0,5,1,"F",1,87500,469
1408575,21,0,0,8,0,"M",0,30000,470
1410385,21,1,0,6,3,"F",1,162500,471
1411418,21,0,0,7,0,"M",1,87500,472
1412397,21,0,0,9,1,"M",1,42500,473
1412511,21,0,0,2,0,"F",1,42500,474
1412646,21,0,0,15,1,"F",1,162500,475
1413182,21,0,0,8,0,"F",1,112500,476
1413837,21,0,0,3,0,"F",1,225000,477
1413925,21,0,0,9,1,"F",0,62500,478
1414361,21,1,0,5,2,"F",1,112500,479
1414857,21,0,0,6,0,"M",1,162500,480
1414873,21,0,0,3,1,"F",1,112500,481
1415098,21,0,0,12,1,"F",0,87500,482
1415320,21,1,0,6,2,"F",1,162500,483
1416429,21,0,0,10,2,"F",1,87500,484
1416731,21,0,0,5,0,"F",1,162500,485
1416940,21,0,0,8,0,"F",0,137500,486
1417159,21,0,0,4,0,"M",0,20000,487
1417523,21,0,0,3,0,"F",1,187500,488
1418358,21,0,0,10,1,"F",0,112500,489
1418818,21,1,1,9,1,"F",1,87500,490
1419071,21,0,0,7,1,"M",1,87500,491
1419406,21,0,0,7,0,"F",1,62500,492
1419467,21,0,0,6,1,"F",1,162500,493
1419627,21,0,0,8,0,"M",1,87500,494
1419833,21,0,0,7,0,"F",1,225000,495
1420095,21,0,0,4,0,"M",1,187500,496
1420139,21,0,0,7,3,"F",1,112500,497
1420150,21,0,0,5,0,"F",0,7500,498
1420458,21,0,0,8,2,"M",1,20000,499
1420461,21,0,0,7,0,"F",1,62500,500
1420462,21,0,0,9,1,"F",1,162500,501
1420478,21,0,0,4,0,"F",1,42500,502
1420505,21,0,0,6,0,"F",0,7500,503
1420957,21,0,0,8,0,"F",1,225000,504
1420990,21,0,0,9,2,"F",0,87500,505
1421112,21,0,0,6,1,"F",0,87500,506
1421265,21,0,0,13,1,"F",0,137500,507
1421359,21,0,0,5,1,"F",0,7500,508
1422155,21,0,0,9,2,"F",1,187500,509
1422249,21,0,0,1,0,"M",0,62500,510
1424297,21,0,0,3,0,"M",1,20000,511
1424626,21,1,0,8,2,"F",0,112500,512
1425960,21,0,0,7,0,"F",0,20000,513
1426165,21,0,0,7,0,"F",0,112500,514
1426230,21,0,0,7,0,"F",0,7500,515
1426266,21,0,0,8,0,"F",1,112500,516
1426799,21,0,0,7,0,"F",1,87500,517
1427258,21,0,0,7,0,"F",0,62500,518
1427579,21,0,0,6,0,"F",1,87500,519
1427915,21,0,0,5,0,"F",0,62500,520
1428277,21,0,0,9,0,"M",1,112500,521
1429936,21,0,0,7,3,"F",1,187500,522
1430214,21,0,0,9,0,"M",0,112500,523
1430754,21,0,0,7,0,"M",1,187500,524
1431104,21,0,0,8,0,"F",0,250000,525
1431118,21,0,0,6,0,"F",1,62500,526
1431340,21,0,0,6,0,"F",0,87500,527
1431513,21,0,0,9,0,"F",1,62500,528
1431697,21,0,0,6,0,"F",1,87500,529
1431949,21,1,0,7,1,"F",1,42500,530
1432387,21,1,0,7,1,"F",0,162500,531
1432724,21,0,0,7,1,"F",1,20000,532
1432840,21,0,0,8,0,"F",1,20000,533
1432998,21,2,0,6,3,"F",1,62500,534
1433194,21,0,0,9,0,"F",1,42500,535
1433587,21,0,0,4,0,"M",1,87500,536
1434275,21,0,0,8,0,"F",1,20000,537
1434712,21,0,0,2,0,"F",1,42500,538
1435022,21,0,0,3,0,"F",1,187500,539
1435557,21,0,0,5,0,"M",1,62500,540
1435794,21,0,0,5,0,"F",0,87500,541
1435996,21,0,1,6,0,"F",1,112500,542
1436928,21,1,0,6,1,"F",1,112500,543
1437747,21,0,0,7,0,"F",1,137500,544
1437857,21,0,0,10,2,"M",1,62500,545
1437869,21,0,0,7,0,"F",1,187500,546
1437899,21,0,0,10,0,"F",1,137500,547
1438760,21,2,0,8,3,"F",1,137500,548
1438884,21,0,0,8,0,"M",1,87500,549
1439629,21,0,0,7,0,"F",1,7500,550
1439689,21,0,0,5,1,"F",1,112500,551
1439713,21,0,0,7,2,"F",1,62500,552
1440356,21,0,0,3,0,"M",1,250000,553
1441053,21,0,0,6,0,"M",1,30000,554
1441466,21,0,0,12,0,"F",1,250000,555
1442287,21,1,0,8,1,"F",0,187500,556
1442704,21,1,0,9,1,"F",1,87500,557
1443687,21,0,0,8,0,"F",0,87500,558
1443964,21,0,0,6,0,"F",1,250000,559
1444485,21,0,0,8,1,"F",1,112500,560
1445100,21,0,0,9,0,"F",1,87500,561
1446288,21,0,0,13,0,"F",0,62500,562
1447092,21,0,0,6,0,"M",1,42500,563
1447298,21,0,0,8,1,"F",1,62500,564
1448763,21,0,0,3,0,"F",0,62500,565
1448901,21,0,0,4,0,"F",0,62500,566
1449431,21,0,0,5,0,"F",1,137500,567
1450170,21,0,0,10,1,"F",0,62500,568
1450180,21,0,0,4,0,"M",1,62500,569
1450746,21,0,0,9,1,"F",1,7500,570
1450805,21,0,0,6,0,"M",1,225000,571
1450890,21,0,0,9,2,"F",1,225000,572
1451275,21,0,0,6,0,"M",1,62500,573
1451865,21,0,0,4,0,"F",1,225000,574
1452879,21,0,0,9,0,"F",1,137500,575
1454110,21,0,0,7,0,"F",1,62500,576
1454343,21,0,0,9,0,"M",0,30000,577
1454425,21,0,0,8,0,"F",1,112500,578
1454661,21,0,0,7,0,"F",1,87500,579
1455466,21,0,0,8,2,"F",1,87500,580
1455615,21,0,0,2,0,"F",1,7500,581
1455721,21,0,0,2,1,"M",1,87500,582
1455906,21,0,0,7,0,"F",1,250000,583
1456029,21,0,0,7,0,"F",1,42500,584
1456155,21,0,0,8,0,"F",1,250000,585
1456186,21,0,0,7,0,"F",1,20000,586
1456531,21,0,0,9,2,"F",1,187500,587
1456609,21,0,0,4,0,"F",1,62500,588
1456628,21,0,0,6,0,"F",1,250000,589
1456919,21,0,1,6,0,"F",1,30000,590
1457625,21,0,0,6,0,"F",1,112500,591
1457777,21,0,0,6,0,"F",1,62500,592
1457830,21,0,0,6,0,"F",1,112500,593
1457984,21,0,0,6,0,"F",1,112500,594
1458214,21,0,0,6,1,"F",1,225000,595
1460277,21,0,0,6,0,"F",1,62500,596
1460380,21,0,0,9,1,"F",0,42500,597
1460953,21,0,0,8,1,"F",0,250000,598
1461151,21,0,0,1,1,"F",1,87500,599
1461397,21,0,0,8,0,"F",1,137500,600
1462847,21,0,0,10,0,"F",1,162500,601
1462878,21,0,0,8,0,"F",1,7500,602
1463072,21,0,0,9,1,"F",1,87500,603
1464188,21,0,0,1,0,"F",1,137500,604
1464264,21,0,0,7,0,"M",1,112500,605
1464335,21,1,0,8,2,"F",1,187500,606
1464618,21,0,0,4,0,"F",1,112500,607
1465220,21,0,0,9,0,"F",1,137500,608
1466204,21,0,0,7,0,"F",1,87500,609
1466494,21,0,0,6,2,"M",1,20000,610
1466816,21,0,0,7,1,"F",1,137500,611
1466833,21,0,0,10,2,"F",1,87500,612
1466886,21,0,0,7,1,"F",1,137500,613
1466955,21,0,0,7,1,"F",1,250000,614
1467019,21,0,0,7,0,"F",0,137500,615
1467058,21,0,0,7,0,"F",0,20000,616
1467155,21,0,0,8,1,"M",0,62500,617
1467520,21,0,0,5,0,"F",1,250000,618
1467621,21,0,0,7,0,"F",1,62500,619
1468654,21,0,0,5,1,"F",1,87500,620
1468709,21,0,0,4,0,"F",1,30000,621
1468714,21,0,0,8,2,"F",0,112500,622
1468733,21,0,0,8,4,"F",1,62500,623
1468745,21,0,0,6,0,"M",1,62500,624
1469175,21,0,0,13,1,"F",0,87500,625
1469204,21,2,0,7,2,"F",1,112500,626
1469239,21,2,0,8,2,"F",1,112500,627
1469248,21,0,0,7,2,"F",1,112500,628
1469990,21,2,0,9,3,"M",1,187500,629
1470110,21,0,0,7,0,"F",0,62500,630
1470965,21,0,0,6,0,"F",0,62500,631
1471445,21,0,0,8,1,"F",1,162500,632
1471473,21,0,0,7,1,"M",1,62500,633
1471528,21,0,0,7,0,"F",1,112500,634
1471566,21,0,0,5,1,"F",1,30000,635
1471723,21,0,0,9,0,"F",1,187500,636
1471767,21,0,0,6,0,"M",1,87500,637
1471934,21,0,0,4,0,"F",0,112500,638
1472977,21,1,0,8,3,"F",1,87500,639
1474598,21,0,0,6,0,"M",1,87500,640
1475170,21,0,0,7,0,"M",0,87500,641
1477477,21,0,0,1,0,"M",0,112500,642
1478058,21,0,0,6,0,"F",1,87500,643
1478617,21,0,0,7,0,"F",1,225000,644
1479489,21,0,0,7,0,"F",1,62500,645
1480578,21,0,0,2,0,"F",0,62500,646
1481279,21,0,0,7,0,"F",0,162500,647
1481476,21,0,0,12,1,"F",1,7500,648
1482005,21,0,0,6,2,"M",1,62500,649
1482267,21,0,0,5,0,"F",1,225000,650
1482614,21,1,0,6,2,"F",0,87500,651
1482816,21,0,0,5,0,"F",1,62500,652
1483049,21,0,0,8,1,"F",0,20000,653
1484259,21,1,0,7,1,"F",0,7500,654
1484519,21,0,0,10,1,"F",1,42500,655
1484930,21,0,0,6,0,"F",1,162500,656
1486404,21,0,0,8,0,"F",0,42500,657
1487790,21,0,0,7,0,"M",1,187500,658
1488086,21,1,0,6,1,"F",1,112500,659
1489319,21,0,0,6,0,"F",0,42500,660
1490014,21,0,0,4,0,"M",1,62500,661
1491416,21,0,0,5,0,"F",0,112500,662
1491563,21,0,0,2,0,"M",1,162500,663
1492025,21,0,0,7,1,"F",1,62500,664
1492036,21,0,0,7,1,"F",1,87500,665
1493569,21,0,0,4,0,"F",1,112500,666
1498287,21,0,0,8,1,"F",1,162500,667
1498483,21,0,0,5,2,"F",1,62500,668
1498656,21,0,0,3,1,"M",1,137500,669
1501397,21,0,0,9,1,"M",1,112500,670
1501443,21,0,0,6,1,"F",0,7500,671
1501825,21,0,0,5,0,"F",1,225000,672
1501848,21,0,0,3,0,"F",1,112500,673
1501917,21,0,0,8,1,"F",1,137500,674
1502135,21,0,0,5,0,"F",1,87500,675
1502146,21,0,0,6,0,"F",1,62500,676
1502599,21,0,0,9,1,"F",1,187500,677
1504289,21,0,0,8,0,"F",1,137500,678
1507421,21,0,0,1,0,"F",0,20000,679
1509331,21,0,0,7,0,"M",1,62500,680
1509782,21,0,0,4,1,"F",1,62500,681
1509874,21,0,0,2,1,"F",1,42500,682
1511973,21,0,0,5,0,"M",0,7500,683
1512249,21,0,0,7,0,"F",1,187500,684
1512656,21,0,0,8,1,"F",1,187500,685
1513530,21,0,0,6,0,"F",1,62500,686
1513806,21,0,0,5,0,"F",1,62500,687
1514087,21,0,0,7,0,"F",0,112500,688
1514098,21,0,0,7,0,"F",1,187500,689
1514327,21,0,0,7,0,"F",0,87500,690
1514351,21,0,0,7,1,"M",1,187500,691
1514819,21,0,0,5,0,"F",1,30000,692
1516894,21,0,0,7,1,"M",1,250000,693
1518132,21,0,0,8,1,"F",0,62500,694
1518564,21,0,0,5,0,"F",1,112500,695
1519598,21,0,0,8,0,"F",1,187500,696
1520012,21,0,0,5,0,"F",1,187500,697
1520720,21,0,0,10,0,"F",1,62500,698
1522154,21,0,0,7,0,"F",1,137500,699
1522471,21,0,0,8,1,"M",1,162500,700
1523997,21,0,0,7,1,"F",1,225000,701
1524038,21,0,0,7,0,"F",1,250000,702
1524967,21,0,0,2,0,"F",1,250000,703
1525049,21,0,0,5,0,"F",1,187500,704
1525556,21,0,0,8,0,"M",1,162500,705
1526044,21,0,0,3,3,"M",1,87500,706
1526280,21,0,0,7,0,"M",1,20000,707
1526638,21,0,0,7,0,"F",1,225000,708
1527800,21,1,0,3,1,"F",1,137500,709
1527932,21,0,0,8,0,"F",1,187500,710
1527966,21,0,0,6,0,"F",1,250000,711
1528038,21,0,0,7,1,"M",1,225000,712
1528103,21,0,0,8,2,"F",1,225000,713
1528515,21,0,0,5,1,"F",0,225000,714
1529646,21,0,0,5,0,"F",1,225000,715
1530199,21,0,0,2,0,"M",1,62500,716
1530200,21,0,0,9,1,"F",1,137500,717
1530561,21,0,0,6,1,"F",1,42500,718
1530887,21,0,0,9,2,"F",1,87500,719
1531800,21,0,0,8,1,"F",0,62500,720
1531915,21,0,0,7,0,"F",1,250000,721
1531924,21,0,0,8,0,"F",0,225000,722
1531984,21,0,0,8,0,"F",0,42500,723
1532052,21,0,0,6,0,"M",1,87500,724
1532113,21,0,0,8,1,"F",1,87500,725
1532334,21,0,0,8,1,"F",1,225000,726
1532420,21,0,0,5,0,"F",1,30000,727
1532431,21,0,0,8,1,"F",0,20000,728
1532738,21,0,0,9,0,"F",1,225000,729
1532841,21,0,0,7,1,"F",1,42500,730
1533843,21,0,0,7,3,"F",1,42500,731
1533874,21,0,0,6,0,"F",1,137500,732
1533971,21,0,0,9,2,"F",1,137500,733
1534792,21,0,0,6,0,"F",1,187500,734
1535057,21,1,0,6,3,"F",1,137500,735
1535333,21,0,0,12,2,"M",1,87500,736
1535547,21,0,0,8,0,"F",1,187500,737
1535701,21,0,0,6,0,"M",1,62500,738
1535732,21,0,0,8,1,"F",1,187500,739
1535755,21,1,0,7,1,"F",1,112500,740
1536000,21,0,0,8,0,"F",1,187500,741
1536405,21,0,0,8,0,"F",1,62500,742
1536527,21,0,0,5,0,"F",1,225000,743
1536579,21,0,0,5,1,"F",1,187500,744
1537347,21,0,0,8,1,"F",1,225000,745
1537995,21,0,0,2,0,"F",0,62500,746
1538175,21,1,0,7,1,"F",1,250000,747
1538662,21,0,0,7,2,"F",1,112500,748
1538919,21,0,0,7,0,"F",1,250000,749
1539494,21,0,0,9,0,"F",1,250000,750
1539570,21,0,0,5,0,"F",1,87500,751
1540059,21,0,0,8,0,"M",1,87500,752
1540194,21,0,0,4,0,"F",1,187500,753
1540364,21,0,0,8,0,"F",1,7500,754
1540829,21,0,0,8,0,"F",1,187500,755
1540910,21,0,0,9,3,"F",1,137500,756
1540936,21,0,0,9,0,"F",1,62500,757
1541156,21,0,0,7,0,"F",1,7500,758
1541593,21,0,0,9,2,"F",1,250000,759
1541662,21,0,0,8,0,"F",1,112500,760
1541734,21,0,0,7,0,"F",1,137500,761
1541834,21,0,0,2,0,"F",1,250000,762
1541894,21,0,0,4,0,"F",0,42500,763
1542247,21,1,0,5,1,"F",1,225000,764
1542523,21,1,0,8,3,"F",1,187500,765
1542740,21,0,0,8,2,"F",0,30000,766
1543012,21,0,0,7,2,"M",1,112500,767
1543181,21,0,0,8,1,"M",1,250000,768
1543552,21,0,0,9,0,"F",0,112500,769
1543563,21,0,0,6,1,"F",1,250000,770
1543633,21,0,0,6,0,"F",1,112500,771
1544590,21,0,0,7,0,"F",0,187500,772
1544693,21,0,0,6,0,"F",1,250000,773
1545273,21,0,0,7,1,"F",0,137500,774
1545322,21,0,0,8,0,"M",1,250000,775
1546709,21,0,0,8,0,"F",1,250000,776
1546922,21,0,0,5,0,"M",1,137500,777
1546932,21,0,0,8,1,"F",0,112500,778
1546959,21,0,0,9,1,"F",1,187500,779
1546989,21,0,0,6,0,"M",1,225000,780
1547464,21,0,0,8,0,"F",1,87500,781
1547476,21,0,1,8,0,"F",0,225000,782
1547622,21,0,0,10,2,"F",1,187500,783
1547752,21,0,0,8,1,"F",1,112500,784
1547850,21,0,0,4,1,"F",1,20000,785
1548040,21,0,0,4,0,"F",0,112500,786
1548129,21,0,0,7,0,"F",1,112500,787
1548209,21,0,0,8,0,"F",1,20000,788
1548503,21,0,0,6,0,"F",1,62500,789
1548540,21,0,0,7,0,"F",1,87500,790
1548673,21,0,0,10,1,"F",1,112500,791
1549599,21,0,0,6,0,"M",1,187500,792
1550040,21,0,0,8,0,"M",1,20000,793
1550161,21,0,0,10,0,"F",1,62500,794
1550456,21,0,0,5,2,"F",1,225000,795
1550894,21,2,0,7,2,"F",1,87500,796
1551030,21,0,0,5,0,"F",1,225000,797
1551330,21,0,0,3,1,"M",1,87500,798
1551510,21,0,0,4,0,"F",1,162500,799
1551891,21,0,0,7,1,"F",1,187500,800
1552409,21,0,0,6,0,"M",1,137500,801
1552458,21,0,0,8,0,"F",1,62500,802
1552507,21,0,0,7,1,"F",1,137500,803
1552803,21,1,0,10,2,"F",1,225000,804
1552831,21,0,0,8,0,"M",1,112500,805
1553098,21,0,0,8,6,"F",1,87500,806
1553185,21,0,0,8,0,"F",1,187500,807
1553615,21,0,0,7,1,"F",1,187500,808
1553840,21,0,0,7,2,"M",1,20000,809
1553857,21,0,0,3,1,"M",1,87500,810
1553951,21,0,0,7,0,"F",1,225000,811
1554033,21,0,0,6,0,"F",1,62500,812
1554034,21,1,0,6,2,"F",1,162500,813
1554062,21,0,0,4,1,"F",1,87500,814
1554533,21,0,0,9,0,"F",1,62500,815
1554853,21,0,0,4,0,"M",1,42500,816
1554983,21,0,0,6,0,"M",1,87500,817
1555310,21,0,0,12,0,"F",1,187500,818
1555529,21,0,0,9,1,"M",1,225000,819
1555776,21,0,0,8,1,"F",1,20000,820
1555876,21,0,0,6,1,"F",0,112500,821
1556592,21,0,0,7,0,"F",1,62500,822
1556634,21,0,0,5,0,"M",0,87500,823
1556652,21,0,0,6,0,"F",1,42500,824
1557407,21,1,0,3,1,"F",1,162500,825
1557751,21,0,0,6,0,"F",1,162500,826
1558181,21,0,0,7,1,"F",0,62500,827
1558593,21,0,0,10,0,"F",1,137500,828
1559861,21,0,0,8,0,"F",0,20000,829
1560624,21,0,0,7,0,"F",1,62500,830
1561366,21,0,0,8,1,"F",1,62500,831
1561573,21,0,0,6,0,"F",1,137500,832
1563321,21,0,0,5,1,"F",1,187500,833
1563505,21,0,0,3,0,"M",0,62500,834
1563807,21,0,0,8,1,"F",0,112500,835
1564353,21,0,0,7,0,"F",1,137500,836
1564381,21,0,0,4,0,"F",1,42500,837
1564432,21,0,0,8,0,"F",1,20000,838
1564440,21,0,0,7,0,"F",1,62500,839
1564588,21,0,0,1,0,"F",1,162500,840
1565437,21,0,0,7,0,"F",1,87500,841
1565459,21,0,0,8,0,"F",1,162500,842
1565552,21,0,0,7,0,"F",1,187500,843
1565565,21,0,0,4,0,"M",0,112500,844
1565621,21,0,0,6,0,"F",1,42500,845
1566766,21,0,0,6,0,"F",1,62500,846
1566910,21,0,0,4,0,"M",0,42500,847
1567216,21,0,0,8,0,"F",1,112500,848
1567225,21,0,0,7,0,"F",1,42500,849
1567585,21,0,0,10,1,"M",0,87500,850
1568736,21,1,0,3,1,"F",1,137500,851
1569143,21,0,0,5,0,"F",1,87500,852
1569250,21,0,0,10,0,"M",0,7500,853
1570352,21,0,0,9,1,"F",1,62500,854
1570791,21,0,0,7,1,"F",1,112500,855
1571168,21,0,0,7,0,"F",1,42500,856
1571704,21,0,0,8,1,"F",1,42500,857
1572013,21,0,0,7,0,"F",1,87500,858
1572475,21,0,0,9,0,"F",1,87500,859
1572791,21,0,0,4,0,"F",0,137500,860
1572826,21,1,0,7,1,"F",1,87500,861
1572876,21,0,0,3,0,"M",0,20000,862
1573368,21,0,0,8,0,"M",0,62500,863
1573406,21,0,0,1,0,"F",1,87500,864
1573782,21,0,0,6,0,"F",1,112500,865
1573961,21,0,0,8,0,"M",1,62500,866
1574217,21,0,0,7,1,"M",1,187500,867
1574944,21,0,0,8,0,"F",1,87500,868
1575622,21,0,0,6,1,"F",1,137500,869
1575638,21,0,0,8,1,"F",1,87500,870
1575664,21,0,0,5,0,"F",0,20000,871
1576304,21,0,0,9,1,"M",1,250000,872
1576669,21,0,0,13,0,"F",1,112500,873
1576876,21,0,0,6,0,"F",1,137500,874
1576998,21,0,0,6,0,"F",1,250000,875
1577505,21,0,0,6,0,"M",0,20000,876
1577931,21,0,0,9,0,"F",0,112500,877
1580292,21,0,0,5,0,"F",1,250000,878
1580324,21,0,0,5,1,"M",1,87500,879
1580380,21,0,0,7,0,"F",1,187500,880
1580422,21,0,0,3,0,"M",1,225000,881
1580699,21,0,0,6,0,"M",1,30000,882
1581113,21,0,0,7,0,"F",0,112500,883
1581720,21,0,0,7,1,"F",1,250000,884
1582050,21,1,0,6,1,"F",1,137500,885
1582294,21,0,0,4,0,"F",1,250000,886
1582445,21,0,0,5,0,"F",1,137500,887
1582970,21,0,0,1,0,"F",1,187500,888
1583212,21,0,0,6,0,"F",1,250000,889
1583903,21,0,0,7,0,"F",1,250000,890
1583918,21,0,0,8,0,"F",0,162500,891
1584353,21,0,0,11,0,"F",0,87500,892
1584557,21,0,0,7,0,"F",1,62500,893
1584736,21,0,0,8,0,"F",0,87500,894
1584822,21,0,0,9,0,"F",1,62500,895
1585152,21,0,0,9,0,"F",1,30000,896
1586387,21,0,0,6,0,"F",1,187500,897
1586988,21,0,0,6,0,"F",1,87500,898
1587401,21,0,0,8,2,"F",1,87500,899
1587615,21,0,0,7,0,"F",1,30000,900
1587812,21,0,0,5,0,"F",1,225000,901
1588035,21,1,0,4,2,"F",1,112500,902
1588596,21,0,0,8,2,"M",1,137500,903
1588827,21,0,0,4,0,"M",1,137500,904
1588865,21,0,0,5,0,"M",1,112500,905
1589682,21,0,0,9,0,"F",1,250000,906
1589774,21,0,0,6,0,"M",1,62500,907
1590492,21,0,0,7,0,"M",1,250000,908
1590674,21,0,0,6,0,"F",1,20000,909
1590711,21,0,0,6,0,"F",1,187500,910
1590921,21,0,0,11,2,"F",1,250000,911
1590969,21,0,0,9,1,"F",0,42500,912
1591056,21,0,0,2,0,"F",1,225000,913
1591165,21,0,0,4,0,"F",1,250000,914
1591251,21,0,0,8,0,"F",0,87500,915
1591366,21,0,0,8,0,"M",1,250000,916
1591670,21,0,0,11,1,"M",1,137500,917
1591722,21,1,0,7,1,"F",0,62500,918
1591917,21,0,0,7,0,"F",1,187500,919
1591990,21,0,0,1,0,"M",0,42500,920
1592216,21,0,0,8,0,"F",1,62500,921
1592278,21,1,0,9,2,"F",1,187500,922
1592293,21,0,0,8,1,"F",1,112500,923
1592707,21,0,0,9,0,"F",1,250000,924
1592744,21,1,0,8,1,"F",0,112500,925
1592908,21,0,0,7,1,"F",1,87500,926
1593038,21,0,0,9,0,"F",1,112500,927
1593301,21,1,0,8,1,"M",1,62500,928
1593487,21,0,0,8,1,"M",1,87500,929
1593651,21,0,0,7,0,"F",1,42500,930
1593813,21,0,0,10,1,"F",0,20000,931
1594152,21,0,0,8,0,"F",1,87500,932
1594307,21,0,0,8,0,"F",0,87500,933
1594407,21,0,0,6,1,"F",1,187500,934
1594775,21,0,0,6,0,"F",1,42500,935
1596452,21,0,0,8,1,"F",1,112500,936
1596829,21,0,0,6,0,"M",1,112500,937
1597491,21,0,0,8,1,"F",1,42500,938
1598463,21,0,0,8,1,"F",1,62500,939
1598633,21,0,0,8,0,"F",1,112500,940
1598919,21,0,0,3,0,"F",0,62500,941
1599722,21,0,0,8,0,"M",1,42500,942
1599748,21,0,0,9,0,"F",0,7500,943
1601262,21,0,0,5,0,"F",1,62500,944
1601710,21,0,0,6,0,"F",1,87500,945
1601726,21,0,0,7,0,"F",1,87500,946
1602013,21,0,0,4,0,"F",0,42500,947
1602093,21,0,0,2,0,"M",1,42500,948
1602541,21,0,0,7,0,"M",1,112500,949
1603217,21,0,0,8,0,"F",1,62500,950
1603225,21,0,0,6,1,"F",0,225000,951
1603429,21,0,0,8,0,"F",1,62500,952
1604015,21,0,0,8,0,"F",1,62500,953
1604126,21,0,0,7,0,"F",1,112500,954
1604128,21,0,0,10,0,"F",0,187500,955
1604268,21,0,0,2,1,"F",1,62500,956
1604528,21,0,0,6,0,"F",1,112500,957
1605044,21,0,0,8,1,"F",1,225000,958
1605048,21,0,0,6,0,"F",1,187500,959
1605961,21,0,0,6,0,"F",0,112500,960
1608086,21,0,0,7,0,"F",0,112500,961
1608536,21,0,0,6,1,"M",1,87500,962
1608611,21,0,0,6,0,"F",1,62500,963
1608612,21,0,0,11,0,"F",0,20000,964
1608644,21,0,0,6,1,"F",0,250000,965
1609138,21,0,0,1,0,"F",1,112500,966
1609335,21,1,0,8,1,"F",1,87500,967
1609688,21,0,0,6,0,"F",0,42500,968
1609694,21,0,0,7,0,"M",1,42500,969
1609742,21,0,0,10,2,"F",1,20000,970
1610234,21,0,0,7,0,"F",1,42500,971
1610404,21,0,0,6,0,"M",0,62500,972
1611512,21,0,0,3,0,"F",1,30000,973
1611563,21,0,0,4,1,"F",1,250000,974
1612208,21,0,1,10,2,"M",1,187500,975
1612444,21,1,0,8,1,"F",1,250000,976
1612702,21,0,0,8,0,"F",1,137500,977
1612863,21,0,0,7,1,"F",0,42500,978
1612987,21,0,1,9,1,"F",0,187500,979
1613295,21,0,0,13,1,"F",1,7500,980
1613630,21,0,0,4,0,"F",1,137500,981
1613669,21,0,0,8,0,"F",1,225000,982
1613754,21,1,0,6,1,"F",1,250000,983
1613787,21,0,0,7,0,"M",1,187500,984
1614408,21,0,0,4,0,"F",1,225000,985
1614896,21,0,0,6,0,"F",0,112500,986
1614950,21,0,0,7,2,"F",1,62500,987
1614982,21,0,0,6,0,"M",0,62500,988
1615046,21,0,0,7,0,"F",0,42500,989
1615126,21,0,0,5,1,"M",1,112500,990
1616126,21,0,0,3,0,"F",1,112500,991
1616413,21,0,0,4,3,"F",1,42500,992
1617245,21,0,0,8,0,"F",0,30000,993
1617490,21,1,0,6,1,"F",1,187500,994
1617675,21,0,0,8,3,"F",0,87500,995
1617709,21,0,0,5,2,"F",1,62500,996
1618855,21,0,0,2,3,"F",0,62500,997
1619223,21,0,0,8,0,"F",1,20000,998
1620927,21,0,0,8,0,"M",0,112500,999
1620942,21,0,0,5,2,"F",1,20000,1000
117514,22,0,0,10,3,"F",0,42500,1
287398,22,0,0,9,0,"F",0,42500,2
469734,22,0,0,10,1,"F",1,250000,3
1054974,22,0,0,10,0,"F",1,137500,4
1060246,22,1,0,10,1,"F",1,62500,5
1061355,22,0,0,12,0,"F",1,87500,6
1061649,22,0,0,10,0,"M",1,225000,7
1062171,22,0,0,9,0,"F",1,250000,8
1063617,22,0,0,8,0,"F",1,250000,9
1068288,22,0,0,10,3,"F",0,30000,10
1071414,22,0,0,10,2,"F",1,62500,11
1077480,22,0,0,7,1,"F",0,62500,12
1081075,22,0,0,10,1,"F",1,250000,13
1081928,22,0,0,9,1,"F",1,62500,14
1082351,22,0,0,3,0,"F",0,30000,15
1087152,22,0,0,11,1,"F",1,187500,16
1089142,22,1,0,5,1,"F",1,87500,17
1091840,22,0,0,11,0,"F",1,30000,18
1094021,22,0,0,7,0,"F",1,87500,19
1094281,22,0,0,3,0,"F",1,62500,20
1100417,22,1,0,8,1,"F",1,62500,21
1100757,22,0,0,9,0,"F",0,112500,22
1102828,22,0,0,11,1,"F",0,62500,23
1103923,22,0,0,4,0,"F",1,225000,24
1107037,22,0,0,10,0,"F",1,112500,25
1108749,22,0,0,10,0,"F",0,87500,26
1108764,22,0,0,8,0,"F",0,62500,27
1111628,22,0,0,10,1,"F",1,137500,28
1111718,22,0,0,10,0,"F",1,112500,29
1114150,22,0,0,6,0,"F",0,30000,30
1117270,22,0,0,4,0,"M",1,20000,31
1120531,22,1,0,9,1,"F",1,62500,32
1122158,22,0,0,10,2,"F",0,62500,33
1128451,22,0,0,10,3,"F",1,42500,34
1136393,22,0,0,10,0,"F",0,112500,35
1136784,22,0,0,10,4,"M",0,225000,36
1139371,22,0,0,6,0,"F",0,42500,37
1139886,22,0,0,10,1,"F",1,112500,38
1144195,22,0,0,7,0,"M",1,250000,39
1144979,22,0,0,15,0,"F",1,112500,40
1145339,22,0,0,13,1,"F",1,62500,41
1145483,22,0,0,4,2,"F",0,7500,42
1146117,22,0,0,5,2,"M",0,87500,43
1147315,22,0,0,10,3,"F",1,187500,44
1148446,22,0,0,11,0,"F",0,20000,45
1149897,22,0,0,2,1,"M",0,30000,46
1149964,22,0,0,10,1,"F",1,42500,47
1150751,22,0,0,7,0,"M",0,7500,48
1150797,22,0,0,9,2,"F",1,162500,49
1151559,22,0,0,10,2,"F",1,112500,50
1151769,22,0,0,7,2,"F",0,112500,51
1152166,22,0,0,9,0,"M",1,137500,52
1152366,22,0,0,9,0,"F",1,87500,53
1153528,22,0,0,10,2,"M",1,62500,54
1153766,22,0,0,10,0,"F",1,162500,55
1155123,22,0,0,3,0,"F",1,112500,56
1156205,22,0,0,12,3,"F",0,112500,57
1156827,22,0,0,10,0,"F",0,7500,58
1157198,22,0,0,5,0,"F",1,20000,59
1165832,22,0,0,11,0,"F",0,62500,60
1166157,22,1,0,19,2,"F",0,137500,61
1167911,22,0,0,11,0,"F",1,87500,62
1168134,22,0,0,10,0,"F",0,162500,63
1168271,22,0,0,8,3,"F",1,112500,64
1171923,22,0,0,10,0,"F",0,62500,65
1172112,22,0,0,10,0,"F",0,20000,66
1174038,22,0,0,5,4,"M",1,112500,67
1174562,22,0,0,9,2,"F",1,62500,68
1174985,22,0,0,11,0,"F",1,62500,69
1176048,22,0,0,10,0,"F",1,62500,70
1179432,22,0,0,9,0,"F",1,87500,71
1179878,22,0,0,3,1,"M",1,62500,72
1180407,22,0,0,9,0,"F",0,62500,73
1180590,22,0,0,8,0,"F",0,112500,74
1180640,22,0,0,6,0,"F",1,62500,75
1181283,22,0,0,7,3,"F",1,62500,76
1181372,22,0,0,1,1,"M",1,62500,77
1181576,22,0,0,7,0,"F",1,87500,78
1182877,22,0,0,7,0,"M",1,62500,79
1184139,22,0,0,9,0,"F",1,20000,80
1184169,22,0,0,10,1,"F",1,112500,81
1184297,22,1,0,9,1,"M",1,112500,82
1184913,22,0,0,6,1,"F",1,87500,83
1185813,22,0,0,4,3,"M",1,87500,84
1185876,22,0,0,1.11764705181122,0,"F",1,137500,85
1186126,22,0,0,11,1,"F",1,62500,86
1187131,22,0,0,4,0,"M",0,42500,87
1187232,22,0,0,9,0,"F",0,62500,88
1187420,22,0,0,11,1,"F",1,87500,89
1187873,22,0,0,9,1,"M",1,112500,90
1187978,22,0,0,7,0,"F",1,62500,91
1188069,22,0,0,10,1,"F",1,162500,92
1188761,22,0,0,8,0,"F",1,162500,93
1188833,22,0,0,10,2,"F",1,62500,94
1189258,22,0,0,9,1,"F",1,225000,95
1189412,22,0,0,3,0,"F",1,20000,96
1189715,22,0,0,6,1,"M",1,162500,97
1189764,22,0,0,5,0,"F",1,137500,98
1190134,22,0,0,11,1,"F",0,20000,99
1190711,22,0,0,11,1,"F",1,162500,100
1191253,22,0,0,11,0,"F",0,62500,101
1191595,22,0,0,11,3,"F",1,62500,102
1191968,22,0,0,4,0,"F",1,112500,103
1192704,22,0,0,10,0,"F",1,62500,104
1192874,22,0,0,7,1,"F",1,62500,105
1193114,22,0,0,10,1,"F",1,162500,106
1193232,22,0,0,6,0,"M",1,112500,107
1193743,22,0,0,10,0,"F",1,20000,108
1193751,22,0,0,7,0,"F",0,42500,109
1193787,22,0,0,11,0,"F",1,62500,110
1194121,22,0,0,5,0,"F",0,42500,111
1194319,22,0,0,7,2,"F",0,62500,112
1194477,22,0,0,15,1,"F",1,112500,113
1195243,22,1,0,9,1,"F",1,62500,114
1195315,22,0,0,7,1,"M",1,112500,115
1195629,22,0,0,11,0,"M",1,62500,116
1196370,22,0,0,12,0,"F",0,137500,117
1196373,22,0,0,4,0,"F",1,87500,118
1196532,22,0,0,9,0,"F",1,112500,119
1196672,22,0,0,10,0,"F",0,62500,120
1196715,22,0,0,11,2,"F",1,62500,121
1196867,22,0,0,11,0,"F",1,62500,122
1197628,22,0,0,5,1,"M",0,137500,123
1198131,22,0,0,6,0,"F",0,42500,124
1198229,22,0,0,10,1,"F",1,62500,125
1198340,22,0,0,4,0,"F",1,112500,126
1198656,22,0,0,7,0,"F",0,42500,127
1198936,22,0,0,10,0,"M",0,162500,128
1199872,22,0,0,11,0,"F",0,87500,129
1202556,22,1,0,10,2,"F",1,62500,130
1204291,22,0,0,2,0,"F",0,20000,131
1204517,22,1,0,12,2,"F",1,62500,132
1204703,22,0,0,7,0,"F",0,87500,133
1205899,22,0,0,8,1,"F",1,162500,134
1207119,22,0,0,6,0,"F",1,62500,135
1208107,22,1,0,5,1,"F",1,112500,136
1208888,22,0,0,1,0,"F",0,20000,137
1209486,22,0,0,11,1,"F",1,62500,138
1209955,22,1,0,4,1,"M",1,225000,139
1210800,22,0,0,10,0,"F",1,250000,140
1211027,22,0,0,7,1,"F",1,112500,141
1211068,22,0,0,17,4,"F",0,250000,142
1211288,22,0,0,10,0,"F",0,7500,143
1211807,22,0,0,1,0,"F",1,42500,144
1212464,22,1,0,10,1,"F",0,42500,145
1213078,22,0,0,9,0,"F",1,250000,146
1213693,22,0,0,10,1,"F",1,162500,147
1216811,22,1,0,8,2,"F",1,162500,148
1217376,22,0,0,11,5,"F",1,137500,149
1217401,22,0,0,9,1,"F",0,62500,150
1221162,22,0,0,9,2,"F",1,62500,151
1222034,22,0,0,9,1,"M",1,87500,152
1222561,22,0,0,9,2,"F",1,62500,153
1224353,22,0,0,10,0,"F",1,87500,154
1224379,22,1,0,7,3,"F",1,162500,155
1225029,22,0,0,6,0,"F",1,62500,156
1225288,22,1,0,9,2,"F",1,112500,157
1225581,22,0,0,10,0,"F",1,30000,158
1226932,22,1,0,8,2,"F",1,87500,159
1226943,22,0,0,11,4,"F",1,162500,160
1227191,22,0,0,10,0,"F",1,112500,161
1227743,22,0,0,11,0,"F",0,62500,162
1228628,22,0,0,10,0,"F",1,62500,163
1228793,22,0,0,11,2,"F",0,87500,164
1229147,22,0,0,11,0,"F",1,87500,165
1229564,22,0,0,10,1,"F",1,62500,166
1229612,22,0,0,9,0,"M",1,187500,167
1229771,22,0,0,11,0,"F",1,87500,168
1229884,22,0,0,8,0,"F",1,112500,169
1230105,22,0,0,10,1,"F",1,137500,170
1230445,22,0,0,10,0,"F",1,62500,171
1230648,22,0,0,10,0,"F",1,87500,172
1230860,22,0,0,8,2,"F",1,62500,173
1231637,22,0,0,4,0,"F",1,112500,174
1233436,22,0,0,9,0,"F",0,162500,175
1233553,22,0,0,11,2,"F",1,112500,176
1234916,22,0,0,9,1,"M",1,62500,177
1237257,22,0,0,10,1,"F",1,62500,178
1237667,22,0,0,10,0,"F",1,87500,179
1238108,22,0,0,10,0,"F",1,42500,180
1238707,22,0,0,10,2,"F",1,62500,181
1238904,22,0,0,8,0,"M",1,87500,182
1239286,22,0,0,8,1,"F",1,250000,183
1239623,22,0,0,8,1,"F",0,42500,184
1239849,22,0,0,7,0,"F",1,112500,185
1239936,22,0,0,1.44736838340759,1,"F",0,7500,186
1240102,22,1,0,7,2,"F",0,62500,187
1241439,22,0,0,8,1,"F",1,112500,188
1241595,22,0,0,11,2,"F",1,62500,189
1241711,22,0,0,11,0,"F",1,87500,190
1242022,22,0,0,7,0,"F",1,62500,191
1242223,22,0,0,10,0,"M",1,137500,192
1242542,22,0,0,6,0,"M",1,137500,193
1243937,22,0,0,11,2,"F",1,87500,194
1244277,22,0,0,2,1,"F",0,112500,195
1245286,22,0,0,6,0,"F",1,62500,196
1246704,22,0,0,11,1,"F",1,87500,197
1247392,22,0,0,11,3,"F",1,87500,198
1248826,22,0,0,10,2,"F",1,87500,199
1249794,22,0,0,9,0,"F",0,137500,200
1250074,22,0,0,8,0,"F",0,87500,201
1250242,22,0,0,5,2,"F",0,250000,202
1250577,22,0,0,11,1,"F",1,62500,203
1250585,22,0,0,11,1,"F",1,187500,204
1250879,22,0,0,7,0,"F",1,137500,205
1250899,22,0,0,9,3,"M",1,112500,206
1251138,22,0,0,7,0,"M",1,137500,207
1251550,22,0,0,9,0,"F",1,62500,208
1251623,22,0,0,10,0,"F",1,7500,209
1251804,22,0,0,4,1,"F",0,137500,210
1251816,22,0,0,11,0,"F",1,137500,211
1252257,22,0,0,10,1,"F",0,87500,212
1252297,22,0,0,12,1,"M",1,62500,213
1252403,22,0,0,10,0,"M",1,62500,214
1252534,22,0,0,11,0,"F",1,187500,215
1252759,22,0,0,10,3,"F",1,137500,216
1252878,22,0,0,11,0,"F",1,137500,217
1254168,22,1,0,11,1,"F",1,62500,218
1254684,22,0,0,9,0,"M",1,112500,219
1258925,22,0,0,11,1,"F",1,42500,220
1259640,22,0,0,8,0,"M",1,87500,221
1259672,22,1,0,10,1,"F",1,62500,222
1259740,22,0,0,10,2,"F",1,30000,223
1262332,22,0,0,10,2,"F",1,87500,224
1262373,22,0,0,11,1,"F",1,250000,225
1262926,22,0,0,8,0,"F",1,62500,226
1263058,22,0,0,8,0,"F",0,137500,227
1263919,22,0,0,6,0,"M",0,30000,228
1264065,22,0,0,11,0,"F",1,187500,229
1264317,22,0,0,7,0,"F",1,187500,230
1264505,22,0,0,9,0,"F",1,87500,231
1264703,22,0,0,9,0,"F",0,30000,232
1265443,22,0,0,8,2,"F",0,20000,233
1265755,22,0,0,10,1,"F",1,112500,234
1265835,22,1,0,10,1,"F",1,112500,235
1265892,22,0,0,9,0,"F",0,187500,236
1266201,22,0,0,2.40229892730713,0,"F",1,187500,237
1268413,22,1,0,9,3,"F",1,62500,238
1269756,22,0,0,9,3,"F",1,62500,239
1269824,22,0,0,9,0,"M",0,30000,240
1273931,22,1,0,8,2,"F",1,20000,241
1275308,22,0,0,8,1,"M",1,87500,242
1275698,22,0,0,6,0,"F",1,87500,243
1275888,22,0,0,6,1,"F",1,137500,244
1276784,22,0,0,6,0,"F",0,20000,245
1277335,22,0,0,7,1,"F",1,42500,246
1279299,22,0,0,7,0,"M",1,87500,247
1279847,22,0,0,10,0,"F",1,42500,248
1280469,22,0,0,12,1,"F",0,7500,249
1281674,22,0,0,11,0,"F",0,137500,250
1285561,22,0,0,11,0,"F",1,250000,251
1286058,22,0,0,11,0,"F",1,250000,252
1286676,22,0,0,10,1,"M",1,225000,253
1287337,22,1,0,9,1,"F",0,62500,254
1288054,22,0,0,12,0,"F",1,42500,255
1288246,22,0,0,7,1,"F",0,62500,256
1288502,22,0,0,10,0,"M",0,137500,257
1288666,22,0,0,10,1,"F",1,62500,258
1288675,22,0,0,7,0,"F",1,20000,259
1288774,22,2,0,11,4,"F",1,187500,260
1288902,22,0,0,11,0,"F",1,87500,261
1289229,22,0,0,4,0,"F",0,112500,262
1290077,22,0,0,8,0,"F",1,87500,263
1290515,22,0,0,7,0,"F",0,87500,264
1290723,22,0,0,7,0,"F",0,30000,265
1291318,22,0,0,6,0,"F",1,42500,266
1291608,22,0,0,8,0,"F",0,30000,267
1292847,22,0,0,21,0,"F",1,42500,268
1293296,22,0,0,11,2,"F",1,30000,269
1293595,22,0,0,10,0,"F",1,62500,270
1293939,22,0,0,11,0,"F",1,250000,271
1294157,22,0,0,11,3,"F",1,62500,272
1294200,22,0,0,7,0,"F",1,62500,273
1294399,22,1,0,10,1,"F",0,30000,274
1294837,22,0,0,9,2,"F",0,62500,275
1297008,22,0,0,8,2,"F",0,7500,276
1297323,22,0,0,10,0,"F",0,7500,277
1297452,22,0,0,9,0,"M",1,87500,278
1297615,22,0,0,8,1,"F",0,20000,279
1297678,22,0,0,9,2,"M",1,62500,280
1298036,22,0,0,8,0,"F",0,7500,281
1298136,22,0,0,11,2,"M",0,30000,282
1298614,22,0,0,11,0,"F",1,62500,283
1300363,22,0,0,9,0,"M",1,42500,284
1300457,22,0,0,5,0,"M",1,42500,285
1301237,22,0,0,9,6,"F",1,20000,286
1301332,22,0,0,11,0,"M",1,42500,287
1301620,22,0,0,10,1,"F",1,87500,288
1302173,22,0,0,10,1,"F",1,225000,289
1302216,22,0,0,5,1,"F",1,62500,290
1302375,22,0,0,10,0,"F",1,87500,291
1303092,22,0,0,11,0,"F",1,62500,292
1303908,22,0,0,10,1,"M",1,87500,293
1304518,22,0,0,10,0,"F",1,87500,294
1304751,22,0,0,8,3,"F",0,30000,295
1306505,22,0,0,9,0,"F",0,62500,296
1307675,22,2,0,13,4,"F",1,62500,297
1307821,22,0,0,9,2,"M",1,42500,298
1310138,22,1,0,10,1,"F",1,62500,299
1310269,22,0,0,9,1,"F",0,112500,300
1311143,22,0,0,7,0,"M",0,62500,301
1311172,22,0,0,10,0,"M",1,137500,302
1311388,22,0,0,11,1,"M",0,20000,303
1312227,22,0,0,9,0,"F",0,62500,304
1313291,22,0,0,8,0,"F",1,162500,305
1313396,22,0,0,11,0,"F",0,30000,306
1313735,22,0,0,10,0,"F",1,20000,307
1313856,22,0,0,12,1,"F",0,20000,308
1314520,22,0,0,10,1,"F",1,62500,309
1314682,22,0,0,6,0,"F",0,20000,310
1314969,22,0,0,7,1,"F",0,87500,311
1315946,22,0,0,10,1,"F",0,62500,312
1317054,22,0,0,11,0,"F",0,7500,313
1317356,22,0,0,12,0,"F",1,62500,314
1318696,22,0,0,3.91836738586426,1,"F",0,62500,315
1318996,22,0,0,9,1,"F",1,62500,316
1319548,22,0,0,8,0,"F",0,20000,317
1319613,22,0,0,8,2,"F",0,137500,318
1319738,22,0,0,9,0,"F",1,137500,319
1320734,22,0,0,11,1,"F",1,20000,320
1320750,22,0,0,8,0,"F",0,7500,321
1322205,22,0,0,10,0,"F",1,62500,322
1322235,22,0,0,7,1,"F",0,62500,323
1322521,22,0,0,10,1,"M",1,42500,324
1322942,22,0,0,9,0,"F",1,87500,325
1323304,22,0,0,11,1,"F",1,162500,326
1323359,22,0,0,12,1,"M",0,187500,327
1323491,22,0,0,10,0,"F",1,250000,328
1323698,22,0,0,6,0,"M",0,250000,329
1323962,22,2,0,10,3,"M",1,62500,330
1324251,22,0,0,6,1,"F",0,20000,331
1324843,22,0,0,8,0,"F",1,87500,332
1325556,22,0,0,3,0,"F",0,20000,333
1327146,22,0,0,10,1,"F",1,162500,334
1328158,22,0,0,9,0,"F",1,62500,335
1328623,22,0,0,10,0,"M",1,30000,336
1328832,22,0,0,8,1,"F",1,187500,337
1329574,22,0,0,10,0,"F",0,42500,338
1330046,22,0,0,6,0,"F",1,112500,339
1330272,22,0,0,10,3,"F",1,137500,340
1330497,22,0,0,9,0,"F",1,162500,341
1331244,22,0,0,10,1,"F",0,30000,342
1331261,22,0,0,7,0,"F",0,7500,343
1331950,22,0,0,9,0,"F",1,62500,344
1333858,22,0,0,7,1,"F",1,112500,345
1335680,22,0,0,5,0,"F",1,62500,346
1335920,22,0,0,11,0,"F",1,42500,347
1335980,22,0,0,9,0,"F",0,20000,348
1336426,22,0,0,8,0,"F",0,20000,349
1336946,22,0,0,9,1,"M",1,20000,350
1338200,22,0,0,10,0,"F",1,162500,351
1338378,22,0,0,9,0,"F",1,225000,352
1339574,22,0,0,11,1,"F",1,42500,353
1339822,22,0,0,10,1,"F",1,112500,354
1340176,22,0,0,7,3,"M",1,42500,355
1340267,22,0,0,11,0,"F",0,42500,356
1341891,22,0,0,10,0,"F",0,62500,357
1342799,22,0,0,10,0,"F",0,62500,358
1343216,22,0,0,8,0,"F",0,187500,359
1344265,22,0,0,4,2,"F",0,87500,360
1344499,22,0,0,12,1,"F",1,87500,361
1344614,22,0,0,13,1,"M",1,225000,362
1345984,22,0,0,10,0,"F",1,112500,363
1346234,22,0,0,4,1,"F",0,162500,364
1347945,22,1,0,9,3,"F",0,112500,365
1348467,22,0,0,12,0,"F",0,87500,366
1348663,22,1,0,10,2,"F",1,62500,367
1348726,22,0,0,5,1,"F",1,62500,368
1349285,22,0,0,9,0,"F",0,42500,369
1349428,22,0,0,10,0,"F",1,87500,370
1349951,22,0,0,9,1,"F",1,20000,371
1350291,22,0,0,10,0,"M",1,87500,372
1350434,22,0,0,9,1,"F",1,162500,373
1351173,22,0,0,7,0,"F",0,87500,374
1351468,22,0,0,9,0,"F",1,7500,375
1351509,22,0,0,3,0,"F",1,62500,376
1351586,22,0,0,11,0,"F",1,162500,377
1351796,22,1,0,11,3,"F",1,7500,378
1352046,22,1,0,9,1,"F",1,87500,379
1352301,22,0,0,6,1,"F",1,42500,380
1352756,22,0,0,9,1,"F",1,62500,381
1352986,22,0,0,9,0,"F",1,42500,382
1353809,22,0,0,12,1,"F",1,112500,383
1353961,22,0,0,10,0,"F",0,20000,384
1354452,22,0,0,10,2,"F",1,62500,385
1354598,22,0,0,11,0,"F",0,42500,386
1354602,22,0,0,8,0,"M",1,62500,387
1354673,22,0,0,8,0,"F",0,7500,388
1355604,22,0,0,8,2,"M",1,7500,389
1356206,22,0,0,10,1,"F",1,62500,390
1358021,22,0,0,12,0,"F",1,112500,391
1358933,22,1,0,10,1,"F",0,112500,392
1361465,22,0,0,7,0,"F",0,137500,393
1362107,22,0,0,6,0,"M",1,162500,394
1363023,22,1,0,8,1,"F",1,30000,395
1363370,22,0,0,7,0,"M",1,62500,396
1364059,22,0,0,11,0,"M",1,112500,397
1366217,22,0,0,9,0,"M",0,112500,398
1366244,22,0,0,8,0,"F",0,112500,399
1367411,22,0,0,10,0,"F",1,20000,400
1367420,22,0,0,19,3,"F",1,162500,401
1368140,22,0,0,9,0,"F",1,62500,402
1368385,22,0,0,6,0,"M",1,162500,403
1369918,22,0,0,9,2,"F",1,87500,404
1372221,22,0,0,7,0,"F",1,7500,405
1372333,22,0,0,8,0,"F",1,62500,406
1374105,22,0,0,10,1,"F",0,7500,407
1374132,22,0,0,8,0,"M",1,62500,408
1374680,22,0,0,9,0,"F",1,62500,409
1375113,22,0,0,9,0,"F",1,87500,410
1376245,22,0,0,1.61538457870483,0,"F",0,62500,411
1377492,22,0,0,11,0,"F",1,137500,412
1377719,22,0,0,10,1,"F",1,137500,413
1378071,22,0,0,10,2,"F",0,62500,414
1378409,22,0,0,9,2,"F",1,62500,415
1380721,22,1,0,7,2,"F",1,42500,416
1381136,22,0,0,9,0,"F",1,62500,417
1381384,22,0,0,11,0,"F",1,162500,418
1381552,22,0,0,10,1,"M",1,87500,419
1381639,22,2,0,11,3,"F",1,225000,420
1381711,22,0,0,8,0,"F",1,87500,421
1382137,22,0,0,10,1,"F",1,112500,422
1382624,22,0,0,10,2,"F",1,62500,423
1382975,22,0,0,11,0,"F",1,112500,424
1384230,22,0,0,11,0,"F",1,137500,425
1384341,22,0,0,10,1,"F",0,137500,426
1385468,22,0,0,11,2,"F",1,250000,427
1385831,22,0,0,5,1,"F",1,42500,428
1386066,22,0,0,4,0,"F",1,112500,429
1386120,22,1,0,9,2,"F",1,42500,430
1387428,22,0,0,10,0,"F",0,62500,431
1387588,22,0,0,7,1,"F",1,42500,432
1388210,22,0,0,9,1,"M",1,62500,433
1388355,22,0,0,6,1,"F",1,62500,434
1388513,22,0,0,10,0,"F",1,162500,435
1388833,22,0,0,11,1,"F",0,42500,436
1389030,22,0,0,8,0,"F",1,62500,437
1389384,22,0,0,9,0,"F",0,42500,438
1389406,22,0,0,12,0,"F",1,87500,439
1389477,22,0,0,10,2,"F",1,62500,440
1390351,22,0,0,11,0,"M",1,162500,441
1392387,22,0,0,9,3,"F",0,87500,442
1393255,22,0,0,10,1,"F",1,87500,443
1393466,22,0,0,8,0,"M",1,87500,444
1393929,22,0,0,18,0,"F",1,225000,445
1394027,22,1,0,5,1,"F",1,162500,446
1395064,22,1,0,11,1,"F",1,162500,447
1395309,22,0,0,8,0,"F",0,42500,448
1395394,22,0,0,9,2,"F",0,7500,449
1396474,22,0,0,2,1,"F",1,62500,450
1396597,22,1,0,11,1,"F",1,87500,451
1396618,22,0,0,10,2,"F",1,87500,452
1396830,22,0,0,10,0,"F",1,87500,453
1397814,22,0,0,7,1,"M",1,137500,454
1398493,22,0,0,5,0,"F",1,87500,455
1398606,22,0,0,11,0,"M",1,20000,456
1399233,22,0,0,9,0,"F",0,42500,457
1399269,22,0,0,12,1,"F",1,62500,458
1399329,22,0,0,11,3,"F",1,112500,459
1401246,22,0,0,5,0,"F",1,42500,460
1401458,22,0,0,9,1,"F",1,62500,461
1403021,22,0,0,8,1,"F",1,112500,462
1403631,22,0,0,9,1,"F",1,62500,463
1403972,22,0,0,12,16,"F",1,162500,464
1404355,22,0,0,10,0,"F",1,87500,465
1404418,22,1,0,11,2,"F",1,42500,466
1404842,22,0,0,7,0,"M",1,112500,467
1405544,22,0,0,9,0,"F",0,20000,468
1406907,22,0,0,10,0,"F",1,87500,469
1408575,22,0,0,8,1,"M",0,30000,470
1410385,22,0,0,10,0,"F",1,162500,471
1411418,22,0,0,8,0,"M",1,87500,472
1412397,22,0,0,8,1,"M",1,42500,473
1412511,22,0,0,2,0,"F",1,42500,474
1412646,22,0,0,19,1,"F",1,162500,475
1413182,22,0,0,11,1,"F",1,112500,476
1413837,22,0,0,8,1,"F",1,225000,477
1413925,22,0,0,9,1,"F",0,62500,478
1414361,22,0,0,5,2,"F",1,112500,479
1414857,22,0,0,8,0,"M",1,162500,480
1414873,22,0,0,5,0,"F",1,112500,481
1415098,22,1,0,11,4,"F",0,87500,482
1415320,22,0,0,11,0,"F",1,162500,483
1416429,22,0,0,11,2,"F",1,87500,484
1416731,22,0,0,9,0,"F",1,162500,485
1416940,22,0,0,11,0,"F",0,137500,486
1417159,22,0,0,8,0,"M",0,20000,487
1417523,22,0,0,6,0,"F",1,187500,488
1418358,22,0,0,10,0,"F",0,112500,489
1418818,22,0,0,10,1,"F",1,87500,490
1419071,22,0,0,9,0,"M",1,87500,491
1419406,22,0,0,11,0,"F",1,62500,492
1419467,22,0,0,8,1,"F",1,162500,493
1419627,22,0,0,11,1,"M",1,87500,494
1419833,22,0,0,12,1,"F",1,225000,495
1420095,22,0,0,6,0,"M",1,187500,496
1420139,22,0,0,11,0,"F",1,112500,497
1420150,22,0,0,10,0,"F",0,7500,498
1420458,22,0,0,10,0,"M",1,20000,499
1420461,22,0,0,8,1,"F",1,62500,500
1420462,22,0,0,12,6,"F",1,162500,501
1420478,22,0,0,8,2,"F",1,42500,502
1420505,22,0,0,10,0,"F",0,7500,503
1420957,22,0,0,8,1,"F",1,225000,504
1420990,22,0,0,9,2,"F",0,87500,505
1421112,22,0,0,6,0,"F",0,87500,506
1421265,22,0,0,17,1,"F",0,137500,507
1421359,22,0,0,5,0,"F",0,7500,508
1422155,22,0,0,11,1,"F",1,187500,509
1422249,22,0,0,1,0,"M",0,62500,510
1424297,22,0,0,4,0,"M",1,20000,511
1424626,22,0,0,12,0,"F",0,112500,512
1425960,22,0,0,10,1,"F",0,20000,513
1426165,22,0,0,11,0,"F",0,112500,514
1426230,22,0,0,8,0,"F",0,7500,515
1426266,22,0,0,10,0,"F",1,112500,516
1426799,22,0,0,10,3,"F",1,87500,517
1427258,22,0,0,9,0,"F",0,62500,518
1427579,22,1,0,8,2,"F",1,87500,519
1427915,22,0,0,6,0,"F",0,62500,520
1428277,22,1,0,10,1,"M",1,112500,521
1429936,22,0,0,11,0,"F",1,187500,522
1430214,22,0,0,10,1,"M",0,112500,523
1430754,22,0,0,7,0,"M",1,187500,524
1431104,22,0,0,10,0,"F",0,250000,525
1431118,22,0,0,9,1,"F",1,62500,526
1431340,22,0,0,9,0,"F",0,87500,527
1431513,22,0,0,8,2,"F",1,62500,528
1431697,22,0,0,9,0,"F",1,87500,529
1431949,22,0,0,10,1,"F",1,42500,530
1432387,22,0,0,11,0,"F",0,162500,531
1432724,22,0,0,10,0,"F",1,20000,532
1432840,22,0,0,9,1,"F",1,20000,533
1432998,22,0,0,8,0,"F",1,62500,534
1433194,22,1,0,14,3,"F",1,42500,535
1433587,22,0,0,7,0,"M",1,87500,536
1434275,22,0,0,13,2,"F",1,20000,537
1434712,22,0,0,2,0,"F",1,42500,538
1435022,22,0,0,4,1,"F",1,187500,539
1435557,22,0,0,5,0,"M",1,62500,540
1435794,22,0,0,8,1,"F",0,87500,541
1435996,22,0,0,9,1,"F",1,112500,542
1436928,22,0,0,6,1,"F",1,112500,543
1437747,22,0,0,9,0,"F",1,137500,544
1437857,22,0,0,10,3,"M",1,62500,545
1437869,22,0,0,10,0,"F",1,187500,546
1437899,22,1,0,11,2,"F",1,137500,547
1438760,22,0,0,10,0,"F",1,137500,548
1438884,22,0,0,11,0,"M",1,87500,549
1439629,22,0,0,9,1,"F",1,7500,550
1439689,22,0,0,8,0,"F",1,112500,551
1439713,22,0,0,10,0,"F",1,62500,552
1440356,22,0,0,3,0,"M",1,250000,553
1441053,22,0,0,11,0,"M",1,30000,554
1441466,22,1,0,11,4,"F",1,250000,555
1442287,22,0,0,9,0,"F",0,187500,556
1442704,22,0,0,11,1,"F",1,87500,557
1443687,22,0,0,10,1,"F",0,87500,558
1443964,22,0,0,9,0,"F",1,250000,559
1444485,22,0,0,10,2,"F",1,112500,560
1445100,22,0,0,10,1,"F",1,87500,561
1446288,22,0,0,16,0,"F",0,62500,562
1447092,22,0,0,6,0,"M",1,42500,563
1447298,22,0,0,10,0,"F",1,62500,564
1448763,22,0,0,7,0,"F",0,62500,565
1448901,22,0,0,4,0,"F",0,62500,566
1449431,22,0,0,8,2,"F",1,137500,567
1450170,22,0,0,17,1,"F",0,62500,568
1450180,22,0,0,7,0,"M",1,62500,569
1450746,22,0,0,12,1,"F",1,7500,570
1450805,22,0,0,9,0,"M",1,225000,571
1450890,22,2,0,10,4,"F",1,225000,572
1451275,22,0,0,6,0,"M",1,62500,573
1451865,22,0,0,10,0,"F",1,225000,574
1452879,22,1,0,11,2,"F",1,137500,575
1454110,22,0,0,10,2,"F",1,62500,576
1454343,22,0,0,10,3,"M",0,30000,577
1454425,22,0,0,10,0,"F",1,112500,578
1454661,22,0,0,11,0,"F",1,87500,579
1455466,22,0,0,8,2,"F",1,87500,580
1455615,22,0,0,4,0,"F",1,7500,581
1455721,22,0,0,2,0,"M",1,87500,582
1455906,22,0,0,9,2,"F",1,250000,583
1456029,22,0,0,8,1,"F",1,42500,584
1456155,22,0,0,11,0,"F",1,250000,585
1456186,22,0,0,7,0,"F",1,20000,586
1456531,22,0,0,10,2,"F",1,187500,587
1456609,22,0,0,6,2,"F",1,62500,588
1456628,22,0,0,10,0,"F",1,250000,589
1456919,22,1,0,7,3,"F",1,30000,590
1457625,22,0,0,8,1,"F",1,112500,591
1457777,22,0,0,8,1,"F",1,62500,592
1457830,22,0,0,7,0,"F",1,112500,593
1457984,22,0,0,11,1,"F",1,112500,594
1458214,22,0,0,9,1,"F",1,225000,595
1460277,22,0,0,9,1,"F",1,62500,596
1460380,22,0,0,10,0,"F",0,42500,597
1460953,22,0,0,10,0,"F",0,250000,598
1461151,22,0,0,1,0,"F",1,87500,599
1461397,22,0,0,8,0,"F",1,137500,600
1462847,22,2,0,10,3,"F",1,162500,601
1462878,22,0,0,11,0,"F",1,7500,602
1463072,22,0,0,10,0,"F",1,87500,603
1464188,22,0,0,1.54166662693024,1,"F",1,137500,604
1464264,22,0,0,11,0,"M",1,112500,605
1464335,22,0,0,10,1,"F",1,187500,606
1464618,22,0,0,9,0,"F",1,112500,607
1465220,22,0,0,11,2,"F",1,137500,608
1466204,22,0,0,10,1,"F",1,87500,609
1466494,22,0,0,7,0,"M",1,20000,610
1466816,22,0,0,11,1,"F",1,137500,611
1466833,22,0,0,11,0,"F",1,87500,612
1466886,22,0,0,10,0,"F",1,137500,613
1466955,22,0,0,11,0,"F",1,250000,614
1467019,22,0,0,7,0,"F",0,137500,615
1467058,22,0,0,12,3,"F",0,20000,616
1467155,22,0,0,9,1,"M",0,62500,617
1467520,22,0,0,8,0,"F",1,250000,618
1467621,22,0,0,11,0,"F",1,62500,619
1468654,22,0,0,11,0,"F",1,87500,620
1468709,22,0,0,7,0,"F",1,30000,621
1468714,22,0,0,11,0,"F",0,112500,622
1468733,22,0,0,11,1,"F",1,62500,623
1468745,22,0,0,9,2,"M",1,62500,624
1469175,22,0,0,18,0,"F",0,87500,625
1469204,22,1,0,10,1,"F",1,112500,626
1469239,22,0,0,9,0,"F",1,112500,627
1469248,22,0,0,8,0,"F",1,112500,628
1469990,22,4,0,9,4,"M",1,187500,629
1470110,22,0,0,11,0,"F",0,62500,630
1470965,22,0,0,11,0,"F",0,62500,631
1471445,22,0,0,8,0,"F",1,162500,632
1471473,22,0,0,6,1,"M",1,62500,633
1471528,22,0,0,11,0,"F",1,112500,634
1471566,22,0,0,7,0,"F",1,30000,635
1471723,22,0,0,11,0,"F",1,187500,636
1471767,22,0,0,10,0,"M",1,87500,637
1471934,22,0,0,7,0,"F",0,112500,638
1472977,22,0,0,11,0,"F",1,87500,639
1474598,22,0,0,10,0,"M",1,87500,640
1475170,22,0,0,9,0,"M",0,87500,641
1477477,22,0,0,1,0,"M",0,112500,642
1478058,22,0,0,11,1,"F",1,87500,643
1478617,22,0,0,10,0,"F",1,225000,644
1479489,22,0,0,9,1,"F",1,62500,645
1480578,22,0,0,6,2,"F",0,62500,646
1481279,22,0,0,11,1,"F",0,162500,647
1481476,22,2,0,10,7,"F",1,7500,648
1482005,22,0,0,9,1,"M",1,62500,649
1482267,22,0,0,9,1,"F",1,225000,650
1482614,22,0,0,9,0,"F",0,87500,651
1482816,22,0,0,8,0,"F",1,62500,652
1483049,22,0,0,11,1,"F",0,20000,653
1484259,22,0,0,9,0,"F",0,7500,654
1484519,22,0,0,11,2,"F",1,42500,655
1484930,22,0,0,9,0,"F",1,162500,656
1486404,22,0,0,7,1,"F",0,42500,657
1487790,22,0,0,10,0,"M",1,187500,658
1488086,22,0,0,8,0,"F",1,112500,659
1489319,22,0,0,5,0,"F",0,42500,660
1490014,22,0,0,4,0,"M",1,62500,661
1491416,22,0,0,11,0,"F",0,112500,662
1491563,22,0,0,7,0,"M",1,162500,663
1492025,22,0,0,11,2,"F",1,62500,664
1492036,22,0,0,9,0,"F",1,87500,665
1493569,22,0,0,6,0,"F",1,112500,666
1498287,22,0,0,10,0,"F",1,162500,667
1498483,22,0,0,10,1,"F",1,62500,668
1498656,22,0,0,6,1,"M",1,137500,669
1501397,22,0,0,10,1,"M",1,112500,670
1501443,22,0,0,9,0,"F",0,7500,671
1501825,22,1,0,2,1,"F",1,225000,672
1501848,22,0,0,5,0,"F",1,112500,673
1501917,22,0,0,10,0,"F",1,137500,674
1502135,22,0,0,7,0,"F",1,87500,675
1502146,22,0,0,10,0,"F",1,62500,676
1502599,22,0,0,11,1,"F",1,187500,677
1504289,22,0,0,8,1,"F",1,137500,678
1507421,22,0,0,3,0,"F",0,20000,679
1509331,22,2,0,10,3,"M",1,62500,680
1509782,22,0,0,8,0,"F",1,62500,681
1509874,22,0,0,3,0,"F",1,42500,682
1511973,22,0,0,7,1,"M",0,7500,683
1512249,22,0,0,9,2,"F",1,187500,684
1512656,22,0,0,10,0,"F",1,187500,685
1513530,22,0,0,11,0,"F",1,62500,686
1513806,22,0,0,7,1,"F",1,62500,687
1514087,22,0,0,4,0,"F",0,112500,688
1514098,22,0,0,10,1,"F",1,187500,689
1514327,22,0,0,9,1,"F",0,87500,690
1514351,22,0,0,11,1,"M",1,187500,691
1514819,22,0,0,11,0,"F",1,30000,692
1516894,22,0,0,10,2,"M",1,250000,693
1518132,22,0,0,8,0,"F",0,62500,694
1518564,22,0,0,7,0,"F",1,112500,695
1519598,22,0,0,12,1,"F",1,187500,696
1520012,22,0,0,5,1,"F",1,187500,697
1520720,22,0,0,11,2,"F",1,62500,698
1522154,22,0,0,10,1,"F",1,137500,699
1522471,22,0,0,10,0,"M",1,162500,700
1523997,22,0,0,9,0,"F",1,225000,701
1524038,22,0,0,10,1,"F",1,250000,702
1524967,22,0,0,1.25,0,"F",1,250000,703
1525049,22,0,0,11,0,"F",1,187500,704
1525556,22,0,0,11,1,"M",1,162500,705
1526044,22,0,0,8,0,"M",1,87500,706
1526280,22,0,0,9,1,"M",1,20000,707
1526638,22,0,0,8,0,"F",1,225000,708
1527800,22,0,0,5,0,"F",1,137500,709
1527932,22,0,0,10,0,"F",1,187500,710
1527966,22,0,0,10,0,"F",1,250000,711
1528038,22,0,0,8,0,"M",1,225000,712
1528103,22,0,0,10,0,"F",1,225000,713
1528515,22,1,0,2,4,"F",0,225000,714
1529646,22,0,0,11,0,"F",1,225000,715
1530199,22,0,0,5,0,"M",1,62500,716
1530200,22,0,0,11,0,"F",1,137500,717
1530561,22,0,0,10,1,"F",1,42500,718
1530887,22,0,0,10,1,"F",1,87500,719
1531800,22,0,0,10,1,"F",0,62500,720
1531915,22,0,0,8,2,"F",1,250000,721
1531924,22,0,0,13,0,"F",0,225000,722
1531984,22,0,0,10,2,"F",0,42500,723
1532052,22,0,0,10,0,"M",1,87500,724
1532113,22,0,0,12,1,"F",1,87500,725
1532334,22,0,0,9,2,"F",1,225000,726
1532420,22,0,0,6,0,"F",1,30000,727
1532431,22,0,0,11,2,"F",0,20000,728
1532738,22,0,0,16,0,"F",1,225000,729
1532841,22,0,0,10,0,"F",1,42500,730
1533843,22,0,0,10,0,"F",1,42500,731
1533874,22,0,0,8,2,"F",1,137500,732
1533971,22,0,0,9,1,"F",1,137500,733
1534792,22,0,0,10,1,"F",1,187500,734
1535057,22,0,0,9,0,"F",1,137500,735
1535333,22,0,0,10,1,"M",1,87500,736
1535547,22,0,0,11,0,"F",1,187500,737
1535701,22,0,0,10,0,"M",1,62500,738
1535732,22,0,0,11,0,"F",1,187500,739
1535755,22,0,0,10,0,"F",1,112500,740
1536000,22,0,0,10,0,"F",1,187500,741
1536405,22,0,0,10,0,"F",1,62500,742
1536527,22,0,0,4,0,"F",1,225000,743
1536579,22,0,0,8,0,"F",1,187500,744
1537347,22,0,0,9,0,"F",1,225000,745
1537995,22,0,0,1,0,"F",0,62500,746
1538175,22,0,0,11,1,"F",1,250000,747
1538662,22,1,0,10,2,"F",1,112500,748
1538919,22,0,0,6,1,"F",1,250000,749
1539494,22,0,0,12,0,"F",1,250000,750
1539570,22,0,0,9,0,"F",1,87500,751
1540059,22,0,0,11,0,"M",1,87500,752
1540194,22,1,0,2,2,"F",1,187500,753
1540364,22,0,0,9,1,"F",1,7500,754
1540829,22,1,0,11,3,"F",1,187500,755
1540910,22,1,0,10,3,"F",1,137500,756
1540936,22,0,0,8,0,"F",1,62500,757
1541156,22,0,0,11,2,"F",1,7500,758
1541593,22,0,0,10,1,"F",1,250000,759
1541662,22,0,0,10,0,"F",1,112500,760
1541734,22,0,0,9,1,"F",1,137500,761
1541834,22,0,0,3,0,"F",1,250000,762
1541894,22,0,0,9,0,"F",0,42500,763
1542247,22,0,0,11,0,"F",1,225000,764
1542523,22,1,0,11,1,"F",1,187500,765
1542740,22,0,0,10,1,"F",0,30000,766
1543012,22,0,0,9,0,"M",1,112500,767
1543181,22,0,0,6,1,"M",1,250000,768
1543552,22,0,0,10,0,"F",0,112500,769
1543563,22,0,0,10,1,"F",1,250000,770
1543633,22,0,0,10,1,"F",1,112500,771
1544590,22,0,0,7,3,"F",0,187500,772
1544693,22,0,0,8,1,"F",1,250000,773
1545273,22,0,0,9,1,"F",0,137500,774
1545322,22,0,0,11,0,"M",1,250000,775
1546709,22,0,0,10,0,"F",1,250000,776
1546922,22,0,0,10,0,"M",1,137500,777
1546932,22,0,0,7,0,"F",0,112500,778
1546959,22,0,0,11,2,"F",1,187500,779
1546989,22,0,0,10,0,"M",1,225000,780
1547464,22,1,0,10,2,"F",1,87500,781
1547476,22,0,0,9,0,"F",0,225000,782
1547622,22,0,0,10,0,"F",1,187500,783
1547752,22,0,0,8,0,"F",1,112500,784
1547850,22,0,0,8,0,"F",1,20000,785
1548040,22,0,0,6,1,"F",0,112500,786
1548129,22,0,0,7,1,"F",1,112500,787
1548209,22,0,0,9,1,"F",1,20000,788
1548503,22,0,0,9,0,"F",1,62500,789
1548540,22,0,0,12,0,"F",1,87500,790
1548673,22,0,0,9,0,"F",1,112500,791
1549599,22,0,0,11,0,"M",1,187500,792
1550040,22,0,0,11,0,"M",1,20000,793
1550161,22,0,0,11,0,"F",1,62500,794
1550456,22,0,0,11,0,"F",1,225000,795
1550894,22,0,0,11,1,"F",1,87500,796
1551030,22,0,0,9,0,"F",1,225000,797
1551330,22,0,0,5,0,"M",1,87500,798
1551510,22,0,0,6,0,"F",1,162500,799
1551891,22,0,0,12,1,"F",1,187500,800
1552409,22,0,0,11,0,"M",1,137500,801
1552458,22,0,0,10,1,"F",1,62500,802
1552507,22,0,0,10,1,"F",1,137500,803
1552803,22,0,0,11,1,"F",1,225000,804
1552831,22,0,0,11,1,"M",1,112500,805
1553098,22,0,0,9,0,"F",1,87500,806
1553185,22,0,0,10,1,"F",1,187500,807
1553615,22,0,0,11,0,"F",1,187500,808
1553840,22,0,0,10,2,"M",1,20000,809
1553857,22,0,0,3,0,"M",1,87500,810
1553951,22,0,0,10,0,"F",1,225000,811
1554033,22,0,0,3,1,"F",1,62500,812
1554034,22,0,0,8,0,"F",1,162500,813
1554062,22,0,0,5,1,"F",1,87500,814
1554533,22,0,0,10,0,"F",1,62500,815
1554853,22,0,0,6,0,"M",1,42500,816
1554983,22,0,0,5,0,"M",1,87500,817
1555310,22,0,0,14,1,"F",1,187500,818
1555529,22,0,0,11,0,"M",1,225000,819
1555776,22,0,0,11,1,"F",1,20000,820
1555876,22,0,0,6,0,"F",0,112500,821
1556592,22,0,0,6,0,"F",1,62500,822
1556634,22,0,0,7,0,"M",0,87500,823
1556652,22,0,0,8,0,"F",1,42500,824
1557407,22,0,0,7,0,"F",1,162500,825
1557751,22,0,0,11,1,"F",1,162500,826
1558181,22,0,0,9,0,"F",0,62500,827
1558593,22,0,0,11,3,"F",1,137500,828
1559861,22,0,0,7,1,"F",0,20000,829
1560624,22,0,0,10,0,"F",1,62500,830
1561366,22,0,0,10,1,"F",1,62500,831
1561573,22,0,0,6,0,"F",1,137500,832
1563321,22,0,0,7,0,"F",1,187500,833
1563505,22,0,0,6,0,"M",0,62500,834
1563807,22,1,0,11,2,"F",0,112500,835
1564353,22,0,0,7,0,"F",1,137500,836
1564381,22,0,0,9,1,"F",1,42500,837
1564432,22,0,0,9,0,"F",1,20000,838
1564440,22,0,0,9,0,"F",1,62500,839
1564588,22,0,0,3,0,"F",1,162500,840
1565437,22,0,0,11,1,"F",1,87500,841
1565459,22,0,0,10,1,"F",1,162500,842
1565552,22,0,0,7,1,"F",1,187500,843
1565565,22,0,0,7,0,"M",0,112500,844
1565621,22,0,0,9,1,"F",1,42500,845
1566766,22,0,0,8,0,"F",1,62500,846
1566910,22,0,0,6,1,"M",0,42500,847
1567216,22,0,0,10,1,"F",1,112500,848
1567225,22,0,0,12,1,"F",1,42500,849
1567585,22,0,0,10,1,"M",0,87500,850
1568736,22,0,0,5,0,"F",1,137500,851
1569143,22,0,0,10,1,"F",1,87500,852
1569250,22,0,0,9,1,"M",0,7500,853
1570352,22,0,0,8,1,"F",1,62500,854
1570791,22,0,0,9,0,"F",1,112500,855
1571168,22,0,0,11,1,"F",1,42500,856
1571704,22,1,0,10,1,"F",1,42500,857
1572013,22,0,0,9,1,"F",1,87500,858
1572475,22,0,0,10,1,"F",1,87500,859
1572791,22,0,0,4,1,"F",0,137500,860
1572826,22,0,0,10,2,"F",1,87500,861
1572876,22,0,0,7,0,"M",0,20000,862
1573368,22,0,0,10,0,"M",0,62500,863
1573406,22,0,0,1.85227274894714,0,"F",1,87500,864
1573782,22,0,0,9,0,"F",1,112500,865
1573961,22,0,0,9,0,"M",1,62500,866
1574217,22,0,0,8,0,"M",1,187500,867
1574944,22,0,0,11,0,"F",1,87500,868
1575622,22,0,0,8,0,"F",1,137500,869
1575638,22,0,0,10,1,"F",1,87500,870
1575664,22,0,0,9,0,"F",0,20000,871
1576304,22,0,0,11,2,"M",1,250000,872
1576669,22,1,0,10,4,"F",1,112500,873
1576876,22,1,0,9,1,"F",1,137500,874
1576998,22,0,0,8,1,"F",1,250000,875
1577505,22,0,0,7,2,"M",0,20000,876
1577931,22,1,0,10,2,"F",0,112500,877
1580292,22,0,0,10,0,"F",1,250000,878
1580324,22,0,0,11,0,"M",1,87500,879
1580380,22,0,0,9,0,"F",1,187500,880
1580422,22,0,0,1.49230766296387,2,"M",1,225000,881
1580699,22,0,0,8,0,"M",1,30000,882
1581113,22,0,0,10,0,"F",0,112500,883
1581720,22,0,0,11,1,"F",1,250000,884
1582050,22,0,0,10,1,"F",1,137500,885
1582294,22,0,0,9,1,"F",1,250000,886
1582445,22,0,0,6,0,"F",1,137500,887
1582970,22,0,0,1.60714280605316,0,"F",1,187500,888
1583212,22,0,0,10,0,"F",1,250000,889
1583903,22,0,0,11,0,"F",1,250000,890
1583918,22,0,0,10,0,"F",0,162500,891
1584353,22,0,0,8,1,"F",0,87500,892
1584557,22,0,0,10,1,"F",1,62500,893
1584736,22,0,0,11,0,"F",0,87500,894
1584822,22,0,0,9,0,"F",1,62500,895
1585152,22,0,0,14,2,"F",1,30000,896
1586387,22,0,0,11,1,"F",1,187500,897
1586988,22,0,0,8,0,"F",1,87500,898
1587401,22,0,0,9,2,"F",1,87500,899
1587615,22,0,0,11,1,"F",1,30000,900
1587812,22,0,0,3.25490188598633,0,"F",1,225000,901
1588035,22,0,0,5,0,"F",1,112500,902
1588596,22,0,0,10,1,"M",1,137500,903
1588827,22,0,0,4,0,"M",1,137500,904
1588865,22,0,0,6,0,"M",1,112500,905
1589682,22,0,0,11,0,"F",1,250000,906
1589774,22,0,0,8,0,"M",1,62500,907
1590492,22,0,0,11,1,"M",1,250000,908
1590674,22,0,0,9,0,"F",1,20000,909
1590711,22,0,0,8,0,"F",1,187500,910
1590921,22,0,0,11,2,"F",1,250000,911
1590969,22,0,0,10,3,"F",0,42500,912
1591056,22,0,0,4,0,"F",1,225000,913
1591165,22,0,0,3,0,"F",1,250000,914
1591251,22,0,0,10,1,"F",0,87500,915
1591366,22,0,0,9,0,"M",1,250000,916
1591670,22,0,0,11,1,"M",1,137500,917
1591722,22,0,0,9,1,"F",0,62500,918
1591917,22,0,0,11,0,"F",1,187500,919
1591990,22,0,0,2,0,"M",0,42500,920
1592216,22,0,0,10,0,"F",1,62500,921
1592278,22,0,0,9,1,"F",1,187500,922
1592293,22,0,0,9,0,"F",1,112500,923
1592707,22,0,0,11,1,"F",1,250000,924
1592744,22,0,0,9,2,"F",0,112500,925
1592908,22,0,0,12,0,"F",1,87500,926
1593038,22,0,0,9,1,"F",1,112500,927
1593301,22,0,0,9,0,"M",1,62500,928
1593487,22,0,0,11,0,"M",1,87500,929
1593651,22,0,0,7,2,"F",1,42500,930
1593813,22,0,0,11,1,"F",0,20000,931
1594152,22,0,0,10,0,"F",1,87500,932
1594307,22,0,0,10,3,"F",0,87500,933
1594407,22,0,0,10,0,"F",1,187500,934
1594775,22,0,0,11,1,"F",1,42500,935
1596452,22,0,0,11,3,"F",1,112500,936
1596829,22,0,0,8,0,"M",1,112500,937
1597491,22,0,0,10,2,"F",1,42500,938
1598463,22,0,0,11,1,"F",1,62500,939
1598633,22,0,0,12,0,"F",1,112500,940
1598919,22,0,0,5,0,"F",0,62500,941
1599722,22,1,0,11,4,"M",1,42500,942
1599748,22,0,0,9,3,"F",0,7500,943
1601262,22,0,0,9,0,"F",1,62500,944
1601710,22,0,0,10,0,"F",1,87500,945
1601726,22,0,0,9,1,"F",1,87500,946
1602013,22,0,0,5,0,"F",0,42500,947
1602093,22,0,0,2,0,"M",1,42500,948
1602541,22,0,0,4,0,"M",1,112500,949
1603217,22,0,0,11,0,"F",1,62500,950
1603225,22,0,0,11,0,"F",0,225000,951
1603429,22,0,0,10,0,"F",1,62500,952
1604015,22,0,0,12,2,"F",1,62500,953
1604126,22,0,0,11,0,"F",1,112500,954
1604128,22,0,0,10,3,"F",0,187500,955
1604268,22,0,0,1,0,"F",1,62500,956
1604528,22,0,0,8,0,"F",1,112500,957
1605044,22,0,0,11,0,"F",1,225000,958
1605048,22,0,0,8,1,"F",1,187500,959
1605961,22,0,0,10,0,"F",0,112500,960
1608086,22,0,0,7,1,"F",0,112500,961
1608536,22,0,0,9,0,"M",1,87500,962
1608611,22,0,0,10,0,"F",1,62500,963
1608612,22,0,0,13,3,"F",0,20000,964
1608644,22,0,0,11,1,"F",0,250000,965
1609138,22,0,0,1.7922078371048,0,"F",1,112500,966
1609335,22,0,0,9,0,"F",1,87500,967
1609688,22,0,0,9,0,"F",0,42500,968
1609694,22,0,0,11,0,"M",1,42500,969
1609742,22,0,0,11,2,"F",1,20000,970
1610234,22,0,0,10,0,"F",1,42500,971
1610404,22,0,0,9,0,"M",0,62500,972
1611512,22,0,0,5,0,"F",1,30000,973
1611563,22,0,0,5,0,"F",1,250000,974
1612208,22,0,0,10,3,"M",1,187500,975
1612444,22,0,0,11,5,"F",1,250000,976
1612702,22,0,0,12,2,"F",1,137500,977
1612863,22,0,0,11,0,"F",0,42500,978
1612987,22,0,0,11,1,"F",0,187500,979
1613295,22,0,0,16,2,"F",1,7500,980
1613630,22,0,0,8,1,"F",1,137500,981
1613669,22,0,0,12,0,"F",1,225000,982
1613754,22,0,0,9,1,"F",1,250000,983
1613787,22,0,0,11,0,"M",1,187500,984
1614408,22,0,0,7,0,"F",1,225000,985
1614896,22,0,0,9,1,"F",0,112500,986
1614950,22,0,0,9,1,"F",1,62500,987
1614982,22,0,0,11,0,"M",0,62500,988
1615046,22,0,0,11,1,"F",0,42500,989
1615126,22,0,0,7,0,"M",1,112500,990
1616126,22,0,0,5,0,"F",1,112500,991
1616413,22,0,0,6,0,"F",1,42500,992
1617245,22,1,0,11,2,"F",0,30000,993
1617490,22,0,0,10,0,"F",1,187500,994
1617675,22,0,0,11,0,"F",0,87500,995
1617709,22,0,0,3,0,"F",1,62500,996
1618855,22,0,0,4,1,"F",0,62500,997
1619223,22,0,0,10,0,"F",1,20000,998
1620927,22,0,0,8,0,"M",0,112500,999
1620942,22,0,0,10,0,"F",1,20000,1000
117514,23,0,0,8,1,"F",0,42500,1
287398,23,0,0,5,0,"F",0,42500,2
469734,23,0,0,7,2,"F",1,250000,3
1054974,23,0,0,6,1,"F",1,137500,4
1060246,23,0,0,8,4,"F",1,62500,5
1061355,23,0,0,5,2,"F",1,87500,6
1061649,23,0,0,5,1,"M",1,225000,7
1062171,23,0,0,5,1,"F",1,250000,8
1063617,23,0,0,5,1,"F",1,250000,9
1068288,23,0,0,7,1,"F",0,30000,10
1071414,23,0,0,5,1,"F",1,62500,11
1077480,23,0,0,2,0,"F",0,62500,12
1081075,23,0,0,5,2,"F",1,250000,13
1081928,23,0,0,5,0,"F",1,62500,14
1082351,23,0,0,1,0,"F",0,30000,15
1087152,23,0,0,7,1,"F",1,187500,16
1089142,23,1,0,5,2,"F",1,87500,17
1091840,23,0,0,8,1,"F",1,30000,18
1094021,23,0,0,3,0,"F",1,87500,19
1094281,23,0,0,3,0,"F",1,62500,20
1100417,23,0,0,4,3,"F",1,62500,21
1100757,23,0,0,4,2,"F",0,112500,22
1102828,23,0,0,7,0,"F",0,62500,23
1103923,23,0,0,3,0,"F",1,225000,24
1107037,23,0,0,6,1,"F",1,112500,25
1108749,23,0,0,6,0,"F",0,87500,26
1108764,23,1,0,6,2,"F",0,62500,27
1111628,23,0,0,4,1,"F",1,137500,28
1111718,23,0,0,4,0,"F",1,112500,29
1114150,23,0,0,4,1,"F",0,30000,30
1117270,23,0,0,2,1,"M",1,20000,31
1120531,23,0,0,5,2,"F",1,62500,32
1122158,23,1,0,6,3,"F",0,62500,33
1128451,23,0,0,4,0,"F",1,42500,34
1136393,23,0,0,6,0,"F",0,112500,35
1136784,23,0,0,5,1,"M",0,225000,36
1139371,23,0,0,4,0,"F",0,42500,37
1139886,23,0,0,7,1,"F",1,112500,38
1144195,23,0,0,4,1,"M",1,250000,39
1144979,23,1,0,7,2,"F",1,112500,40
1145339,23,0,0,5,0,"F",1,62500,41
1145483,23,0,0,2,0,"F",0,7500,42
1146117,23,0,0,4,0,"M",0,87500,43
1147315,23,0,1,6,1,"F",1,187500,44
1148446,23,0,0,7,1,"F",0,20000,45
1149897,23,0,0,4,0,"M",0,30000,46
1149964,23,0,0,7,0,"F",1,42500,47
1150751,23,0,0,5,0,"M",0,7500,48
1150797,23,0,0,7,0,"F",1,162500,49
1151559,23,0,0,8,0,"F",1,112500,50
1151769,23,0,0,7,1,"F",0,112500,51
1152166,23,1,0,5,2,"M",1,137500,52
1152366,23,0,1,6,0,"F",1,87500,53
1153528,23,0,0,6,0,"M",1,62500,54
1153766,23,0,0,5,0,"F",1,162500,55
1155123,23,0,0,2,0,"F",1,112500,56
1156205,23,1,1,10,8,"F",0,112500,57
1156827,23,0,0,5,1,"F",0,7500,58
1157198,23,0,0,3,0,"F",1,20000,59
1165832,23,0,0,7,1,"F",0,62500,60
1166157,23,0,0,11,5,"F",0,137500,61
1167911,23,0,0,6,3,"F",1,87500,62
1168134,23,0,0,7,3,"F",0,162500,63
1168271,23,0,0,7,0,"F",1,112500,64
1171923,23,0,0,6,2,"F",0,62500,65
1172112,23,0,0,4,0,"F",0,20000,66
1174038,23,0,0,3,2,"M",1,112500,67
1174562,23,0,0,6,0,"F",1,62500,68
1174985,23,0,0,7,1,"F",1,62500,69
1176048,23,0,0,6,1,"F",1,62500,70
1179432,23,2,0,7,3,"F",1,87500,71
1179878,23,0,0,4,1,"M",1,62500,72
1180407,23,0,0,5,0,"F",0,62500,73
1180590,23,0,0,5,3,"F",0,112500,74
1180640,23,0,0,2,1,"F",1,62500,75
1181283,23,0,0,2,0,"F",1,62500,76
1181372,23,0,0,1,0,"M",1,62500,77
1181576,23,0,0,3,0,"F",1,87500,78
1182877,23,0,0,6,1,"M",1,62500,79
1184139,23,0,0,5,0,"F",1,20000,80
1184169,23,0,1,7,1,"F",1,112500,81
1184297,23,0,0,6,1,"M",1,112500,82
1184913,23,0,0,4,0,"F",1,87500,83
1185813,23,0,0,4,0,"M",1,87500,84
1185876,23,0,0,2,0,"F",1,137500,85
1186126,23,0,0,7,2,"F",1,62500,86
1187131,23,0,0,2,0,"M",0,42500,87
1187232,23,0,0,6,1,"F",0,62500,88
1187420,23,0,0,9,5,"F",1,87500,89
1187873,23,0,0,5,1,"M",1,112500,90
1187978,23,0,0,5,0,"F",1,62500,91
1188069,23,0,0,5,1,"F",1,162500,92
1188761,23,0,0,5,0,"F",1,162500,93
1188833,23,1,1,5,2,"F",1,62500,94
1189258,23,0,0,6,0,"F",1,225000,95
1189412,23,0,0,2,2,"F",1,20000,96
1189715,23,0,0,4,0,"M",1,162500,97
1189764,23,0,0,4,1,"F",1,137500,98
1190134,23,0,0,6,1,"F",0,20000,99
1190711,23,0,0,7,0,"F",1,162500,100
1191253,23,0,0,3,1,"F",0,62500,101
1191595,23,0,0,7,3,"F",1,62500,102
1191968,23,0,0,2,0,"F",1,112500,103
1192704,23,3,0,4,3,"F",1,62500,104
1192874,23,0,0,3,0,"F",1,62500,105
1193114,23,0,0,6,0,"F",1,162500,106
1193232,23,0,0,2,1,"M",1,112500,107
1193743,23,0,0,6,2,"F",1,20000,108
1193751,23,0,0,3,2,"F",0,42500,109
1193787,23,1,0,5,1,"F",1,62500,110
1194121,23,0,0,2,0,"F",0,42500,111
1194319,23,0,0,4,0,"F",0,62500,112
1194477,23,0,0,9,3,"F",1,112500,113
1195243,23,0,0,6,2,"F",1,62500,114
1195315,23,0,0,4,1,"M",1,112500,115
1195629,23,0,0,7,1,"M",1,62500,116
1196370,23,2,0,7,5,"F",0,137500,117
1196373,23,0,0,3,0,"F",1,87500,118
1196532,23,0,0,4,1,"F",1,112500,119
1196672,23,0,0,5,1,"F",0,62500,120
1196715,23,0,0,6,2,"F",1,62500,121
1196867,23,0,0,4,0,"F",1,62500,122
1197628,23,0,0,4,1,"M",0,137500,123
1198131,23,0,0,3,0,"F",0,42500,124
1198229,23,0,0,5,1,"F",1,62500,125
1198340,23,0,0,2,0,"F",1,112500,126
1198656,23,0,0,4,1,"F",0,42500,127
1198936,23,0,0,6,1,"M",0,162500,128
1199872,23,0,0,6,1,"F",0,87500,129
1202556,23,0,0,5,1,"F",1,62500,130
1204291,23,0,0,3,0,"F",0,20000,131
1204517,23,0,0,6,2,"F",1,62500,132
1204703,23,0,0,4,0,"F",0,87500,133
1205899,23,0,0,4,1,"F",1,162500,134
1207119,23,0,0,4,0,"F",1,62500,135
1208107,23,0,0,3,0,"F",1,112500,136
1208888,23,0,0,2,0,"F",0,20000,137
1209486,23,0,0,6,1,"F",1,62500,138
1209955,23,0,0,3,2,"M",1,225000,139
1210800,23,0,0,6,1,"F",1,250000,140
1211027,23,0,0,3,0,"F",1,112500,141
1211068,23,0,0,11,1,"F",0,250000,142
1211288,23,0,0,7,1,"F",0,7500,143
1211807,23,0,0,2,0,"F",1,42500,144
1212464,23,1,0,5,1,"F",0,42500,145
1213078,23,0,0,6,0,"F",1,250000,146
1213693,23,0,0,7,0,"F",1,162500,147
1216811,23,1,0,7,3,"F",1,162500,148
1217376,23,1,1,7,3,"F",1,137500,149
1217401,23,0,0,4,0,"F",0,62500,150
1221162,23,0,0,7,2,"F",1,62500,151
1222034,23,0,0,6,0,"M",1,87500,152
1222561,23,0,0,7,0,"F",1,62500,153
1224353,23,0,0,6,1,"F",1,87500,154
1224379,23,1,0,5,2,"F",1,162500,155
1225029,23,0,0,3,2,"F",1,62500,156
1225288,23,0,0,5,0,"F",1,112500,157
1225581,23,0,0,6,0,"F",1,30000,158
1226932,23,1,1,4,1,"F",1,87500,159
1226943,23,0,1,8,5,"F",1,162500,160
1227191,23,0,0,6,0,"F",1,112500,161
1227743,23,0,0,5,0,"F",0,62500,162
1228628,23,1,0,5,5,"F",1,62500,163
1228793,23,0,1,8,4,"F",0,87500,164
1229147,23,1,0,6,1,"F",1,87500,165
1229564,23,2,0,7,3,"F",1,62500,166
1229612,23,0,0,5,1,"M",1,187500,167
1229771,23,0,0,7,0,"F",1,87500,168
1229884,23,0,0,4,2,"F",1,112500,169
1230105,23,0,1,7,0,"F",1,137500,170
1230445,23,0,0,7,1,"F",1,62500,171
1230648,23,0,0,8,2,"F",1,87500,172
1230860,23,0,0,6,1,"F",1,62500,173
1231637,23,0,0,3,1,"F",1,112500,174
1233436,23,1,0,6,4,"F",0,162500,175
1233553,23,0,0,6,2,"F",1,112500,176
1234916,23,0,1,6,2,"M",1,62500,177
1237257,23,0,0,5,1,"F",1,62500,178
1237667,23,0,0,6,0,"F",1,87500,179
1238108,23,0,0,5,1,"F",1,42500,180
1238707,23,0,0,5,0,"F",1,62500,181
1238904,23,0,0,3,0,"M",1,87500,182
1239286,23,0,0,5,0,"F",1,250000,183
1239623,23,0,0,5,1,"F",0,42500,184
1239849,23,0,0,3,0,"F",1,112500,185
1239936,23,0,0,2,0,"F",0,7500,186
1240102,23,0,0,5,1,"F",0,62500,187
1241439,23,0,0,5,2,"F",1,112500,188
1241595,23,0,1,6,2,"F",1,62500,189
1241711,23,0,0,5,0,"F",1,87500,190
1242022,23,0,0,5,2,"F",1,62500,191
1242223,23,0,0,6,0,"M",1,137500,192
1242542,23,0,0,4,0,"M",1,137500,193
1243937,23,0,0,8,0,"F",1,87500,194
1244277,23,0,0,1,1,"F",0,112500,195
1245286,23,0,0,3,1,"F",1,62500,196
1246704,23,0,1,8,1,"F",1,87500,197
1247392,23,1,0,4,2,"F",1,87500,198
1248826,23,0,0,5,3,"F",1,87500,199
1249794,23,0,0,6,2,"F",0,137500,200
1250074,23,0,0,3,1,"F",0,87500,201
1250242,23,0,0,5,0,"F",0,250000,202
1250577,23,0,0,7,2,"F",1,62500,203
1250585,23,0,0,6,1,"F",1,187500,204
1250879,23,0,0,4,0,"F",1,137500,205
1250899,23,0,0,4,0,"M",1,112500,206
1251138,23,0,0,5,0,"M",1,137500,207
1251550,23,0,0,5,1,"F",1,62500,208
1251623,23,0,0,6,0,"F",1,7500,209
1251804,23,0,0,5,2,"F",0,137500,210
1251816,23,0,0,6,2,"F",1,137500,211
1252257,23,0,0,6,1,"F",0,87500,212
1252297,23,0,0,5,0,"M",1,62500,213
1252403,23,0,0,9,2,"M",1,62500,214
1252534,23,0,0,6,0,"F",1,187500,215
1252759,23,0,1,6,2,"F",1,137500,216
1252878,23,0,0,6,2,"F",1,137500,217
1254168,23,1,0,5,3,"F",1,62500,218
1254684,23,0,0,7,1,"M",1,112500,219
1258925,23,0,0,5,2,"F",1,42500,220
1259640,23,0,0,6,0,"M",1,87500,221
1259672,23,0,0,5,1,"F",1,62500,222
1259740,23,0,0,6,1,"F",1,30000,223
1262332,23,0,0,5,1,"F",1,87500,224
1262373,23,0,0,6,1,"F",1,250000,225
1262926,23,0,0,4,1,"F",1,62500,226
1263058,23,0,0,4,0,"F",0,137500,227
1263919,23,0,0,3,0,"M",0,30000,228
1264065,23,0,1,7,2,"F",1,187500,229
1264317,23,0,0,5,0,"F",1,187500,230
1264505,23,0,0,4,1,"F",1,87500,231
1264703,23,0,0,6,2,"F",0,30000,232
1265443,23,0,0,4,4,"F",0,20000,233
1265755,23,1,0,5,2,"F",1,112500,234
1265835,23,1,0,4,1,"F",1,112500,235
1265892,23,0,0,3,1,"F",0,187500,236
1266201,23,0,0,2,0,"F",1,187500,237
1268413,23,0,0,4,0,"F",1,62500,238
1269756,23,0,0,6,0,"F",1,62500,239
1269824,23,0,0,6,4,"M",0,30000,240
1273931,23,0,0,3,0,"F",1,20000,241
1275308,23,0,0,5,0,"M",1,87500,242
1275698,23,0,0,2,1,"F",1,87500,243
1275888,23,0,0,5,0,"F",1,137500,244
1276784,23,1,0,3,3,"F",0,20000,245
1277335,23,0,0,3,0,"F",1,42500,246
1279299,23,1,0,5,2,"M",1,87500,247
1279847,23,0,0,6,0,"F",1,42500,248
1280469,23,0,0,4,4,"F",0,7500,249
1281674,23,0,0,7,2,"F",0,137500,250
1285561,23,1,0,7,1,"F",1,250000,251
1286058,23,0,0,6,0,"F",1,250000,252
1286676,23,0,1,5,2,"M",1,225000,253
1287337,23,0,0,5,1,"F",0,62500,254
1288054,23,0,0,7,1,"F",1,42500,255
1288246,23,0,0,5,1,"F",0,62500,256
1288502,23,0,1,6,0,"M",0,137500,257
1288666,23,0,0,3,1,"F",1,62500,258
1288675,23,0,0,4,2,"F",1,20000,259
1288774,23,0,0,8,2,"F",1,187500,260
1288902,23,0,0,8,2,"F",1,87500,261
1289229,23,1,0,3,2,"F",0,112500,262
1290077,23,0,0,4,0,"F",1,87500,263
1290515,23,0,0,3,2,"F",0,87500,264
1290723,23,0,0,4,0,"F",0,30000,265
1291318,23,0,0,2,1,"F",1,42500,266
1291608,23,0,0,5,0,"F",0,30000,267
1292847,23,0,0,9,0,"F",1,42500,268
1293296,23,0,0,5,1,"F",1,30000,269
1293595,23,0,0,7,2,"F",1,62500,270
1293939,23,0,0,8,0,"F",1,250000,271
1294157,23,0,0,7,1,"F",1,62500,272
1294200,23,0,0,4,3,"F",1,62500,273
1294399,23,0,0,6,1,"F",0,30000,274
1294837,23,0,1,7,1,"F",0,62500,275
1297008,23,0,0,4,1,"F",0,7500,276
1297323,23,0,0,8,1,"F",0,7500,277
1297452,23,0,0,4,0,"M",1,87500,278
1297615,23,0,0,3,1,"F",0,20000,279
1297678,23,0,0,5,1,"M",1,62500,280
1298036,23,0,0,7,0,"F",0,7500,281
1298136,23,0,0,7,2,"M",0,30000,282
1298614,23,0,0,4,3,"F",1,62500,283
1300363,23,1,0,4,1,"M",1,42500,284
1300457,23,0,0,3,0,"M",1,42500,285
1301237,23,0,0,6,0,"F",1,20000,286
1301332,23,0,0,6,2,"M",1,42500,287
1301620,23,0,0,5,0,"F",1,87500,288
1302173,23,0,0,6,2,"F",1,225000,289
1302216,23,0,0,2,1,"F",1,62500,290
1302375,23,0,0,5,0,"F",1,87500,291
1303092,23,0,0,5,2,"F",1,62500,292
1303908,23,0,0,7,1,"M",1,87500,293
1304518,23,0,0,5,0,"F",1,87500,294
1304751,23,0,0,3,1,"F",0,30000,295
1306505,23,0,1,5,1,"F",0,62500,296
1307675,23,0,0,9,1,"F",1,62500,297
1307821,23,0,0,5,0,"M",1,42500,298
1310138,23,0,0,6,2,"F",1,62500,299
1310269,23,0,0,5,1,"F",0,112500,300
1311143,23,0,0,5,1,"M",0,62500,301
1311172,23,0,0,5,1,"M",1,137500,302
1311388,23,0,0,3,1,"M",0,20000,303
1312227,23,0,1,6,2,"F",0,62500,304
1313291,23,0,0,5,1,"F",1,162500,305
1313396,23,0,0,8,0,"F",0,30000,306
1313735,23,0,0,6,3,"F",1,20000,307
1313856,23,0,0,6,2,"F",0,20000,308
1314520,23,0,0,7,0,"F",1,62500,309
1314682,23,0,0,3,0,"F",0,20000,310
1314969,23,0,0,5,2,"F",0,87500,311
1315946,23,0,0,7,0,"F",0,62500,312
1317054,23,0,0,5,0,"F",0,7500,313
1317356,23,0,0,5,1,"F",1,62500,314
1318696,23,0,0,1,0,"F",0,62500,315
1318996,23,0,0,5,1,"F",1,62500,316
1319548,23,0,0,6,1,"F",0,20000,317
1319613,23,0,1,5,1,"F",0,137500,318
1319738,23,0,0,5,0,"F",1,137500,319
1320734,23,2,0,5,4,"F",1,20000,320
1320750,23,0,0,4,1,"F",0,7500,321
1322205,23,0,1,12,3,"F",1,62500,322
1322235,23,0,0,5,0,"F",0,62500,323
1322521,23,0,0,4,2,"M",1,42500,324
1322942,23,0,0,6,0,"F",1,87500,325
1323304,23,0,0,7,2,"F",1,162500,326
1323359,23,1,1,9,2,"M",0,187500,327
1323491,23,0,0,4,1,"F",1,250000,328
1323698,23,0,0,5,0,"M",0,250000,329
1323962,23,0,0,4,0,"M",1,62500,330
1324251,23,0,0,3,0,"F",0,20000,331
1324843,23,0,0,5,1,"F",1,87500,332
1325556,23,0,0,4,1,"F",0,20000,333
1327146,23,0,0,6,1,"F",1,162500,334
1328158,23,0,0,7,0,"F",1,62500,335
1328623,23,0,0,7,1,"M",1,30000,336
1328832,23,0,0,5,1,"F",1,187500,337
1329574,23,0,0,6,1,"F",0,42500,338
1330046,23,0,0,3,0,"F",1,112500,339
1330272,23,0,0,5,0,"F",1,137500,340
1330497,23,0,0,6,1,"F",1,162500,341
1331244,23,0,0,6,0,"F",0,30000,342
1331261,23,0,0,3,1,"F",0,7500,343
1331950,23,1,1,6,2,"F",1,62500,344
1333858,23,0,0,4,1,"F",1,112500,345
1335680,23,0,0,2,0,"F",1,62500,346
1335920,23,0,0,5,0,"F",1,42500,347
1335980,23,0,0,4,0,"F",0,20000,348
1336426,23,0,0,3,0,"F",0,20000,349
1336946,23,0,0,5,1,"M",1,20000,350
1338200,23,0,0,5,0,"F",1,162500,351
1338378,23,0,0,5,1,"F",1,225000,352
1339574,23,0,0,6,2,"F",1,42500,353
1339822,23,0,0,5,0,"F",1,112500,354
1340176,23,1,0,5,1,"M",1,42500,355
1340267,23,0,0,5,0,"F",0,42500,356
1341891,23,0,0,6,0,"F",0,62500,357
1342799,23,0,0,6,1,"F",0,62500,358
1343216,23,0,0,4,1,"F",0,187500,359
1344265,23,0,0,3,0,"F",0,87500,360
1344499,23,0,1,7,4,"F",1,87500,361
1344614,23,0,1,6,2,"M",1,225000,362
1345984,23,1,0,6,2,"F",1,112500,363
1346234,23,0,0,2,1,"F",0,162500,364
1347945,23,0,0,6,1,"F",0,112500,365
1348467,23,0,0,6,1,"F",0,87500,366
1348663,23,0,0,5,1,"F",1,62500,367
1348726,23,0,0,5,2,"F",1,62500,368
1349285,23,0,0,5,3,"F",0,42500,369
1349428,23,0,0,6,1,"F",1,87500,370
1349951,23,0,0,6,0,"F",1,20000,371
1350291,23,0,0,6,0,"M",1,87500,372
1350434,23,0,0,6,0,"F",1,162500,373
1351173,23,0,0,4,1,"F",0,87500,374
1351468,23,0,0,5,0,"F",1,7500,375
1351509,23,0,0,2,0,"F",1,62500,376
1351586,23,0,0,7,0,"F",1,162500,377
1351796,23,1,0,8,1,"F",1,7500,378
1352046,23,0,0,8,0,"F",1,87500,379
1352301,23,0,0,3,0,"F",1,42500,380
1352756,23,0,0,5,6,"F",1,62500,381
1352986,23,0,0,6,1,"F",1,42500,382
1353809,23,1,1,9,5,"F",1,112500,383
1353961,23,2,0,6,3,"F",0,20000,384
1354452,23,0,0,6,0,"F",1,62500,385
1354598,23,0,0,6,2,"F",0,42500,386
1354602,23,0,0,4,0,"M",1,62500,387
1354673,23,0,0,7,0,"F",0,7500,388
1355604,23,0,0,5,0,"M",1,7500,389
1356206,23,0,0,5,0,"F",1,62500,390
1358021,23,0,0,6,0,"F",1,112500,391
1358933,23,0,0,7,0,"F",0,112500,392
1361465,23,0,0,3,0,"F",0,137500,393
1362107,23,0,0,3,0,"M",1,162500,394
1363023,23,0,0,6,1,"F",1,30000,395
1363370,23,0,0,4,1,"M",1,62500,396
1364059,23,0,1,7,1,"M",1,112500,397
1366217,23,0,0,5,0,"M",0,112500,398
1366244,23,0,0,8,0,"F",0,112500,399
1367411,23,0,0,7,3,"F",1,20000,400
1367420,23,0,1,11,0,"F",1,162500,401
1368140,23,0,1,8,0,"F",1,62500,402
1368385,23,0,0,5,0,"M",1,162500,403
1369918,23,0,0,5,2,"F",1,87500,404
1372221,23,0,0,5,1,"F",1,7500,405
1372333,23,0,0,4,2,"F",1,62500,406
1374105,23,0,0,6,1,"F",0,7500,407
1374132,23,0,0,5,0,"M",1,62500,408
1374680,23,0,0,5,1,"F",1,62500,409
1375113,23,0,0,6,0,"F",1,87500,410
1376245,23,0,0,1,0,"F",0,62500,411
1377492,23,0,0,6,0,"F",1,137500,412
1377719,23,0,0,6,3,"F",1,137500,413
1378071,23,0,0,3,0,"F",0,62500,414
1378409,23,0,0,7,1,"F",1,62500,415
1380721,23,0,0,2,1,"F",1,42500,416
1381136,23,0,0,5,1,"F",1,62500,417
1381384,23,0,1,6,1,"F",1,162500,418
1381552,23,0,0,5,1,"M",1,87500,419
1381639,23,0,0,6,0,"F",1,225000,420
1381711,23,2,0,5,2,"F",1,87500,421
1382137,23,0,1,6,1,"F",1,112500,422
1382624,23,0,0,7,1,"F",1,62500,423
1382975,23,0,0,8,1,"F",1,112500,424
1384230,23,0,0,8,0,"F",1,137500,425
1384341,23,0,0,7,1,"F",0,137500,426
1385468,23,0,0,6,0,"F",1,250000,427
1385831,23,0,0,4,0,"F",1,42500,428
1386066,23,0,0,2,0,"F",1,112500,429
1386120,23,0,0,5,1,"F",1,42500,430
1387428,23,0,1,6,1,"F",0,62500,431
1387588,23,0,0,5,0,"F",1,42500,432
1388210,23,0,0,4,3,"M",1,62500,433
1388355,23,0,0,4,1,"F",1,62500,434
1388513,23,0,0,5,1,"F",1,162500,435
1388833,23,0,0,7,0,"F",0,42500,436
1389030,23,0,0,4,1,"F",1,62500,437
1389384,23,0,0,5,1,"F",0,42500,438
1389406,23,0,0,6,2,"F",1,87500,439
1389477,23,0,0,6,1,"F",1,62500,440
1390351,23,0,0,5,2,"M",1,162500,441
1392387,23,0,0,5,2,"F",0,87500,442
1393255,23,0,0,5,0,"F",1,87500,443
1393466,23,1,0,3,3,"M",1,87500,444
1393929,23,0,0,10,1,"F",1,225000,445
1394027,23,0,0,3,0,"F",1,162500,446
1395064,23,1,0,7,1,"F",1,162500,447
1395309,23,0,0,6,0,"F",0,42500,448
1395394,23,0,1,9,0,"F",0,7500,449
1396474,23,0,0,3,0,"F",1,62500,450
1396597,23,0,0,6,3,"F",1,87500,451
1396618,23,0,0,3,3,"F",1,87500,452
1396830,23,0,1,6,1,"F",1,87500,453
1397814,23,0,0,5,0,"M",1,137500,454
1398493,23,0,0,3,0,"F",1,87500,455
1398606,23,0,0,5,0,"M",1,20000,456
1399233,23,0,0,4,2,"F",0,42500,457
1399269,23,2,0,8,4,"F",1,62500,458
1399329,23,0,1,7,1,"F",1,112500,459
1401246,23,0,0,3,0,"F",1,42500,460
1401458,23,0,0,5,0,"F",1,62500,461
1403021,23,0,0,5,0,"F",1,112500,462
1403631,23,0,0,4,0,"F",1,62500,463
1403972,23,0,1,10,7,"F",1,162500,464
1404355,23,0,0,6,0,"F",1,87500,465
1404418,23,0,0,6,1,"F",1,42500,466
1404842,23,0,0,5,1,"M",1,112500,467
1405544,23,0,1,6,1,"F",0,20000,468
1406907,23,0,0,4,0,"F",1,87500,469
1408575,23,0,0,4,2,"M",0,30000,470
1410385,23,1,1,7,2,"F",1,162500,471
1411418,23,0,1,4,0,"M",1,87500,472
1412397,23,0,0,5,3,"M",1,42500,473
1412511,23,0,0,2,1,"F",1,42500,474
1412646,23,0,0,12,1,"F",1,162500,475
1413182,23,1,0,7,1,"F",1,112500,476
1413837,23,0,0,3,0,"F",1,225000,477
1413925,23,0,0,6,4,"F",0,62500,478
1414361,23,0,0,2,0,"F",1,112500,479
1414857,23,1,0,6,1,"M",1,162500,480
1414873,23,0,0,2,0,"F",1,112500,481
1415098,23,3,0,7,7,"F",0,87500,482
1415320,23,0,0,7,1,"F",1,162500,483
1416429,23,0,1,8,5,"F",1,87500,484
1416731,23,0,0,4,3,"F",1,162500,485
1416940,23,0,0,6,0,"F",0,137500,486
1417159,23,0,0,5,0,"M",0,20000,487
1417523,23,0,0,3,0,"F",1,187500,488
1418358,23,0,0,5,5,"F",0,112500,489
1418818,23,1,0,5,1,"F",1,87500,490
1419071,23,0,1,8,2,"M",1,87500,491
1419406,23,0,0,5,1,"F",1,62500,492
1419467,23,0,0,5,1,"F",1,162500,493
1419627,23,0,0,7,1,"M",1,87500,494
1419833,23,0,0,7,3,"F",1,225000,495
1420095,23,0,0,3,0,"M",1,187500,496
1420139,23,0,0,5,3,"F",1,112500,497
1420150,23,1,0,5,1,"F",0,7500,498
1420458,23,0,0,8,1,"M",1,20000,499
1420461,23,0,1,4,0,"F",1,62500,500
1420462,23,1,0,8,4,"F",1,162500,501
1420478,23,0,0,5,1,"F",1,42500,502
1420505,23,0,0,5,1,"F",0,7500,503
1420957,23,0,0,5,0,"F",1,225000,504
1420990,23,0,0,5,3,"F",0,87500,505
1421112,23,0,0,5,0,"F",0,87500,506
1421265,23,0,0,9,2,"F",0,137500,507
1421359,23,0,0,4,0,"F",0,7500,508
1422155,23,0,1,7,1,"F",1,187500,509
1422249,23,0,0,3,0,"M",0,62500,510
1424297,23,0,0,3,0,"M",1,20000,511
1424626,23,0,1,7,1,"F",0,112500,512
1425960,23,0,0,6,1,"F",0,20000,513
1426165,23,0,0,7,1,"F",0,112500,514
1426230,23,0,0,5,0,"F",0,7500,515
1426266,23,0,0,6,0,"F",1,112500,516
1426799,23,0,1,5,0,"F",1,87500,517
1427258,23,0,0,4,0,"F",0,62500,518
1427579,23,0,0,3,2,"F",1,87500,519
1427915,23,0,0,4,2,"F",0,62500,520
1428277,23,0,0,5,0,"M",1,112500,521
1429936,23,0,2,7,1,"F",1,187500,522
1430214,23,0,0,7,3,"M",0,112500,523
1430754,23,0,0,6,1,"M",1,187500,524
1431104,23,0,0,6,1,"F",0,250000,525
1431118,23,0,0,5,1,"F",1,62500,526
1431340,23,2,0,5,5,"F",0,87500,527
1431513,23,0,0,6,1,"F",1,62500,528
1431697,23,0,0,3,1,"F",1,87500,529
1431949,23,0,0,4,0,"F",1,42500,530
1432387,23,0,0,6,1,"F",0,162500,531
1432724,23,0,0,6,0,"F",1,20000,532
1432840,23,0,0,7,2,"F",1,20000,533
1432998,23,0,0,3,1,"F",1,62500,534
1433194,23,1,0,7,1,"F",1,42500,535
1433587,23,0,0,5,1,"M",1,87500,536
1434275,23,0,0,8,3,"F",1,20000,537
1434712,23,0,0,3,0,"F",1,42500,538
1435022,23,0,0,3,0,"F",1,187500,539
1435557,23,0,0,3,1,"M",1,62500,540
1435794,23,0,0,4,0,"F",0,87500,541
1435996,23,0,0,6,1,"F",1,112500,542
1436928,23,0,0,5,1,"F",1,112500,543
1437747,23,0,0,6,0,"F",1,137500,544
1437857,23,1,1,7,1,"M",1,62500,545
1437869,23,0,0,6,4,"F",1,187500,546
1437899,23,0,1,8,0,"F",1,137500,547
1438760,23,0,1,5,2,"F",1,137500,548
1438884,23,0,0,6,0,"M",1,87500,549
1439629,23,0,0,5,1,"F",1,7500,550
1439689,23,0,0,5,1,"F",1,112500,551
1439713,23,0,0,6,0,"F",1,62500,552
1440356,23,1,0,2,2,"M",1,250000,553
1441053,23,0,0,5,4,"M",1,30000,554
1441466,23,1,1,8,1,"F",1,250000,555
1442287,23,0,0,6,1,"F",0,187500,556
1442704,23,0,0,6,2,"F",1,87500,557
1443687,23,0,0,6,0,"F",0,87500,558
1443964,23,0,0,5,0,"F",1,250000,559
1444485,23,0,0,6,2,"F",1,112500,560
1445100,23,0,0,5,0,"F",1,87500,561
1446288,23,0,0,11,1,"F",0,62500,562
1447092,23,0,0,3,1,"M",1,42500,563
1447298,23,0,0,7,0,"F",1,62500,564
1448763,23,0,0,4,0,"F",0,62500,565
1448901,23,0,0,4,1,"F",0,62500,566
1449431,23,0,0,4,0,"F",1,137500,567
1450170,23,0,0,11,2,"F",0,62500,568
1450180,23,0,0,4,0,"M",1,62500,569
1450746,23,1,0,6,3,"F",1,7500,570
1450805,23,0,0,3,0,"M",1,225000,571
1450890,23,0,0,6,2,"F",1,225000,572
1451275,23,0,0,5,0,"M",1,62500,573
1451865,23,0,0,4,0,"F",1,225000,574
1452879,23,0,0,8,0,"F",1,137500,575
1454110,23,0,0,4,1,"F",1,62500,576
1454343,23,1,1,7,2,"M",0,30000,577
1454425,23,1,0,7,2,"F",1,112500,578
1454661,23,0,1,8,0,"F",1,87500,579
1455466,23,0,0,5,0,"F",1,87500,580
1455615,23,0,0,3,1,"F",1,7500,581
1455721,23,0,0,1,0,"M",1,87500,582
1455906,23,0,0,7,1,"F",1,250000,583
1456029,23,0,0,4,1,"F",1,42500,584
1456155,23,1,0,7,2,"F",1,250000,585
1456186,23,0,0,4,1,"F",1,20000,586
1456531,23,0,0,6,1,"F",1,187500,587
1456609,23,0,0,4,0,"F",1,62500,588
1456628,23,0,0,5,0,"F",1,250000,589
1456919,23,0,0,3,1,"F",1,30000,590
1457625,23,0,0,5,0,"F",1,112500,591
1457777,23,0,0,4,0,"F",1,62500,592
1457830,23,0,0,2,0,"F",1,112500,593
1457984,23,0,1,7,1,"F",1,112500,594
1458214,23,0,0,5,1,"F",1,225000,595
1460277,23,0,0,3,0,"F",1,62500,596
1460380,23,0,0,5,2,"F",0,42500,597
1460953,23,1,0,6,1,"F",0,250000,598
1461151,23,0,0,3,0,"F",1,87500,599
1461397,23,0,0,5,1,"F",1,137500,600
1462847,23,0,1,6,0,"F",1,162500,601
1462878,23,0,1,7,1,"F",1,7500,602
1463072,23,0,0,5,1,"F",1,87500,603
1464188,23,0,0,2,0,"F",1,137500,604
1464264,23,0,0,7,1,"M",1,112500,605
1464335,23,1,1,6,2,"F",1,187500,606
1464618,23,0,0,4,1,"F",1,112500,607
1465220,23,0,0,7,0,"F",1,137500,608
1466204,23,0,0,4,1,"F",1,87500,609
1466494,23,0,0,4,0,"M",1,20000,610
1466816,23,0,1,8,3,"F",1,137500,611
1466833,23,0,1,7,4,"F",1,87500,612
1466886,23,0,0,6,3,"F",1,137500,613
1466955,23,0,0,8,0,"F",1,250000,614
1467019,23,0,0,6,1,"F",0,137500,615
1467058,23,0,0,6,2,"F",0,20000,616
1467155,23,0,0,5,0,"M",0,62500,617
1467520,23,0,0,3,0,"F",1,250000,618
1467621,23,0,0,4,2,"F",1,62500,619
1468654,23,1,0,4,2,"F",1,87500,620
1468709,23,0,0,2,1,"F",1,30000,621
1468714,23,0,1,8,1,"F",0,112500,622
1468733,23,0,1,7,0,"F",1,62500,623
1468745,23,0,0,4,0,"M",1,62500,624
1469175,23,0,0,11,1,"F",0,87500,625
1469204,23,0,0,7,0,"F",1,112500,626
1469239,23,0,0,3,0,"F",1,112500,627
1469248,23,0,0,4,0,"F",1,112500,628
1469990,23,0,0,6,1,"M",1,187500,629
1470110,23,0,0,5,0,"F",0,62500,630
1470965,23,2,1,6,4,"F",0,62500,631
1471445,23,0,0,5,0,"F",1,162500,632
1471473,23,0,0,4,0,"M",1,62500,633
1471528,23,0,0,6,2,"F",1,112500,634
1471566,23,0,0,3,1,"F",1,30000,635
1471723,23,0,1,7,0,"F",1,187500,636
1471767,23,0,0,5,0,"M",1,87500,637
1471934,23,0,0,4,0,"F",0,112500,638
1472977,23,0,1,6,1,"F",1,87500,639
1474598,23,0,1,7,1,"M",1,87500,640
1475170,23,0,1,7,0,"M",0,87500,641
1477477,23,0,0,2,1,"M",0,112500,642
1478058,23,0,0,5,0,"F",1,87500,643
1478617,23,1,0,5,2,"F",1,225000,644
1479489,23,0,0,6,0,"F",1,62500,645
1480578,23,0,0,3,0,"F",0,62500,646
1481279,23,0,0,6,2,"F",0,162500,647
1481476,23,1,0,6,1,"F",1,7500,648
1482005,23,0,0,5,3,"M",1,62500,649
1482267,23,1,0,4,2,"F",1,225000,650
1482614,23,0,0,4,0,"F",0,87500,651
1482816,23,0,0,6,1,"F",1,62500,652
1483049,23,0,0,7,1,"F",0,20000,653
1484259,23,1,0,7,1,"F",0,7500,654
1484519,23,0,0,7,3,"F",1,42500,655
1484930,23,0,0,3,0,"F",1,162500,656
1486404,23,0,0,5,2,"F",0,42500,657
1487790,23,0,0,6,0,"M",1,187500,658
1488086,23,0,0,4,0,"F",1,112500,659
1489319,23,0,0,2,0,"F",0,42500,660
1490014,23,0,0,4,3,"M",1,62500,661
1491416,23,0,0,6,2,"F",0,112500,662
1491563,23,0,0,3,0,"M",1,162500,663
1492025,23,0,1,6,1,"F",1,62500,664
1492036,23,0,0,5,0,"F",1,87500,665
1493569,23,0,0,3,0,"F",1,112500,666
1498287,23,0,0,7,0,"F",1,162500,667
1498483,23,0,0,4,1,"F",1,62500,668
1498656,23,0,0,3,1,"M",1,137500,669
1501397,23,0,1,8,1,"M",1,112500,670
1501443,23,0,0,6,2,"F",0,7500,671
1501825,23,1,0,4,1,"F",1,225000,672
1501848,23,0,0,4,0,"F",1,112500,673
1501917,23,0,0,7,1,"F",1,137500,674
1502135,23,0,0,3,0,"F",1,87500,675
1502146,23,0,0,4,0,"F",1,62500,676
1502599,23,0,0,6,0,"F",1,187500,677
1504289,23,5,0,6,5,"F",1,137500,678
1507421,23,0,0,3,0,"F",0,20000,679
1509331,23,0,1,5,1,"M",1,62500,680
1509782,23,0,0,6,0,"F",1,62500,681
1509874,23,0,0,3,1,"F",1,42500,682
1511973,23,0,0,5,1,"M",0,7500,683
1512249,23,0,0,4,0,"F",1,187500,684
1512656,23,0,0,7,3,"F",1,187500,685
1513530,23,0,0,5,1,"F",1,62500,686
1513806,23,0,0,3,1,"F",1,62500,687
1514087,23,0,0,4,1,"F",0,112500,688
1514098,23,0,0,4,0,"F",1,187500,689
1514327,23,0,0,6,1,"F",0,87500,690
1514351,23,0,0,7,1,"M",1,187500,691
1514819,23,1,1,6,4,"F",1,30000,692
1516894,23,0,0,6,0,"M",1,250000,693
1518132,23,0,0,6,1,"F",0,62500,694
1518564,23,0,0,3,1,"F",1,112500,695
1519598,23,0,1,8,2,"F",1,187500,696
1520012,23,0,0,3,1,"F",1,187500,697
1520720,23,0,1,8,3,"F",1,62500,698
1522154,23,0,0,7,0,"F",1,137500,699
1522471,23,0,0,7,2,"M",1,162500,700
1523997,23,1,0,3,1,"F",1,225000,701
1524038,23,0,0,6,0,"F",1,250000,702
1524967,23,0,0,1,1,"F",1,250000,703
1525049,23,0,0,5,1,"F",1,187500,704
1525556,23,0,1,9,0,"M",1,162500,705
1526044,23,0,0,3,0,"M",1,87500,706
1526280,23,0,0,5,0,"M",1,20000,707
1526638,23,0,0,4,3,"F",1,225000,708
1527800,23,0,1,4,0,"F",1,137500,709
1527932,23,0,0,6,0,"F",1,187500,710
1527966,23,0,0,5,0,"F",1,250000,711
1528038,23,0,0,7,0,"M",1,225000,712
1528103,23,0,1,7,1,"F",1,225000,713
1528515,23,0,0,4,0,"F",0,225000,714
1529646,23,0,0,7,0,"F",1,225000,715
1530199,23,0,0,1,0,"M",1,62500,716
1530200,23,0,1,5,0,"F",1,137500,717
1530561,23,0,0,5,1,"F",1,42500,718
1530887,23,0,0,7,0,"F",1,87500,719
1531800,23,0,0,6,1,"F",0,62500,720
1531915,23,0,0,4,0,"F",1,250000,721
1531924,23,0,0,8,3,"F",0,225000,722
1531984,23,0,0,5,3,"F",0,42500,723
1532052,23,1,0,6,2,"M",1,87500,724
1532113,23,0,0,7,2,"F",1,87500,725
1532334,23,0,0,5,0,"F",1,225000,726
1532420,23,0,0,4,1,"F",1,30000,727
1532431,23,1,0,6,1,"F",0,20000,728
1532738,23,0,0,9,1,"F",1,225000,729
1532841,23,0,0,5,0,"F",1,42500,730
1533843,23,0,0,6,0,"F",1,42500,731
1533874,23,0,0,5,0,"F",1,137500,732
1533971,23,1,0,6,3,"F",1,137500,733
1534792,23,0,0,4,1,"F",1,187500,734
1535057,23,0,0,5,0,"F",1,137500,735
1535333,23,0,1,7,3,"M",1,87500,736
1535547,23,0,0,5,3,"F",1,187500,737
1535701,23,0,0,7,1,"M",1,62500,738
1535732,23,1,1,7,2,"F",1,187500,739
1535755,23,0,0,6,1,"F",1,112500,740
1536000,23,0,0,6,2,"F",1,187500,741
1536405,23,0,0,6,1,"F",1,62500,742
1536527,23,0,0,5,1,"F",1,225000,743
1536579,23,0,0,3,0,"F",1,187500,744
1537347,23,0,0,5,1,"F",1,225000,745
1537995,23,0,0,1,1,"F",0,62500,746
1538175,23,0,0,7,1,"F",1,250000,747
1538662,23,0,0,4,3,"F",1,112500,748
1538919,23,0,0,3,1,"F",1,250000,749
1539494,23,0,1,7,1,"F",1,250000,750
1539570,23,0,0,5,2,"F",1,87500,751
1540059,23,0,1,6,0,"M",1,87500,752
1540194,23,0,0,1,2,"F",1,187500,753
1540364,23,0,0,6,0,"F",1,7500,754
1540829,23,0,0,6,0,"F",1,187500,755
1540910,23,1,1,5,5,"F",1,137500,756
1540936,23,6,1,6,6,"F",1,62500,757
1541156,23,0,0,6,0,"F",1,7500,758
1541593,23,0,0,6,0,"F",1,250000,759
1541662,23,0,1,8,2,"F",1,112500,760
1541734,23,0,0,5,0,"F",1,137500,761
1541834,23,0,0,2,1,"F",1,250000,762
1541894,23,0,0,5,1,"F",0,42500,763
1542247,23,0,0,6,1,"F",1,225000,764
1542523,23,0,0,5,1,"F",1,187500,765
1542740,23,0,0,6,2,"F",0,30000,766
1543012,23,0,0,6,1,"M",1,112500,767
1543181,23,0,0,3,3,"M",1,250000,768
1543552,23,0,1,6,0,"F",0,112500,769
1543563,23,0,0,5,2,"F",1,250000,770
1543633,23,0,0,5,2,"F",1,112500,771
1544590,23,0,1,6,1,"F",0,187500,772
1544693,23,0,0,5,0,"F",1,250000,773
1545273,23,0,0,5,1,"F",0,137500,774
1545322,23,0,0,5,1,"M",1,250000,775
1546709,23,0,0,8,1,"F",1,250000,776
1546922,23,0,0,5,1,"M",1,137500,777
1546932,23,1,0,4,1,"F",0,112500,778
1546959,23,0,0,7,1,"F",1,187500,779
1546989,23,0,0,5,1,"M",1,225000,780
1547464,23,1,0,5,1,"F",1,87500,781
1547476,23,0,0,5,1,"F",0,225000,782
1547622,23,2,0,7,4,"F",1,187500,783
1547752,23,0,0,5,1,"F",1,112500,784
1547850,23,0,0,4,0,"F",1,20000,785
1548040,23,0,0,3,0,"F",0,112500,786
1548129,23,0,0,3,0,"F",1,112500,787
1548209,23,0,0,3,1,"F",1,20000,788
1548503,23,0,0,7,1,"F",1,62500,789
1548540,23,0,0,5,2,"F",1,87500,790
1548673,23,1,0,5,7,"F",1,112500,791
1549599,23,0,0,7,1,"M",1,187500,792
1550040,23,0,0,6,1,"M",1,20000,793
1550161,23,0,0,7,5,"F",1,62500,794
1550456,23,0,0,6,1,"F",1,225000,795
1550894,23,0,0,5,0,"F",1,87500,796
1551030,23,0,0,3,1,"F",1,225000,797
1551330,23,0,0,3,0,"M",1,87500,798
1551510,23,0,0,3,0,"F",1,162500,799
1551891,23,0,0,5,1,"F",1,187500,800
1552409,23,0,0,4,3,"M",1,137500,801
1552458,23,0,0,6,0,"F",1,62500,802
1552507,23,0,0,4,1,"F",1,137500,803
1552803,23,0,0,7,3,"F",1,225000,804
1552831,23,0,0,7,2,"M",1,112500,805
1553098,23,0,0,5,0,"F",1,87500,806
1553185,23,0,0,5,1,"F",1,187500,807
1553615,23,1,0,6,1,"F",1,187500,808
1553840,23,1,1,8,1,"M",1,20000,809
1553857,23,0,0,3,0,"M",1,87500,810
1553951,23,0,0,5,1,"F",1,225000,811
1554033,23,1,0,4,1,"F",1,62500,812
1554034,23,0,0,5,0,"F",1,162500,813
1554062,23,0,0,2,0,"F",1,87500,814
1554533,23,2,0,4,2,"F",1,62500,815
1554853,23,0,0,4,2,"M",1,42500,816
1554983,23,0,0,4,1,"M",1,87500,817
1555310,23,0,0,5,1,"F",1,187500,818
1555529,23,0,1,7,1,"M",1,225000,819
1555776,23,0,0,6,1,"F",1,20000,820
1555876,23,0,0,5,0,"F",0,112500,821
1556592,23,0,0,4,2,"F",1,62500,822
1556634,23,0,0,2,0,"M",0,87500,823
1556652,23,0,0,5,1,"F",1,42500,824
1557407,23,0,0,2,0,"F",1,162500,825
1557751,23,0,0,6,1,"F",1,162500,826
1558181,23,0,0,6,0,"F",0,62500,827
1558593,23,0,0,5,1,"F",1,137500,828
1559861,23,0,0,4,0,"F",0,20000,829
1560624,23,0,0,5,1,"F",1,62500,830
1561366,23,0,0,6,2,"F",1,62500,831
1561573,23,0,0,5,0,"F",1,137500,832
1563321,23,2,0,5,2,"F",1,187500,833
1563505,23,0,0,3,1,"M",0,62500,834
1563807,23,0,1,8,0,"F",0,112500,835
1564353,23,1,0,3,2,"F",1,137500,836
1564381,23,0,0,5,1,"F",1,42500,837
1564432,23,0,0,5,0,"F",1,20000,838
1564440,23,0,0,6,0,"F",1,62500,839
1564588,23,0,0,2,0,"F",1,162500,840
1565437,23,0,1,7,2,"F",1,87500,841
1565459,23,0,0,5,2,"F",1,162500,842
1565552,23,0,0,2,2,"F",1,187500,843
1565565,23,0,0,4,0,"M",0,112500,844
1565621,23,0,0,6,2,"F",1,42500,845
1566766,23,0,0,3,0,"F",1,62500,846
1566910,23,0,0,3,1,"M",0,42500,847
1567216,23,1,0,5,5,"F",1,112500,848
1567225,23,0,0,4,1,"F",1,42500,849
1567585,23,0,0,7,1,"M",0,87500,850
1568736,23,0,0,2,0,"F",1,137500,851
1569143,23,0,0,7,3,"F",1,87500,852
1569250,23,0,0,4,0,"M",0,7500,853
1570352,23,0,0,4,0,"F",1,62500,854
1570791,23,0,0,4,2,"F",1,112500,855
1571168,23,0,0,6,0,"F",1,42500,856
1571704,23,1,1,7,3,"F",1,42500,857
1572013,23,0,0,6,0,"F",1,87500,858
1572475,23,1,1,7,1,"F",1,87500,859
1572791,23,0,0,3,0,"F",0,137500,860
1572826,23,0,0,5,0,"F",1,87500,861
1572876,23,0,0,3,0,"M",0,20000,862
1573368,23,0,1,6,1,"M",0,62500,863
1573406,23,0,0,2,0,"F",1,87500,864
1573782,23,0,0,6,2,"F",1,112500,865
1573961,23,0,1,6,1,"M",1,62500,866
1574217,23,0,0,4,1,"M",1,187500,867
1574944,23,1,0,6,4,"F",1,87500,868
1575622,23,0,0,5,0,"F",1,137500,869
1575638,23,0,0,6,1,"F",1,87500,870
1575664,23,0,0,5,0,"F",0,20000,871
1576304,23,0,0,7,1,"M",1,250000,872
1576669,23,1,1,6,5,"F",1,112500,873
1576876,23,0,0,4,1,"F",1,137500,874
1576998,23,0,0,4,0,"F",1,250000,875
1577505,23,0,0,5,0,"M",0,20000,876
1577931,23,0,0,7,1,"F",0,112500,877
1580292,23,0,0,6,1,"F",1,250000,878
1580324,23,0,0,6,0,"M",1,87500,879
1580380,23,0,0,6,1,"F",1,187500,880
1580422,23,0,0,1,2,"M",1,225000,881
1580699,23,0,0,3,0,"M",1,30000,882
1581113,23,0,1,6,1,"F",0,112500,883
1581720,23,0,0,5,0,"F",1,250000,884
1582050,23,0,0,3,0,"F",1,137500,885
1582294,23,0,0,4,0,"F",1,250000,886
1582445,23,0,0,4,1,"F",1,137500,887
1582970,23,0,0,2,0,"F",1,187500,888
1583212,23,0,0,5,0,"F",1,250000,889
1583903,23,0,0,6,0,"F",1,250000,890
1583918,23,0,0,5,0,"F",0,162500,891
1584353,23,3,0,5,5,"F",0,87500,892
1584557,23,0,0,5,0,"F",1,62500,893
1584736,23,0,0,7,1,"F",0,87500,894
1584822,23,0,0,7,0,"F",1,62500,895
1585152,23,1,0,9,2,"F",1,30000,896
1586387,23,0,0,7,1,"F",1,187500,897
1586988,23,0,0,4,2,"F",1,87500,898
1587401,23,0,0,7,2,"F",1,87500,899
1587615,23,0,0,7,1,"F",1,30000,900
1587812,23,0,0,3.25490188598633,0,"F",1,225000,901
1588035,23,0,0,2,0,"F",1,112500,902
1588596,23,0,0,5,1,"M",1,137500,903
1588827,23,0,0,1,0,"M",1,137500,904
1588865,23,0,0,2,0,"M",1,112500,905
1589682,23,0,0,6,1,"F",1,250000,906
1589774,23,1,0,3,1,"M",1,62500,907
1590492,23,0,0,9,1,"M",1,250000,908
1590674,23,0,0,6,0,"F",1,20000,909
1590711,23,0,0,4,0,"F",1,187500,910
1590921,23,0,1,9,3,"F",1,250000,911
1590969,23,0,0,7,1,"F",0,42500,912
1591056,23,0,0,2,0,"F",1,225000,913
1591165,23,0,0,3,1,"F",1,250000,914
1591251,23,0,0,6,1,"F",0,87500,915
1591366,23,0,0,7,0,"M",1,250000,916
1591670,23,0,0,7,0,"M",1,137500,917
1591722,23,0,0,3,0,"F",0,62500,918
1591917,23,0,0,6,1,"F",1,187500,919
1591990,23,0,0,3,0,"M",0,42500,920
1592216,23,0,0,6,1,"F",1,62500,921
1592278,23,1,0,5,2,"F",1,187500,922
1592293,23,0,0,6,0,"F",1,112500,923
1592707,23,0,0,7,2,"F",1,250000,924
1592744,23,0,0,6,0,"F",0,112500,925
1592908,23,0,0,5,1,"F",1,87500,926
1593038,23,0,0,6,0,"F",1,112500,927
1593301,23,0,0,4,0,"M",1,62500,928
1593487,23,0,1,8,2,"M",1,87500,929
1593651,23,0,0,3,0,"F",1,42500,930
1593813,23,0,0,6,1,"F",0,20000,931
1594152,23,0,0,4,1,"F",1,87500,932
1594307,23,0,0,4,0,"F",0,87500,933
1594407,23,0,0,5,0,"F",1,187500,934
1594775,23,0,0,6,0,"F",1,42500,935
1596452,23,0,0,8,2,"F",1,112500,936
1596829,23,0,0,5,1,"M",1,112500,937
1597491,23,0,0,5,0,"F",1,42500,938
1598463,23,2,0,6,3,"F",1,62500,939
1598633,23,0,1,8,2,"F",1,112500,940
1598919,23,0,0,3,0,"F",0,62500,941
1599722,23,0,0,7,1,"M",1,42500,942
1599748,23,0,0,6,1,"F",0,7500,943
1601262,23,0,0,4,0,"F",1,62500,944
1601710,23,0,0,5,1,"F",1,87500,945
1601726,23,0,0,8,1,"F",1,87500,946
1602013,23,0,0,2,0,"F",0,42500,947
1602093,23,0,0,2,0,"M",1,42500,948
1602541,23,0,0,5,2,"M",1,112500,949
1603217,23,0,0,9,2,"F",1,62500,950
1603225,23,0,0,6,1,"F",0,225000,951
1603429,23,0,0,5,6,"F",1,62500,952
1604015,23,0,0,7,3,"F",1,62500,953
1604126,23,1,0,6,2,"F",1,112500,954
1604128,23,0,0,5,1,"F",0,187500,955
1604268,23,0,0,2,0,"F",1,62500,956
1604528,23,0,0,3,1,"F",1,112500,957
1605044,23,0,0,7,3,"F",1,225000,958
1605048,23,0,0,4,0,"F",1,187500,959
1605961,23,0,0,5,0,"F",0,112500,960
1608086,23,0,0,2,0,"F",0,112500,961
1608536,23,0,0,8,1,"M",1,87500,962
1608611,23,0,0,5,0,"F",1,62500,963
1608612,23,0,0,8,0,"F",0,20000,964
1608644,23,0,0,7,0,"F",0,250000,965
1609138,23,0,0,2,0,"F",1,112500,966
1609335,23,0,0,6,1,"F",1,87500,967
1609688,23,0,0,4,0,"F",0,42500,968
1609694,23,0,0,7,0,"M",1,42500,969
1609742,23,0,0,8,1,"F",1,20000,970
1610234,23,0,0,5,0,"F",1,42500,971
1610404,23,0,0,6,0,"M",0,62500,972
1611512,23,0,0,3,1,"F",1,30000,973
1611563,23,0,0,2,1,"F",1,250000,974
1612208,23,0,1,5,1,"M",1,187500,975
1612444,23,0,0,5,1,"F",1,250000,976
1612702,23,0,0,8,1,"F",1,137500,977
1612863,23,0,0,6,0,"F",0,42500,978
1612987,23,2,1,7,7,"F",0,187500,979
1613295,23,0,0,8,4,"F",1,7500,980
1613630,23,0,0,4,1,"F",1,137500,981
1613669,23,0,1,8,0,"F",1,225000,982
1613754,23,0,0,2,0,"F",1,250000,983
1613787,23,0,0,6,0,"M",1,187500,984
1614408,23,0,0,3,0,"F",1,225000,985
1614896,23,0,0,3,1,"F",0,112500,986
1614950,23,0,0,6,0,"F",1,62500,987
1614982,23,0,0,6,0,"M",0,62500,988
1615046,23,0,0,6,3,"F",0,42500,989
1615126,23,0,0,5,0,"M",1,112500,990
1616126,23,0,0,3,0,"F",1,112500,991
1616413,23,0,0,3,1,"F",1,42500,992
1617245,23,0,0,7,0,"F",0,30000,993
1617490,23,1,0,3,1,"F",1,187500,994
1617675,23,0,1,7,0,"F",0,87500,995
1617709,23,0,0,2,0,"F",1,62500,996
1618855,23,0,0,2,0,"F",0,62500,997
1619223,23,0,0,6,3,"F",1,20000,998
1620927,23,0,0,7,0,"M",0,112500,999
1620942,23,0,0,6,0,"F",1,20000,1000
117514,24,0,0,5,0,"F",0,42500,1
287398,24,1,0,2,1,"F",0,42500,2
469734,24,0,0,3,0,"F",1,250000,3
1054974,24,0,0,4,1,"F",1,137500,4
1060246,24,1,0,5,1,"F",1,62500,5
1061355,24,0,0,2,0,"F",1,87500,6
1061649,24,0,0,5,1,"M",1,225000,7
1062171,24,0,0,4,0,"F",1,250000,8
1063617,24,1,1,2,1,"F",1,250000,9
1068288,24,0,0,4,0,"F",0,30000,10
1071414,24,0,0,4,0,"F",1,62500,11
1077480,24,0,0,3,1,"F",0,62500,12
1081075,24,0,1,4,3,"F",1,250000,13
1081928,24,0,0,3,1,"F",1,62500,14
1082351,24,0,0,1,0,"F",0,30000,15
1087152,24,0,1,4,0,"F",1,187500,16
1089142,24,1,1,4,5,"F",1,87500,17
1091840,24,0,0,2,0,"F",1,30000,18
1094021,24,1,0,2,1,"F",1,87500,19
1094281,24,0,0,1,0,"F",1,62500,20
1100417,24,0,0,4,0,"F",1,62500,21
1100757,24,0,0,2,0,"F",0,112500,22
1102828,24,0,0,4,2,"F",0,62500,23
1103923,24,0,0,2,0,"F",1,225000,24
1107037,24,0,0,4,0,"F",1,112500,25
1108749,24,0,0,5,0,"F",0,87500,26
1108764,24,0,0,2,1,"F",0,62500,27
1111628,24,0,1,3,2,"F",1,137500,28
1111718,24,0,0,3,0,"F",1,112500,29
1114150,24,0,0,2,2,"F",0,30000,30
1117270,24,0,1,2,0,"M",1,20000,31
1120531,24,0,0,2,1,"F",1,62500,32
1122158,24,0,0,3,0,"F",0,62500,33
1128451,24,0,0,2,0,"F",1,42500,34
1136393,24,0,0,4,0,"F",0,112500,35
1136784,24,1,0,2,2,"M",0,225000,36
1139371,24,0,0,2,1,"F",0,42500,37
1139886,24,0,0,2,0,"F",1,112500,38
1144195,24,0,0,2,3,"M",1,250000,39
1144979,24,0,0,5,0,"F",1,112500,40
1145339,24,0,0,7,2,"F",1,62500,41
1145483,24,0,0,1,0,"F",0,7500,42
1146117,24,0,1,2,1,"M",0,87500,43
1147315,24,0,0,5,0,"F",1,187500,44
1148446,24,0,0,4,0,"F",0,20000,45
1149897,24,0,0,2,1,"M",0,30000,46
1149964,24,0,0,3,1,"F",1,42500,47
1150751,24,0,0,2,0,"M",0,7500,48
1150797,24,0,0,2,4,"F",1,162500,49
1151559,24,1,0,4,2,"F",1,112500,50
1151769,24,1,0,4,1,"F",0,112500,51
1152166,24,0,0,3,0,"M",1,137500,52
1152366,24,0,0,3,0,"F",1,87500,53
1153528,24,0,0,3,3,"M",1,62500,54
1153766,24,0,0,3,1,"F",1,162500,55
1155123,24,0,0,1,0,"F",1,112500,56
1156205,24,0,0,4,2,"F",0,112500,57
1156827,24,0,0,3,0,"F",0,7500,58
1157198,24,0,0,2,2,"F",1,20000,59
1165832,24,0,0,3,0,"F",0,62500,60
1166157,24,0,0,7,2,"F",0,137500,61
1167911,24,0,1,4,1,"F",1,87500,62
1168134,24,0,1,6,2,"F",0,162500,63
1168271,24,0,1,3,3,"F",1,112500,64
1171923,24,1,1,5,1,"F",0,62500,65
1172112,24,0,0,3,2,"F",0,20000,66
1174038,24,0,0,4,0,"M",1,112500,67
1174562,24,0,0,4,0,"F",1,62500,68
1174985,24,0,0,5,2,"F",1,62500,69
1176048,24,0,0,4,1,"F",1,62500,70
1179432,24,2,0,3,2,"F",1,87500,71
1179878,24,0,0,2,0,"M",1,62500,72
1180407,24,0,0,4,2,"F",0,62500,73
1180590,24,0,0,4,1,"F",0,112500,74
1180640,24,0,0,3,0,"F",1,62500,75
1181283,24,0,1,1,0,"F",1,62500,76
1181372,24,0,0,1,0,"M",1,62500,77
1181576,24,0,0,3,1,"F",1,87500,78
1182877,24,0,0,3,0,"M",1,62500,79
1184139,24,0,0,5,3,"F",1,20000,80
1184169,24,0,0,5,0,"F",1,112500,81
1184297,24,0,1,3,1,"M",1,112500,82
1184913,24,0,0,2,1,"F",1,87500,83
1185813,24,0,1,3,2,"M",1,87500,84
1185876,24,0,0,1.11764705181122,1,"F",1,137500,85
1186126,24,0,0,4,0,"F",1,62500,86
1187131,24,0,0,3,0,"M",0,42500,87
1187232,24,0,0,4,3,"F",0,62500,88
1187420,24,1,1,3,2,"F",1,87500,89
1187873,24,1,0,5,2,"M",1,112500,90
1187978,24,0,1,3,1,"F",1,62500,91
1188069,24,0,0,4,1,"F",1,162500,92
1188761,24,0,0,2,0,"F",1,162500,93
1188833,24,0,0,4,1,"F",1,62500,94
1189258,24,0,1,5,2,"F",1,225000,95
1189412,24,0,0,1,0,"F",1,20000,96
1189715,24,0,0,1,0,"M",1,162500,97
1189764,24,0,0,2,0,"F",1,137500,98
1190134,24,1,0,4,1,"F",0,20000,99
1190711,24,1,0,4,2,"F",1,162500,100
1191253,24,0,0,4,2,"F",0,62500,101
1191595,24,0,0,3,0,"F",1,62500,102
1191968,24,0,1,2,0,"F",1,112500,103
1192704,24,0,0,3,3,"F",1,62500,104
1192874,24,0,0,3,2,"F",1,62500,105
1193114,24,1,0,4,1,"F",1,162500,106
1193232,24,0,1,3,1,"M",1,112500,107
1193743,24,0,1,4,1,"F",1,20000,108
1193751,24,0,1,4,0,"F",0,42500,109
1193787,24,0,0,3,1,"F",1,62500,110
1194121,24,0,1,2,1,"F",0,42500,111
1194319,24,1,0,3,2,"F",0,62500,112
1194477,24,1,1,5,1,"F",1,112500,113
1195243,24,0,1,4,0,"F",1,62500,114
1195315,24,0,0,3,0,"M",1,112500,115
1195629,24,0,0,4,0,"M",1,62500,116
1196370,24,0,0,5,0,"F",0,137500,117
1196373,24,0,1,2,1,"F",1,87500,118
1196532,24,0,0,3,2,"F",1,112500,119
1196672,24,1,1,6,3,"F",0,62500,120
1196715,24,0,0,3,0,"F",1,62500,121
1196867,24,0,0,4,0,"F",1,62500,122
1197628,24,0,0,4,1,"M",0,137500,123
1198131,24,0,0,1,1,"F",0,42500,124
1198229,24,0,1,3,1,"F",1,62500,125
1198340,24,0,0,1,0,"F",1,112500,126
1198656,24,0,0,2,1,"F",0,42500,127
1198936,24,0,0,2,2,"M",0,162500,128
1199872,24,1,0,3,1,"F",0,87500,129
1202556,24,0,0,3,0,"F",1,62500,130
1204291,24,0,0,1,1,"F",0,20000,131
1204517,24,1,1,5,5,"F",1,62500,132
1204703,24,0,0,3,1,"F",0,87500,133
1205899,24,0,0,4,2,"F",1,162500,134
1207119,24,0,0,1,1,"F",1,62500,135
1208107,24,0,0,3,0,"F",1,112500,136
1208888,24,0,0,1.53030300140381,1,"F",0,20000,137
1209486,24,0,1,3,0,"F",1,62500,138
1209955,24,0,1,3,1,"M",1,225000,139
1210800,24,0,0,5,2,"F",1,250000,140
1211027,24,0,0,3,0,"F",1,112500,141
1211068,24,0,1,7,0,"F",0,250000,142
1211288,24,0,0,4,0,"F",0,7500,143
1211807,24,0,0,2,1,"F",1,42500,144
1212464,24,1,0,4,1,"F",0,42500,145
1213078,24,0,0,5,0,"F",1,250000,146
1213693,24,0,0,5,0,"F",1,162500,147
1216811,24,0,0,3,2,"F",1,162500,148
1217376,24,0,0,4,4,"F",1,137500,149
1217401,24,0,0,2,0,"F",0,62500,150
1221162,24,0,0,2,0,"F",1,62500,151
1222034,24,0,0,3,1,"M",1,87500,152
1222561,24,0,0,2,2,"F",1,62500,153
1224353,24,1,0,6,2,"F",1,87500,154
1224379,24,1,0,2,2,"F",1,162500,155
1225029,24,0,0,2,0,"F",1,62500,156
1225288,24,1,0,3,1,"F",1,112500,157
1225581,24,0,0,5,0,"F",1,30000,158
1226932,24,0,1,3,0,"F",1,87500,159
1226943,24,1,0,4,6,"F",1,162500,160
1227191,24,1,0,3,1,"F",1,112500,161
1227743,24,1,0,5,2,"F",0,62500,162
1228628,24,0,1,2,1,"F",1,62500,163
1228793,24,1,0,5,4,"F",0,87500,164
1229147,24,1,0,4,1,"F",1,87500,165
1229564,24,1,0,5,3,"F",1,62500,166
1229612,24,0,0,4,0,"M",1,187500,167
1229771,24,0,1,6,3,"F",1,87500,168
1229884,24,0,0,3,1,"F",1,112500,169
1230105,24,2,0,5,4,"F",1,137500,170
1230445,24,0,0,5,2,"F",1,62500,171
1230648,24,1,0,4,2,"F",1,87500,172
1230860,24,0,1,4,1,"F",1,62500,173
1231637,24,0,0,2,0,"F",1,112500,174
1233436,24,0,0,3,3,"F",0,162500,175
1233553,24,0,1,4,0,"F",1,112500,176
1234916,24,2,0,3,6,"M",1,62500,177
1237257,24,0,0,3,0,"F",1,62500,178
1237667,24,0,0,3,1,"F",1,87500,179
1238108,24,0,0,3,0,"F",1,42500,180
1238707,24,0,0,4,2,"F",1,62500,181
1238904,24,0,0,4,1,"M",1,87500,182
1239286,24,0,0,3,2,"F",1,250000,183
1239623,24,0,0,2,0,"F",0,42500,184
1239849,24,0,0,3,1,"F",1,112500,185
1239936,24,0,0,1.44736838340759,0,"F",0,7500,186
1240102,24,0,0,3,0,"F",0,62500,187
1241439,24,0,0,2,0,"F",1,112500,188
1241595,24,1,0,4,2,"F",1,62500,189
1241711,24,0,0,3,3,"F",1,87500,190
1242022,24,0,1,5,2,"F",1,62500,191
1242223,24,0,0,2,4,"M",1,137500,192
1242542,24,0,0,1,2,"M",1,137500,193
1243937,24,0,0,3,1,"F",1,87500,194
1244277,24,0,0,1,0,"F",0,112500,195
1245286,24,0,0,3,0,"F",1,62500,196
1246704,24,0,1,4,3,"F",1,87500,197
1247392,24,0,0,3,0,"F",1,87500,198
1248826,24,1,0,3,1,"F",1,87500,199
1249794,24,1,1,4,2,"F",0,137500,200
1250074,24,1,1,2,2,"F",0,87500,201
1250242,24,1,0,4,1,"F",0,250000,202
1250577,24,0,1,4,1,"F",1,62500,203
1250585,24,0,0,3,1,"F",1,187500,204
1250879,24,1,0,3,2,"F",1,137500,205
1250899,24,0,0,2,4,"M",1,112500,206
1251138,24,0,0,2,1,"M",1,137500,207
1251550,24,1,1,2,1,"F",1,62500,208
1251623,24,0,1,2,0,"F",1,7500,209
1251804,24,2,0,2,3,"F",0,137500,210
1251816,24,0,0,4,0,"F",1,137500,211
1252257,24,0,0,5,0,"F",0,87500,212
1252297,24,0,0,4,1,"M",1,62500,213
1252403,24,1,0,5,4,"M",1,62500,214
1252534,24,0,0,5,2,"F",1,187500,215
1252759,24,0,0,4,2,"F",1,137500,216
1252878,24,1,0,3,1,"F",1,137500,217
1254168,24,0,0,3,0,"F",1,62500,218
1254684,24,0,0,5,0,"M",1,112500,219
1258925,24,0,1,3,0,"F",1,42500,220
1259640,24,0,0,2,2,"M",1,87500,221
1259672,24,0,0,4,1,"F",1,62500,222
1259740,24,0,0,6,3,"F",1,30000,223
1262332,24,0,0,3,1,"F",1,87500,224
1262373,24,0,0,3,4,"F",1,250000,225
1262926,24,0,0,3,1,"F",1,62500,226
1263058,24,0,0,3,3,"F",0,137500,227
1263919,24,0,0,3,1,"M",0,30000,228
1264065,24,0,0,3,1,"F",1,187500,229
1264317,24,0,0,2,1,"F",1,187500,230
1264505,24,0,1,3,0,"F",1,87500,231
1264703,24,0,0,4,1,"F",0,30000,232
1265443,24,0,0,5,2,"F",0,20000,233
1265755,24,0,0,3,1,"F",1,112500,234
1265835,24,0,0,2,0,"F",1,112500,235
1265892,24,0,1,4,1,"F",0,187500,236
1266201,24,0,0,2,0,"F",1,187500,237
1268413,24,0,0,3,2,"F",1,62500,238
1269756,24,1,0,4,2,"F",1,62500,239
1269824,24,0,1,4,0,"M",0,30000,240
1273931,24,0,0,4,1,"F",1,20000,241
1275308,24,0,0,4,2,"M",1,87500,242
1275698,24,0,0,3,1,"F",1,87500,243
1275888,24,0,0,2,0,"F",1,137500,244
1276784,24,0,0,1,0,"F",0,20000,245
1277335,24,0,0,2,0,"F",1,42500,246
1279299,24,1,0,2,1,"M",1,87500,247
1279847,24,0,0,4,0,"F",1,42500,248
1280469,24,0,0,4,0,"F",0,7500,249
1281674,24,0,1,2,0,"F",0,137500,250
1285561,24,0,1,4,0,"F",1,250000,251
1286058,24,0,0,2,1,"F",1,250000,252
1286676,24,0,0,4,1,"M",1,225000,253
1287337,24,0,0,4,0,"F",0,62500,254
1288054,24,0,0,5,2,"F",1,42500,255
1288246,24,0,0,3,0,"F",0,62500,256
1288502,24,0,0,3,0,"M",0,137500,257
1288666,24,0,0,2,0,"F",1,62500,258
1288675,24,0,0,2,1,"F",1,20000,259
1288774,24,1,0,4,2,"F",1,187500,260
1288902,24,0,0,3,0,"F",1,87500,261
1289229,24,0,0,2,0,"F",0,112500,262
1290077,24,1,0,2,1,"F",1,87500,263
1290515,24,0,0,3,0,"F",0,87500,264
1290723,24,0,0,5,1,"F",0,30000,265
1291318,24,0,0,2,0,"F",1,42500,266
1291608,24,0,0,3,2,"F",0,30000,267
1292847,24,0,0,6,3,"F",1,42500,268
1293296,24,0,0,3,1,"F",1,30000,269
1293595,24,0,0,2,0,"F",1,62500,270
1293939,24,1,0,5,1,"F",1,250000,271
1294157,24,0,1,3,0,"F",1,62500,272
1294200,24,0,0,4,0,"F",1,62500,273
1294399,24,0,0,3,0,"F",0,30000,274
1294837,24,0,0,4,0,"F",0,62500,275
1297008,24,0,0,3,0,"F",0,7500,276
1297323,24,0,1,3,0,"F",0,7500,277
1297452,24,0,1,5,1,"M",1,87500,278
1297615,24,0,0,2,0,"F",0,20000,279
1297678,24,0,1,3,0,"M",1,62500,280
1298036,24,0,0,3,0,"F",0,7500,281
1298136,24,0,0,4,0,"M",0,30000,282
1298614,24,1,0,5,6,"F",1,62500,283
1300363,24,0,0,3,1,"M",1,42500,284
1300457,24,0,1,3,2,"M",1,42500,285
1301237,24,0,1,3,1,"F",1,20000,286
1301332,24,0,0,3,1,"M",1,42500,287
1301620,24,0,0,4,2,"F",1,87500,288
1302173,24,0,1,5,0,"F",1,225000,289
1302216,24,1,1,2,2,"F",1,62500,290
1302375,24,0,0,5,0,"F",1,87500,291
1303092,24,0,0,5,2,"F",1,62500,292
1303908,24,0,0,3,0,"M",1,87500,293
1304518,24,1,0,4,1,"F",1,87500,294
1304751,24,0,0,2,1,"F",0,30000,295
1306505,24,0,0,2,0,"F",0,62500,296
1307675,24,0,0,6,2,"F",1,62500,297
1307821,24,0,1,5,2,"M",1,42500,298
1310138,24,1,0,3,2,"F",1,62500,299
1310269,24,0,0,3,5,"F",0,112500,300
1311143,24,1,0,1,2,"M",0,62500,301
1311172,24,0,0,4,0,"M",1,137500,302
1311388,24,1,0,3,1,"M",0,20000,303
1312227,24,0,0,3,0,"F",0,62500,304
1313291,24,0,0,2,4,"F",1,162500,305
1313396,24,2,0,6,2,"F",0,30000,306
1313735,24,0,0,6,0,"F",1,20000,307
1313856,24,1,0,4,1,"F",0,20000,308
1314520,24,0,0,3,1,"F",1,62500,309
1314682,24,0,0,3,0,"F",0,20000,310
1314969,24,0,0,4,1,"F",0,87500,311
1315946,24,1,0,4,1,"F",0,62500,312
1317054,24,1,0,3,3,"F",0,7500,313
1317356,24,0,0,4,2,"F",1,62500,314
1318696,24,0,0,3.91836738586426,1,"F",0,62500,315
1318996,24,1,0,2,2,"F",1,62500,316
1319548,24,0,0,3,3,"F",0,20000,317
1319613,24,0,0,4,0,"F",0,137500,318
1319738,24,0,1,3,0,"F",1,137500,319
1320734,24,0,0,4,0,"F",1,20000,320
1320750,24,1,0,4,1,"F",0,7500,321
1322205,24,0,0,5,4,"F",1,62500,322
1322235,24,0,0,2,0,"F",0,62500,323
1322521,24,1,0,2,1,"M",1,42500,324
1322942,24,0,0,4,2,"F",1,87500,325
1323304,24,0,0,4,0,"F",1,162500,326
1323359,24,0,1,3,1,"M",0,187500,327
1323491,24,0,0,2,0,"F",1,250000,328
1323698,24,0,0,3,1,"M",0,250000,329
1323962,24,1,0,3,1,"M",1,62500,330
1324251,24,0,0,2,0,"F",0,20000,331
1324843,24,0,0,3,0,"F",1,87500,332
1325556,24,0,0,1,0,"F",0,20000,333
1327146,24,0,0,5,0,"F",1,162500,334
1328158,24,2,0,4,2,"F",1,62500,335
1328623,24,0,0,4,3,"M",1,30000,336
1328832,24,0,1,2,1,"F",1,187500,337
1329574,24,0,0,5,4,"F",0,42500,338
1330046,24,1,0,4,3,"F",1,112500,339
1330272,24,0,1,3,1,"F",1,137500,340
1330497,24,0,1,3,0,"F",1,162500,341
1331244,24,1,0,4,1,"F",0,30000,342
1331261,24,0,0,3,0,"F",0,7500,343
1331950,24,0,0,4,0,"F",1,62500,344
1333858,24,1,0,2,1,"F",1,112500,345
1335680,24,0,0,1,1,"F",1,62500,346
1335920,24,1,0,4,3,"F",1,42500,347
1335980,24,0,0,2,0,"F",0,20000,348
1336426,24,1,0,4,1,"F",0,20000,349
1336946,24,0,0,3,1,"M",1,20000,350
1338200,24,0,0,2,1,"F",1,162500,351
1338378,24,1,0,4,2,"F",1,225000,352
1339574,24,0,0,4,0,"F",1,42500,353
1339822,24,0,0,3,2,"F",1,112500,354
1340176,24,0,0,2,0,"M",1,42500,355
1340267,24,0,0,5,1,"F",0,42500,356
1341891,24,1,0,5,3,"F",0,62500,357
1342799,24,0,1,2,0,"F",0,62500,358
1343216,24,0,1,3,0,"F",0,187500,359
1344265,24,0,0,1,0,"F",0,87500,360
1344499,24,0,0,4,2,"F",1,87500,361
1344614,24,0,0,4,1,"M",1,225000,362
1345984,24,1,0,5,2,"F",1,112500,363
1346234,24,0,1,2,1,"F",0,162500,364
1347945,24,1,0,4,2,"F",0,112500,365
1348467,24,0,0,4,2,"F",0,87500,366
1348663,24,1,0,4,1,"F",1,62500,367
1348726,24,2,0,2,3,"F",1,62500,368
1349285,24,0,0,3,1,"F",0,42500,369
1349428,24,0,0,3,2,"F",1,87500,370
1349951,24,0,0,2,3,"F",1,20000,371
1350291,24,0,0,4,1,"M",1,87500,372
1350434,24,0,0,4,1,"F",1,162500,373
1351173,24,0,0,3,2,"F",0,87500,374
1351468,24,0,0,3,1,"F",1,7500,375
1351509,24,0,0,2,0,"F",1,62500,376
1351586,24,0,0,2,0,"F",1,162500,377
1351796,24,0,0,4,2,"F",1,7500,378
1352046,24,0,0,4,1,"F",1,87500,379
1352301,24,1,0,2,1,"F",1,42500,380
1352756,24,0,0,4,0,"F",1,62500,381
1352986,24,0,0,3,0,"F",1,42500,382
1353809,24,1,1,5,3,"F",1,112500,383
1353961,24,0,0,3,1,"F",0,20000,384
1354452,24,0,0,5,1,"F",1,62500,385
1354598,24,0,0,3,2,"F",0,42500,386
1354602,24,0,0,3,1,"M",1,62500,387
1354673,24,0,0,4,1,"F",0,7500,388
1355604,24,0,0,2,1,"M",1,7500,389
1356206,24,0,0,3,1,"F",1,62500,390
1358021,24,0,0,4,3,"F",1,112500,391
1358933,24,0,0,4,3,"F",0,112500,392
1361465,24,0,0,2,0,"F",0,137500,393
1362107,24,0,0,2,0,"M",1,162500,394
1363023,24,0,0,3,1,"F",1,30000,395
1363370,24,0,0,3,0,"M",1,62500,396
1364059,24,0,1,5,1,"M",1,112500,397
1366217,24,0,0,3,1,"M",0,112500,398
1366244,24,0,0,3,0,"F",0,112500,399
1367411,24,0,1,3,1,"F",1,20000,400
1367420,24,0,1,8,2,"F",1,162500,401
1368140,24,0,1,4,0,"F",1,62500,402
1368385,24,0,0,4,1,"M",1,162500,403
1369918,24,0,0,2,0,"F",1,87500,404
1372221,24,0,1,2,2,"F",1,7500,405
1372333,24,0,1,3,0,"F",1,62500,406
1374105,24,1,0,3,1,"F",0,7500,407
1374132,24,1,0,3,2,"M",1,62500,408
1374680,24,0,0,3,0,"F",1,62500,409
1375113,24,0,0,2,1,"F",1,87500,410
1376245,24,0,0,1.61538457870483,1,"F",0,62500,411
1377492,24,0,1,5,0,"F",1,137500,412
1377719,24,1,0,3,1,"F",1,137500,413
1378071,24,0,0,3,0,"F",0,62500,414
1378409,24,0,1,3,0,"F",1,62500,415
1380721,24,1,1,2,3,"F",1,42500,416
1381136,24,0,0,3,0,"F",1,62500,417
1381384,24,0,1,4,0,"F",1,162500,418
1381552,24,0,0,4,0,"M",1,87500,419
1381639,24,0,0,4,1,"F",1,225000,420
1381711,24,0,0,3,0,"F",1,87500,421
1382137,24,0,0,2,1,"F",1,112500,422
1382624,24,0,1,5,2,"F",1,62500,423
1382975,24,1,1,3,3,"F",1,112500,424
1384230,24,0,0,5,1,"F",1,137500,425
1384341,24,0,0,3,1,"F",0,137500,426
1385468,24,0,0,2,1,"F",1,250000,427
1385831,24,0,0,4,0,"F",1,42500,428
1386066,24,0,0,1,0,"F",1,112500,429
1386120,24,0,0,2,0,"F",1,42500,430
1387428,24,0,1,4,1,"F",0,62500,431
1387588,24,0,1,3,1,"F",1,42500,432
1388210,24,0,0,4,1,"M",1,62500,433
1388355,24,0,1,4,1,"F",1,62500,434
1388513,24,0,0,2,1,"F",1,162500,435
1388833,24,0,0,4,1,"F",0,42500,436
1389030,24,0,0,3,0,"F",1,62500,437
1389384,24,0,0,4,1,"F",0,42500,438
1389406,24,0,0,2,2,"F",1,87500,439
1389477,24,1,0,2,1,"F",1,62500,440
1390351,24,0,0,4,0,"M",1,162500,441
1392387,24,0,0,2,1,"F",0,87500,442
1393255,24,0,0,3,1,"F",1,87500,443
1393466,24,0,0,2,1,"M",1,87500,444
1393929,24,0,0,4,0,"F",1,225000,445
1394027,24,1,0,1,2,"F",1,162500,446
1395064,24,0,0,4,2,"F",1,162500,447
1395309,24,0,1,4,0,"F",0,42500,448
1395394,24,0,1,5,4,"F",0,7500,449
1396474,24,0,0,1,0,"F",1,62500,450
1396597,24,0,0,3,0,"F",1,87500,451
1396618,24,0,0,4,0,"F",1,87500,452
1396830,24,0,0,4,0,"F",1,87500,453
1397814,24,1,0,3,2,"M",1,137500,454
1398493,24,0,0,1,1,"F",1,87500,455
1398606,24,0,1,4,1,"M",1,20000,456
1399233,24,0,0,3,2,"F",0,42500,457
1399269,24,0,1,4,2,"F",1,62500,458
1399329,24,1,1,3,4,"F",1,112500,459
1401246,24,0,0,2,0,"F",1,42500,460
1401458,24,0,0,3,1,"F",1,62500,461
1403021,24,0,0,3,0,"F",1,112500,462
1403631,24,0,0,2,1,"F",1,62500,463
1403972,24,3,1,4,9,"F",1,162500,464
1404355,24,0,0,3,3,"F",1,87500,465
1404418,24,0,1,3,1,"F",1,42500,466
1404842,24,0,0,3,1,"M",1,112500,467
1405544,24,0,1,3,2,"F",0,20000,468
1406907,24,0,0,2,1,"F",1,87500,469
1408575,24,0,0,3,0,"M",0,30000,470
1410385,24,1,0,4,2,"F",1,162500,471
1411418,24,0,1,2,0,"M",1,87500,472
1412397,24,1,0,3,1,"M",1,42500,473
1412511,24,0,0,1,0,"F",1,42500,474
1412646,24,1,0,6,1,"F",1,162500,475
1413182,24,0,1,4,1,"F",1,112500,476
1413837,24,0,1,1,0,"F",1,225000,477
1413925,24,0,0,4,0,"F",0,62500,478
1414361,24,0,0,2,0,"F",1,112500,479
1414857,24,1,0,2,3,"M",1,162500,480
1414873,24,0,0,2,0,"F",1,112500,481
1415098,24,0,1,4,1,"F",0,87500,482
1415320,24,1,0,5,2,"F",1,162500,483
1416429,24,1,0,4,2,"F",1,87500,484
1416731,24,0,1,3,0,"F",1,162500,485
1416940,24,0,0,3,2,"F",0,137500,486
1417159,24,0,0,2,1,"M",0,20000,487
1417523,24,0,0,1,1,"F",1,187500,488
1418358,24,0,1,3,1,"F",0,112500,489
1418818,24,0,1,5,0,"F",1,87500,490
1419071,24,0,0,2,2,"M",1,87500,491
1419406,24,0,0,4,1,"F",1,62500,492
1419467,24,0,0,3,0,"F",1,162500,493
1419627,24,0,0,4,1,"M",1,87500,494
1419833,24,0,0,4,0,"F",1,225000,495
1420095,24,0,0,2,1,"M",1,187500,496
1420139,24,0,0,3,1,"F",1,112500,497
1420150,24,0,0,3,0,"F",0,7500,498
1420458,24,0,1,4,3,"M",1,20000,499
1420461,24,0,1,3,1,"F",1,62500,500
1420462,24,0,1,4,0,"F",1,162500,501
1420478,24,0,0,2,0,"F",1,42500,502
1420505,24,0,0,2,0,"F",0,7500,503
1420957,24,0,0,2,1,"F",1,225000,504
1420990,24,0,1,4,0,"F",0,87500,505
1421112,24,1,0,2,2,"F",0,87500,506
1421265,24,0,1,5,2,"F",0,137500,507
1421359,24,1,0,2,1,"F",0,7500,508
1422155,24,0,0,3,2,"F",1,187500,509
1422249,24,0,0,1.77319586277008,0,"M",0,62500,510
1424297,24,0,0,1,0,"M",1,20000,511
1424626,24,1,1,4,1,"F",0,112500,512
1425960,24,0,0,2,0,"F",0,20000,513
1426165,24,0,0,3,2,"F",0,112500,514
1426230,24,0,0,3,0,"F",0,7500,515
1426266,24,0,0,3,1,"F",1,112500,516
1426799,24,0,1,3,2,"F",1,87500,517
1427258,24,0,0,4,1,"F",0,62500,518
1427579,24,0,0,2,0,"F",1,87500,519
1427915,24,1,0,2,7,"F",0,62500,520
1428277,24,0,0,4,2,"M",1,112500,521
1429936,24,0,1,5,1,"F",1,187500,522
1430214,24,0,0,4,0,"M",0,112500,523
1430754,24,0,0,2,3,"M",1,187500,524
1431104,24,0,0,3,2,"F",0,250000,525
1431118,24,0,1,1,1,"F",1,62500,526
1431340,24,0,0,2,1,"F",0,87500,527
1431513,24,0,0,4,0,"F",1,62500,528
1431697,24,0,0,2,2,"F",1,87500,529
1431949,24,0,0,3,0,"F",1,42500,530
1432387,24,0,1,3,0,"F",0,162500,531
1432724,24,0,0,4,0,"F",1,20000,532
1432840,24,1,0,3,1,"F",1,20000,533
1432998,24,0,0,2,1,"F",1,62500,534
1433194,24,2,1,4,2,"F",1,42500,535
1433587,24,0,0,3,1,"M",1,87500,536
1434275,24,0,0,4,0,"F",1,20000,537
1434712,24,0,0,2,2,"F",1,42500,538
1435022,24,0,1,2,0,"F",1,187500,539
1435557,24,0,0,1,0,"M",1,62500,540
1435794,24,0,0,3,1,"F",0,87500,541
1435996,24,0,1,2,2,"F",1,112500,542
1436928,24,0,0,3,0,"F",1,112500,543
1437747,24,0,0,3,0,"F",1,137500,544
1437857,24,0,1,3,1,"M",1,62500,545
1437869,24,0,0,2,0,"F",1,187500,546
1437899,24,0,1,5,2,"F",1,137500,547
1438760,24,1,1,5,5,"F",1,137500,548
1438884,24,0,0,4,0,"M",1,87500,549
1439629,24,0,0,4,1,"F",1,7500,550
1439689,24,0,0,2,0,"F",1,112500,551
1439713,24,1,0,4,1,"F",1,62500,552
1440356,24,0,0,1,0,"M",1,250000,553
1441053,24,0,0,3,0,"M",1,30000,554
1441466,24,1,1,5,1,"F",1,250000,555
1442287,24,0,1,4,3,"F",0,187500,556
1442704,24,1,0,3,2,"F",1,87500,557
1443687,24,0,1,4,2,"F",0,87500,558
1443964,24,0,0,7,4,"F",1,250000,559
1444485,24,1,1,3,1,"F",1,112500,560
1445100,24,0,1,3,2,"F",1,87500,561
1446288,24,1,2,6,9,"F",0,62500,562
1447092,24,0,0,1,1,"M",1,42500,563
1447298,24,0,0,3,2,"F",1,62500,564
1448763,24,0,0,2,2,"F",0,62500,565
1448901,24,0,0,2,0,"F",0,62500,566
1449431,24,0,0,2,2,"F",1,137500,567
1450170,24,1,0,6,2,"F",0,62500,568
1450180,24,0,0,4,1,"M",1,62500,569
1450746,24,1,1,4,2,"F",1,7500,570
1450805,24,0,0,2,0,"M",1,225000,571
1450890,24,0,1,4,0,"F",1,225000,572
1451275,24,0,0,1,0,"M",1,62500,573
1451865,24,0,0,2,0,"F",1,225000,574
1452879,24,0,0,5,3,"F",1,137500,575
1454110,24,0,0,3,0,"F",1,62500,576
1454343,24,2,1,4,4,"M",0,30000,577
1454425,24,2,0,3,3,"F",1,112500,578
1454661,24,0,1,3,1,"F",1,87500,579
1455466,24,0,0,4,1,"F",1,87500,580
1455615,24,0,0,1,1,"F",1,7500,581
1455721,24,1,0,1,2,"M",1,87500,582
1455906,24,0,0,4,2,"F",1,250000,583
1456029,24,2,1,2,2,"F",1,42500,584
1456155,24,0,0,3,0,"F",1,250000,585
1456186,24,0,0,2,0,"F",1,20000,586
1456531,24,0,0,4,0,"F",1,187500,587
1456609,24,0,0,2,0,"F",1,62500,588
1456628,24,0,0,5,1,"F",1,250000,589
1456919,24,0,1,3,1,"F",1,30000,590
1457625,24,0,0,2,2,"F",1,112500,591
1457777,24,0,0,6,1,"F",1,62500,592
1457830,24,0,0,1,1,"F",1,112500,593
1457984,24,0,1,4,0,"F",1,112500,594
1458214,24,0,0,4,1,"F",1,225000,595
1460277,24,0,0,3,0,"F",1,62500,596
1460380,24,0,1,5,0,"F",0,42500,597
1460953,24,0,0,4,0,"F",0,250000,598
1461151,24,0,0,2,2,"F",1,87500,599
1461397,24,0,1,3,1,"F",1,137500,600
1462847,24,1,1,3,1,"F",1,162500,601
1462878,24,0,1,3,0,"F",1,7500,602
1463072,24,0,0,3,1,"F",1,87500,603
1464188,24,0,1,1.54166662693024,0,"F",1,137500,604
1464264,24,0,1,4,1,"M",1,112500,605
1464335,24,2,1,6,4,"F",1,187500,606
1464618,24,0,0,3,0,"F",1,112500,607
1465220,24,0,0,5,3,"F",1,137500,608
1466204,24,0,0,2,0,"F",1,87500,609
1466494,24,0,1,3,0,"M",1,20000,610
1466816,24,0,1,3,0,"F",1,137500,611
1466833,24,0,1,4,0,"F",1,87500,612
1466886,24,0,1,4,0,"F",1,137500,613
1466955,24,0,1,4,4,"F",1,250000,614
1467019,24,0,0,2,2,"F",0,137500,615
1467058,24,0,0,5,3,"F",0,20000,616
1467155,24,0,0,3,1,"M",0,62500,617
1467520,24,0,0,3,1,"F",1,250000,618
1467621,24,1,1,4,3,"F",1,62500,619
1468654,24,0,0,3,2,"F",1,87500,620
1468709,24,0,1,1,0,"F",1,30000,621
1468714,24,0,1,3,0,"F",0,112500,622
1468733,24,0,1,5,4,"F",1,62500,623
1468745,24,0,0,4,2,"M",1,62500,624
1469175,24,0,0,8,0,"F",0,87500,625
1469204,24,0,0,3,1,"F",1,112500,626
1469239,24,0,1,3,1,"F",1,112500,627
1469248,24,0,0,3,1,"F",1,112500,628
1469990,24,1,0,4,2,"M",1,187500,629
1470110,24,0,0,4,1,"F",0,62500,630
1470965,24,0,1,3,0,"F",0,62500,631
1471445,24,0,0,5,0,"F",1,162500,632
1471473,24,0,0,3,0,"M",1,62500,633
1471528,24,0,1,3,0,"F",1,112500,634
1471566,24,0,0,4,2,"F",1,30000,635
1471723,24,0,1,3,0,"F",1,187500,636
1471767,24,0,0,3,1,"M",1,87500,637
1471934,24,0,0,2,0,"F",0,112500,638
1472977,24,0,1,4,1,"F",1,87500,639
1474598,24,1,1,4,1,"M",1,87500,640
1475170,24,0,0,3,1,"M",0,87500,641
1477477,24,0,0,1.65277779102325,0,"M",0,112500,642
1478058,24,1,0,3,4,"F",1,87500,643
1478617,24,0,1,2,0,"F",1,225000,644
1479489,24,0,0,4,0,"F",1,62500,645
1480578,24,0,0,4,0,"F",0,62500,646
1481279,24,0,0,5,1,"F",0,162500,647
1481476,24,1,0,6,2,"F",1,7500,648
1482005,24,0,0,2,0,"M",1,62500,649
1482267,24,0,0,3,0,"F",1,225000,650
1482614,24,0,0,2,0,"F",0,87500,651
1482816,24,1,0,4,2,"F",1,62500,652
1483049,24,1,0,4,2,"F",0,20000,653
1484259,24,0,0,4,2,"F",0,7500,654
1484519,24,0,1,3,0,"F",1,42500,655
1484930,24,1,0,4,2,"F",1,162500,656
1486404,24,0,0,1,0,"F",0,42500,657
1487790,24,0,1,5,2,"M",1,187500,658
1488086,24,0,0,3,0,"F",1,112500,659
1489319,24,0,0,2,0,"F",0,42500,660
1490014,24,0,0,2,0,"M",1,62500,661
1491416,24,0,1,3,1,"F",0,112500,662
1491563,24,0,0,1,0,"M",1,162500,663
1492025,24,0,0,3,0,"F",1,62500,664
1492036,24,0,0,3,2,"F",1,87500,665
1493569,24,0,0,1,2,"F",1,112500,666
1498287,24,0,1,3,0,"F",1,162500,667
1498483,24,0,0,3,0,"F",1,62500,668
1498656,24,0,0,3,1,"M",1,137500,669
1501397,24,0,0,3,2,"M",1,112500,670
1501443,24,0,0,2,0,"F",0,7500,671
1501825,24,0,0,4,1,"F",1,225000,672
1501848,24,0,0,1,1,"F",1,112500,673
1501917,24,1,0,3,1,"F",1,137500,674
1502135,24,0,0,4,3,"F",1,87500,675
1502146,24,0,0,3,0,"F",1,62500,676
1502599,24,0,0,4,0,"F",1,187500,677
1504289,24,0,0,4,0,"F",1,137500,678
1507421,24,0,0,2,1,"F",0,20000,679
1509331,24,2,0,3,2,"M",1,62500,680
1509782,24,0,0,2,1,"F",1,62500,681
1509874,24,0,1,2,0,"F",1,42500,682
1511973,24,0,0,2,0,"M",0,7500,683
1512249,24,0,0,2,0,"F",1,187500,684
1512656,24,0,1,5,1,"F",1,187500,685
1513530,24,0,0,4,2,"F",1,62500,686
1513806,24,0,0,2,1,"F",1,62500,687
1514087,24,0,1,2,0,"F",0,112500,688
1514098,24,0,0,4,0,"F",1,187500,689
1514327,24,0,0,4,0,"F",0,87500,690
1514351,24,0,0,3,0,"M",1,187500,691
1514819,24,1,0,3,1,"F",1,30000,692
1516894,24,0,0,5,4,"M",1,250000,693
1518132,24,0,0,3,0,"F",0,62500,694
1518564,24,0,0,2,0,"F",1,112500,695
1519598,24,0,1,4,0,"F",1,187500,696
1520012,24,0,0,3,0,"F",1,187500,697
1520720,24,0,1,5,0,"F",1,62500,698
1522154,24,2,0,3,3,"F",1,137500,699
1522471,24,0,0,6,4,"M",1,162500,700
1523997,24,1,0,3,2,"F",1,225000,701
1524038,24,0,0,3,1,"F",1,250000,702
1524967,24,2,0,1,2,"F",1,250000,703
1525049,24,0,1,4,1,"F",1,187500,704
1525556,24,1,1,3,2,"M",1,162500,705
1526044,24,0,1,1,0,"M",1,87500,706
1526280,24,0,1,4,1,"M",1,20000,707
1526638,24,1,0,3,1,"F",1,225000,708
1527800,24,1,1,1,2,"F",1,137500,709
1527932,24,1,1,3,1,"F",1,187500,710
1527966,24,0,0,4,1,"F",1,250000,711
1528038,24,0,0,6,3,"M",1,225000,712
1528103,24,1,1,4,3,"F",1,225000,713
1528515,24,0,0,1,0,"F",0,225000,714
1529646,24,1,1,4,3,"F",1,225000,715
1530199,24,0,0,3.60824751853943,2,"M",1,62500,716
1530200,24,0,0,5,2,"F",1,137500,717
1530561,24,0,0,3,1,"F",1,42500,718
1530887,24,2,0,5,2,"F",1,87500,719
1531800,24,0,0,2,1,"F",0,62500,720
1531915,24,0,0,3,0,"F",1,250000,721
1531924,24,0,0,5,1,"F",0,225000,722
1531984,24,0,1,3,2,"F",0,42500,723
1532052,24,1,0,6,4,"M",1,87500,724
1532113,24,0,1,4,2,"F",1,87500,725
1532334,24,0,0,5,2,"F",1,225000,726
1532420,24,0,0,2,0,"F",1,30000,727
1532431,24,0,0,2,2,"F",0,20000,728
1532738,24,0,0,7,2,"F",1,225000,729
1532841,24,0,1,3,2,"F",1,42500,730
1533843,24,0,0,4,1,"F",1,42500,731
1533874,24,0,0,3,0,"F",1,137500,732
1533971,24,0,0,4,0,"F",1,137500,733
1534792,24,0,0,4,1,"F",1,187500,734
1535057,24,0,0,3,1,"F",1,137500,735
1535333,24,0,1,4,2,"M",1,87500,736
1535547,24,0,0,4,0,"F",1,187500,737
1535701,24,0,0,3,2,"M",1,62500,738
1535732,24,0,0,3,0,"F",1,187500,739
1535755,24,0,0,2,1,"F",1,112500,740
1536000,24,0,0,3,0,"F",1,187500,741
1536405,24,0,0,3,3,"F",1,62500,742
1536527,24,0,0,2,2,"F",1,225000,743
1536579,24,0,1,2,1,"F",1,187500,744
1537347,24,1,0,3,1,"F",1,225000,745
1537995,24,0,0,1.37096774578094,0,"F",0,62500,746
1538175,24,0,0,4,0,"F",1,250000,747
1538662,24,0,1,3,0,"F",1,112500,748
1538919,24,1,0,2,2,"F",1,250000,749
1539494,24,0,1,4,1,"F",1,250000,750
1539570,24,0,0,3,0,"F",1,87500,751
1540059,24,0,1,5,3,"M",1,87500,752
1540194,24,0,0,1.70422530174255,1,"F",1,187500,753
1540364,24,0,0,4,0,"F",1,7500,754
1540829,24,0,0,4,0,"F",1,187500,755
1540910,24,2,1,4,4,"F",1,137500,756
1540936,24,1,0,3,3,"F",1,62500,757
1541156,24,0,0,3,0,"F",1,7500,758
1541593,24,0,0,4,0,"F",1,250000,759
1541662,24,0,1,5,2,"F",1,112500,760
1541734,24,0,1,4,3,"F",1,137500,761
1541834,24,0,0,1,0,"F",1,250000,762
1541894,24,0,0,2,1,"F",0,42500,763
1542247,24,0,0,4,1,"F",1,225000,764
1542523,24,0,0,5,3,"F",1,187500,765
1542740,24,0,1,4,0,"F",0,30000,766
1543012,24,0,1,4,0,"M",1,112500,767
1543181,24,0,0,4.73863649368286,3,"M",1,250000,768
1543552,24,0,1,4,1,"F",0,112500,769
1543563,24,0,1,3,0,"F",1,250000,770
1543633,24,0,1,3,1,"F",1,112500,771
1544590,24,1,0,4,3,"F",0,187500,772
1544693,24,0,0,4,0,"F",1,250000,773
1545273,24,0,0,3,2,"F",0,137500,774
1545322,24,0,0,4,1,"M",1,250000,775
1546709,24,0,1,4,1,"F",1,250000,776
1546922,24,0,0,4,2,"M",1,137500,777
1546932,24,0,0,3,0,"F",0,112500,778
1546959,24,0,1,4,3,"F",1,187500,779
1546989,24,0,0,5,0,"M",1,225000,780
1547464,24,0,0,3,0,"F",1,87500,781
1547476,24,0,0,2,0,"F",0,225000,782
1547622,24,0,1,3,0,"F",1,187500,783
1547752,24,0,0,3,1,"F",1,112500,784
1547850,24,0,1,3,2,"F",1,20000,785
1548040,24,0,0,2,0,"F",0,112500,786
1548129,24,0,0,2,0,"F",1,112500,787
1548209,24,0,0,3,0,"F",1,20000,788
1548503,24,1,0,4,2,"F",1,62500,789
1548540,24,0,0,2,0,"F",1,87500,790
1548673,24,2,1,4,2,"F",1,112500,791
1549599,24,0,0,2,1,"M",1,187500,792
1550040,24,1,0,3,3,"M",1,20000,793
1550161,24,1,1,3,2,"F",1,62500,794
1550456,24,0,0,4,0,"F",1,225000,795
1550894,24,0,0,2,1,"F",1,87500,796
1551030,24,0,0,3,0,"F",1,225000,797
1551330,24,0,0,1,0,"M",1,87500,798
1551510,24,0,0,2,1,"F",1,162500,799
1551891,24,0,0,4,1,"F",1,187500,800
1552409,24,0,0,3,1,"M",1,137500,801
1552458,24,0,1,6,2,"F",1,62500,802
1552507,24,1,0,2,1,"F",1,137500,803
1552803,24,1,0,6,2,"F",1,225000,804
1552831,24,1,0,2,2,"M",1,112500,805
1553098,24,0,1,3,0,"F",1,87500,806
1553185,24,0,0,3,0,"F",1,187500,807
1553615,24,0,0,3,0,"F",1,187500,808
1553840,24,4,1,4,4,"M",1,20000,809
1553857,24,1,1,2,2,"M",1,87500,810
1553951,24,0,0,4,0,"F",1,225000,811
1554033,24,0,0,4,1,"F",1,62500,812
1554034,24,0,0,3,0,"F",1,162500,813
1554062,24,0,0,2,0,"F",1,87500,814
1554533,24,0,0,4,1,"F",1,62500,815
1554853,24,0,0,1,0,"M",1,42500,816
1554983,24,1,0,2,1,"M",1,87500,817
1555310,24,0,0,4,1,"F",1,187500,818
1555529,24,1,0,4,1,"M",1,225000,819
1555776,24,1,0,5,2,"F",1,20000,820
1555876,24,0,0,4,1,"F",0,112500,821
1556592,24,0,0,4,1,"F",1,62500,822
1556634,24,1,0,3,1,"M",0,87500,823
1556652,24,0,1,4,1,"F",1,42500,824
1557407,24,0,0,3,1,"F",1,162500,825
1557751,24,0,0,4,2,"F",1,162500,826
1558181,24,0,0,3,0,"F",0,62500,827
1558593,24,0,0,4,1,"F",1,137500,828
1559861,24,0,0,3,0,"F",0,20000,829
1560624,24,0,0,3,1,"F",1,62500,830
1561366,24,0,0,4,0,"F",1,62500,831
1561573,24,0,1,1,3,"F",1,137500,832
1563321,24,0,0,4,2,"F",1,187500,833
1563505,24,0,0,4,1,"M",0,62500,834
1563807,24,0,1,5,2,"F",0,112500,835
1564353,24,2,0,3,2,"F",1,137500,836
1564381,24,0,0,2,0,"F",1,42500,837
1564432,24,1,0,4,3,"F",1,20000,838
1564440,24,0,0,4,1,"F",1,62500,839
1564588,24,0,0,1,3,"F",1,162500,840
1565437,24,0,1,4,0,"F",1,87500,841
1565459,24,0,1,3,1,"F",1,162500,842
1565552,24,0,0,3,1,"F",1,187500,843
1565565,24,0,0,3,0,"M",0,112500,844
1565621,24,0,0,3,0,"F",1,42500,845
1566766,24,0,0,3,0,"F",1,62500,846
1566910,24,0,0,3,2,"M",0,42500,847
1567216,24,0,0,2,0,"F",1,112500,848
1567225,24,0,0,3,0,"F",1,42500,849
1567585,24,0,1,4,0,"M",0,87500,850
1568736,24,1,0,3,1,"F",1,137500,851
1569143,24,0,0,4,2,"F",1,87500,852
1569250,24,0,0,3,0,"M",0,7500,853
1570352,24,0,0,3,0,"F",1,62500,854
1570791,24,0,0,3,0,"F",1,112500,855
1571168,24,0,0,3,1,"F",1,42500,856
1571704,24,0,1,5,2,"F",1,42500,857
1572013,24,0,0,3,0,"F",1,87500,858
1572475,24,0,1,4,1,"F",1,87500,859
1572791,24,0,0,2,1,"F",0,137500,860
1572826,24,0,0,2,1,"F",1,87500,861
1572876,24,0,0,2,0,"M",0,20000,862
1573368,24,0,0,2,0,"M",0,62500,863
1573406,24,1,0,1,1,"F",1,87500,864
1573782,24,0,0,4,2,"F",1,112500,865
1573961,24,0,1,5,4,"M",1,62500,866
1574217,24,0,0,3,0,"M",1,187500,867
1574944,24,0,0,2,2,"F",1,87500,868
1575622,24,0,0,4,1,"F",1,137500,869
1575638,24,0,0,3,0,"F",1,87500,870
1575664,24,0,0,4,0,"F",0,20000,871
1576304,24,0,0,4,1,"M",1,250000,872
1576669,24,1,1,5,5,"F",1,112500,873
1576876,24,0,1,3,0,"F",1,137500,874
1576998,24,0,0,2,0,"F",1,250000,875
1577505,24,0,0,2,0,"M",0,20000,876
1577931,24,1,1,4,1,"F",0,112500,877
1580292,24,1,0,2,2,"F",1,250000,878
1580324,24,1,0,3,2,"M",1,87500,879
1580380,24,1,1,4,2,"F",1,187500,880
1580422,24,0,0,1.49230766296387,0,"M",1,225000,881
1580699,24,0,0,3,3,"M",1,30000,882
1581113,24,0,0,3,1,"F",0,112500,883
1581720,24,0,0,3,3,"F",1,250000,884
1582050,24,0,0,4,2,"F",1,137500,885
1582294,24,0,0,2,0,"F",1,250000,886
1582445,24,0,0,2,2,"F",1,137500,887
1582970,24,0,0,2,0,"F",1,187500,888
1583212,24,0,0,2,1,"F",1,250000,889
1583903,24,0,1,5,2,"F",1,250000,890
1583918,24,0,1,3,1,"F",0,162500,891
1584353,24,0,0,5,1,"F",0,87500,892
1584557,24,0,1,3,1,"F",1,62500,893
1584736,24,1,1,6,2,"F",0,87500,894
1584822,24,0,0,3,1,"F",1,62500,895
1585152,24,0,0,4,0,"F",1,30000,896
1586387,24,0,1,4,3,"F",1,187500,897
1586988,24,1,0,3,3,"F",1,87500,898
1587401,24,1,1,4,1,"F",1,87500,899
1587615,24,0,1,4,1,"F",1,30000,900
1587812,24,0,0,3.25490188598633,0,"F",1,225000,901
1588035,24,0,0,2,0,"F",1,112500,902
1588596,24,0,1,3,0,"M",1,137500,903
1588827,24,0,0,3,0,"M",1,137500,904
1588865,24,0,1,2,1,"M",1,112500,905
1589682,24,0,0,3,1,"F",1,250000,906
1589774,24,0,0,2,2,"M",1,62500,907
1590492,24,1,0,3,4,"M",1,250000,908
1590674,24,2,0,3,6,"F",1,20000,909
1590711,24,1,0,3,1,"F",1,187500,910
1590921,24,0,1,4,2,"F",1,250000,911
1590969,24,0,0,3,2,"F",0,42500,912
1591056,24,0,0,1,0,"F",1,225000,913
1591165,24,0,0,2,0,"F",1,250000,914
1591251,24,0,0,4,1,"F",0,87500,915
1591366,24,0,0,4,2,"M",1,250000,916
1591670,24,0,0,4,0,"M",1,137500,917
1591722,24,0,0,3,1,"F",0,62500,918
1591917,24,0,0,2,1,"F",1,187500,919
1591990,24,0,0,3,2,"M",0,42500,920
1592216,24,0,0,4,0,"F",1,62500,921
1592278,24,1,0,3,1,"F",1,187500,922
1592293,24,0,1,3,1,"F",1,112500,923
1592707,24,0,1,4,0,"F",1,250000,924
1592744,24,0,0,3,0,"F",0,112500,925
1592908,24,0,0,4,0,"F",1,87500,926
1593038,24,0,1,4,1,"F",1,112500,927
1593301,24,1,1,4,4,"M",1,62500,928
1593487,24,0,1,5,2,"M",1,87500,929
1593651,24,0,0,2,0,"F",1,42500,930
1593813,24,0,1,3,2,"F",0,20000,931
1594152,24,0,0,2,0,"F",1,87500,932
1594307,24,0,1,4,2,"F",0,87500,933
1594407,24,0,0,4,1,"F",1,187500,934
1594775,24,0,1,5,1,"F",1,42500,935
1596452,24,1,1,5,2,"F",1,112500,936
1596829,24,0,0,4,0,"M",1,112500,937
1597491,24,2,0,3,2,"F",1,42500,938
1598463,24,1,1,5,2,"F",1,62500,939
1598633,24,0,1,4,2,"F",1,112500,940
1598919,24,0,0,2,1,"F",0,62500,941
1599722,24,0,0,5,0,"M",1,42500,942
1599748,24,1,0,4,2,"F",0,7500,943
1601262,24,0,0,3,1,"F",1,62500,944
1601710,24,0,0,2,1,"F",1,87500,945
1601726,24,0,0,5,1,"F",1,87500,946
1602013,24,0,1,2,2,"F",0,42500,947
1602093,24,0,1,1,0,"M",1,42500,948
1602541,24,0,0,3,1,"M",1,112500,949
1603217,24,0,1,5,2,"F",1,62500,950
1603225,24,0,1,3,1,"F",0,225000,951
1603429,24,0,1,4,2,"F",1,62500,952
1604015,24,0,1,2,0,"F",1,62500,953
1604126,24,0,0,3,0,"F",1,112500,954
1604128,24,0,0,3,0,"F",0,187500,955
1604268,24,0,0,2.06578946113586,0,"F",1,62500,956
1604528,24,1,0,3,3,"F",1,112500,957
1605044,24,1,0,5,1,"F",1,225000,958
1605048,24,0,0,3,0,"F",1,187500,959
1605961,24,0,0,3,1,"F",0,112500,960
1608086,24,1,0,3,1,"F",0,112500,961
1608536,24,3,1,3,5,"M",1,87500,962
1608611,24,0,0,3,2,"F",1,62500,963
1608612,24,0,0,6,0,"F",0,20000,964
1608644,24,0,1,3,0,"F",0,250000,965
1609138,24,0,0,1,3,"F",1,112500,966
1609335,24,0,0,4,2,"F",1,87500,967
1609688,24,0,0,4,1,"F",0,42500,968
1609694,24,0,1,3,1,"M",1,42500,969
1609742,24,0,0,3,2,"F",1,20000,970
1610234,24,0,0,3,0,"F",1,42500,971
1610404,24,0,1,5,2,"M",0,62500,972
1611512,24,0,0,2,1,"F",1,30000,973
1611563,24,0,0,3,0,"F",1,250000,974
1612208,24,1,1,3,1,"M",1,187500,975
1612444,24,0,0,4,1,"F",1,250000,976
1612702,24,0,1,5,0,"F",1,137500,977
1612863,24,0,0,6,3,"F",0,42500,978
1612987,24,2,1,8,8,"F",0,187500,979
1613295,24,0,0,4,1,"F",1,7500,980
1613630,24,0,0,2,1,"F",1,137500,981
1613669,24,0,1,3,1,"F",1,225000,982
1613754,24,0,0,2,2,"F",1,250000,983
1613787,24,0,0,4,2,"M",1,187500,984
1614408,24,0,1,2,0,"F",1,225000,985
1614896,24,0,0,3,0,"F",0,112500,986
1614950,24,1,0,4,1,"F",1,62500,987
1614982,24,0,0,3,1,"M",0,62500,988
1615046,24,0,0,4,0,"F",0,42500,989
1615126,24,0,0,2,0,"M",1,112500,990
1616126,24,0,0,2,0,"F",1,112500,991
1616413,24,1,0,3,3,"F",1,42500,992
1617245,24,0,0,4,1,"F",0,30000,993
1617490,24,0,0,2,2,"F",1,187500,994
1617675,24,0,1,5,2,"F",0,87500,995
1617709,24,0,0,3,0,"F",1,62500,996
1618855,24,0,1,2,0,"F",0,62500,997
1619223,24,0,0,4,2,"F",1,20000,998
1620927,24,0,0,3,1,"M",0,112500,999
1620942,24,0,0,4,2,"F",1,20000,1000
